edge_uid,graph_id,source_record_id,representative_structure_record_id,migrating_species,start_atom_match_distance_A,start_atom_removed_from_environment,feature_orientation,formula_species_group,oof_predicted_barrier_eV,conformal_80_lower_eV,conformal_80_lower_physical_eV,conformal_80_upper_eV,conformal_80_width_raw_eV,conformal_90_lower_eV,conformal_90_lower_physical_eV,conformal_90_upper_eV,conformal_90_width_raw_eV,ensemble_disagreement_eV,ensemble_disagreement_status,ood_distance_d5,ood_percentile_group_equal,applicability_score,ood_warning_95,ood_warning_99,nearest_training_groups,nearest_training_group_count,query_group_excluded_from_reference,candidate_interval_transfer_status,candidate_edge_interval_coverage_validated,network_interval_interpretation,validation_role,outer_fold_id,fold_selected_model_id,fold_model_uid,fold_pipeline_sha256,validation_id,candidate_features_sha256,prediction_status,full_data_model_used,node_i,node_j,image_shift_a,image_shift_b,image_shift_c,start_frac_coords,end_frac_coords,displacement_frac,displacement_cart,lattice_matrix,hop_distance_A,edge_source,is_labeled,forced_reported_edge,reported_barrier_eV,predicted_barrier_eV,candidate_distance_threshold_A,candidate_threshold_source,structure_ini_hash
edge_04437eaff158e1f5b945ab,pg_031c5cec44aed223b8,em_complete_0150_jid_150,em_complete_0150_jid_150,Li,0.0,1,stored_edge_orientation,Li5Ge12P18O72|Li,1.7269970833333332,1.3513395833333333,1.3513395833333333,2.102654583333333,0.7513149999999997,1.1487685,1.1487685,2.3052256666666664,1.1564571666666663,2.0730396928942536,ENSEMBLE_DISAGREEMENT_NOT_CALIBRATED_INTERVAL,1.656122991654661,0.6951121794871793,0.3048878205128207,0,0,Ca15Mn16P32O112|Ca;Li5Si12P18O72|Li;Ca7V16P16O80|Ca;Ca31Fe16Si32O112|Ca;Li7Ni96O192|Li,5,0,LABEL_CALIBRATED_TRANSFER_REQUIRES_EDGE_EXCHANGEABILITY;NETWORK_VALUES_ARE_SENSITIVITY_ENVELOPES_ONLY,0,SENSITIVITY_ENVELOPE_ONLY,OOF_GROUP_PURGED_PERIODIC_NETWORK,2,ExtraTrees,umodel_8bbe2585e64321c729d7,b439385c030261e41dd7dcbda9745bcd2217ee37d96f19d0c5b93bf4ae24cf40,leave_formula_plus_migrating_species_out,80e699600f7a3c7249b2642d61c8c3fdd7db140d9b9b20cbf8576d0ff18b6b45,OOF_HELD_OUT_FORMULA_SPECIES_GROUP,0,pg_031c5cec44aed223b8_n0000,pg_031c5cec44aed223b8_n0005,-1,0,-1,"[0.0,0.0,0.0]","[0.666666687,0.333333343,0.833333313]","[-0.333333313,0.333333343,-0.16666668699999998]","[-4.19464146006611,2.421777521431546,-3.4557407144669816]","[[8.3892831802,0.0,0.0],[-4.1946415901,7.2653323536,0.0],[0.0,0.0,20.7344417572]]",5.949972035853735,distance_enumeration_from_raw_structure,0,0,{},,6.157373196104342,species_reported_hop_q0.950_n152,b396e10559d1841f7ea96efd6d8a6debdfc84d724b267858f4bc9b622c0f4f86
edge_0e388eab6ef224ea030ca6,pg_031c5cec44aed223b8,em_complete_0150_jid_150,em_complete_0150_jid_150,Li,0.0,1,stored_edge_orientation,Li5Ge12P18O72|Li,0.750691833333333,0.375034333333333,0.375034333333333,1.126349333333333,0.751315,0.17246324999999985,0.17246324999999985,1.3289204166666662,1.1564571666666663,0.40540096500594314,ENSEMBLE_DISAGREEMENT_NOT_CALIBRATED_INTERVAL,1.534233147823439,0.6418269230769231,0.35817307692307687,0,0,Li5Si12P18O72|Li;Li5Ti12P18O72|Li;Ca7V16P16O80|Ca;Na31Fe48P48O192|Na;Mg7V32O72|Mg,5,0,LABEL_CALIBRATED_TRANSFER_REQUIRES_EDGE_EXCHANGEABILITY;NETWORK_VALUES_ARE_SENSITIVITY_ENVELOPES_ONLY,0,SENSITIVITY_ENVELOPE_ONLY,OOF_GROUP_PURGED_PERIODIC_NETWORK,2,ExtraTrees,umodel_8bbe2585e64321c729d7,b439385c030261e41dd7dcbda9745bcd2217ee37d96f19d0c5b93bf4ae24cf40,leave_formula_plus_migrating_species_out,80e699600f7a3c7249b2642d61c8c3fdd7db140d9b9b20cbf8576d0ff18b6b45,OOF_HELD_OUT_FORMULA_SPECIES_GROUP,0,pg_031c5cec44aed223b8_n0001,pg_031c5cec44aed223b8_n0004,0,0,0,"[0.0,0.0,0.5]","[0.666666687,0.333333343,0.333333343]","[0.666666687,0.333333343,-0.166666657]","[4.194641720133889,2.421777521431546,-3.4557400924337296]","[[8.3892831802,0.0,0.0],[-4.1946415901,7.2653323536,0.0],[0.0,0.0,20.7344417572]]",5.949971857921078,distance_enumeration_from_raw_structure,0,0,{},,6.157373196104342,species_reported_hop_q0.950_n152,b396e10559d1841f7ea96efd6d8a6debdfc84d724b267858f4bc9b622c0f4f86
edge_297e6949581b167d9681b6,pg_031c5cec44aed223b8,em_complete_0150_jid_150,em_complete_0150_jid_150,Li,0.0,1,stored_edge_orientation,Li5Ge12P18O72|Li,1.7269970833333332,1.3513395833333333,1.3513395833333333,2.102654583333333,0.7513149999999997,1.1487685,1.1487685,2.3052256666666664,1.1564571666666663,2.0730396928942536,ENSEMBLE_DISAGREEMENT_NOT_CALIBRATED_INTERVAL,1.6561230025131586,0.6951121794871793,0.3048878205128207,0,0,Ca15Mn16P32O112|Ca;Li5Si12P18O72|Li;Ca7V16P16O80|Ca;Ca31Fe16Si32O112|Ca;Li7Ni96O192|Li,5,0,LABEL_CALIBRATED_TRANSFER_REQUIRES_EDGE_EXCHANGEABILITY;NETWORK_VALUES_ARE_SENSITIVITY_ENVELOPES_ONLY,0,SENSITIVITY_ENVELOPE_ONLY,OOF_GROUP_PURGED_PERIODIC_NETWORK,2,ExtraTrees,umodel_8bbe2585e64321c729d7,b439385c030261e41dd7dcbda9745bcd2217ee37d96f19d0c5b93bf4ae24cf40,leave_formula_plus_migrating_species_out,80e699600f7a3c7249b2642d61c8c3fdd7db140d9b9b20cbf8576d0ff18b6b45,OOF_HELD_OUT_FORMULA_SPECIES_GROUP,0,pg_031c5cec44aed223b8_n0003,pg_031c5cec44aed223b8_n0005,-1,0,0,"[0.333333343,0.666666687,0.666666687]","[0.666666687,0.333333343,0.833333313]","[-0.6666666560000001,-0.333333344,0.16666662600000004]","[-4.194641455871469,-2.4217775286968783,3.455739449666036]","[[8.3892831802,0.0,0.0],[-4.1946415901,7.2653323536,0.0],[0.0,0.0,20.7344417572]]",5.949971301258082,distance_enumeration_from_raw_structure,0,0,{},,6.157373196104342,species_reported_hop_q0.950_n152,b396e10559d1841f7ea96efd6d8a6debdfc84d724b267858f4bc9b622c0f4f86
edge_29d5fbf72d9640a700ca9f,pg_031c5cec44aed223b8,em_complete_0150_jid_150,em_complete_0150_jid_150,Li,0.0,1,stored_edge_orientation,Li5Ge12P18O72|Li,1.7648204166666668,1.3891629166666668,1.3891629166666668,2.1404779166666668,0.751315,1.1865918333333336,1.1865918333333336,2.3430489999999997,1.156457166666666,2.1199906210395505,ENSEMBLE_DISAGREEMENT_NOT_CALIBRATED_INTERVAL,1.6889380893392094,0.702323717948718,0.29767628205128205,0,0,Li5Si12P18O72|Li;Ca7V16P16O80|Ca;Li5Ti12P18O72|Li;Ca15Mn16P32O112|Ca;Na31Fe48P48O192|Na,5,0,LABEL_CALIBRATED_TRANSFER_REQUIRES_EDGE_EXCHANGEABILITY;NETWORK_VALUES_ARE_SENSITIVITY_ENVELOPES_ONLY,0,SENSITIVITY_ENVELOPE_ONLY,OOF_GROUP_PURGED_PERIODIC_NETWORK,2,ExtraTrees,umodel_8bbe2585e64321c729d7,b439385c030261e41dd7dcbda9745bcd2217ee37d96f19d0c5b93bf4ae24cf40,leave_formula_plus_migrating_species_out,80e699600f7a3c7249b2642d61c8c3fdd7db140d9b9b20cbf8576d0ff18b6b45,OOF_HELD_OUT_FORMULA_SPECIES_GROUP,0,pg_031c5cec44aed223b8_n0000,pg_031c5cec44aed223b8_n0002,0,0,0,"[0.0,0.0,0.0]","[0.333333343,0.666666687,0.166666672]","[0.333333343,0.666666687,0.166666672]","[-4.1946415230142975e-09,4.843555050128424,3.455740403450356]","[[8.3892831802,0.0,0.0],[-4.1946415901,7.2653323536,0.0],[0.0,0.0,20.7344417572]]",5.9499720385615085,distance_enumeration_from_raw_structure,0,0,{},,6.157373196104342,species_reported_hop_q0.950_n152,b396e10559d1841f7ea96efd6d8a6debdfc84d724b267858f4bc9b622c0f4f86
edge_432faf6762c932ed8860fe,pg_031c5cec44aed223b8,em_complete_0150_jid_150,em_complete_0150_jid_150,Li,0.0,1,stored_edge_orientation,Li5Ge12P18O72|Li,1.7269970833333332,1.3513395833333333,1.3513395833333333,2.102654583333333,0.7513149999999997,1.1487685,1.1487685,2.3052256666666664,1.1564571666666663,2.0730396928942536,ENSEMBLE_DISAGREEMENT_NOT_CALIBRATED_INTERVAL,1.6561229983943409,0.6951121794871793,0.3048878205128207,0,0,Ca15Mn16P32O112|Ca;Li5Si12P18O72|Li;Ca7V16P16O80|Ca;Ca31Fe16Si32O112|Ca;Li7Ni96O192|Li,5,0,LABEL_CALIBRATED_TRANSFER_REQUIRES_EDGE_EXCHANGEABILITY;NETWORK_VALUES_ARE_SENSITIVITY_ENVELOPES_ONLY,0,SENSITIVITY_ENVELOPE_ONLY,OOF_GROUP_PURGED_PERIODIC_NETWORK,2,ExtraTrees,umodel_8bbe2585e64321c729d7,b439385c030261e41dd7dcbda9745bcd2217ee37d96f19d0c5b93bf4ae24cf40,leave_formula_plus_migrating_species_out,80e699600f7a3c7249b2642d61c8c3fdd7db140d9b9b20cbf8576d0ff18b6b45,OOF_HELD_OUT_FORMULA_SPECIES_GROUP,0,pg_031c5cec44aed223b8_n0003,pg_031c5cec44aed223b8_n0005,0,1,0,"[0.333333343,0.666666687,0.666666687]","[0.666666687,0.333333343,0.833333313]","[0.333333344,0.6666666560000001,0.16666662600000004]","[1.3422853051281436e-07,4.843554824903122,3.455739449666036]","[[8.3892831802,0.0,0.0],[-4.1946415901,7.2653323536,0.0],[0.0,0.0,20.7344417572]]",5.949971301260238,distance_enumeration_from_raw_structure,0,0,{},,6.157373196104342,species_reported_hop_q0.950_n152,b396e10559d1841f7ea96efd6d8a6debdfc84d724b267858f4bc9b622c0f4f86
edge_449d8ce9d0564b93f6cc80,pg_031c5cec44aed223b8,em_complete_0150_jid_150,em_complete_0150_jid_150,Li,0.0,1,stored_edge_orientation,Li5Ge12P18O72|Li,1.7648204166666668,1.3891629166666668,1.3891629166666668,2.1404779166666668,0.751315,1.1865918333333336,1.1865918333333336,2.3430489999999997,1.156457166666666,2.1199906210395505,ENSEMBLE_DISAGREEMENT_NOT_CALIBRATED_INTERVAL,1.688938106074714,0.702323717948718,0.29767628205128205,0,0,Li5Si12P18O72|Li;Ca7V16P16O80|Ca;Li5Ti12P18O72|Li;Ca15Mn16P32O112|Ca;Na31Fe48P48O192|Na,5,0,LABEL_CALIBRATED_TRANSFER_REQUIRES_EDGE_EXCHANGEABILITY;NETWORK_VALUES_ARE_SENSITIVITY_ENVELOPES_ONLY,0,SENSITIVITY_ENVELOPE_ONLY,OOF_GROUP_PURGED_PERIODIC_NETWORK,2,ExtraTrees,umodel_8bbe2585e64321c729d7,b439385c030261e41dd7dcbda9745bcd2217ee37d96f19d0c5b93bf4ae24cf40,leave_formula_plus_migrating_species_out,80e699600f7a3c7249b2642d61c8c3fdd7db140d9b9b20cbf8576d0ff18b6b45,OOF_HELD_OUT_FORMULA_SPECIES_GROUP,0,pg_031c5cec44aed223b8_n0000,pg_031c5cec44aed223b8_n0002,-1,-1,0,"[0.0,0.0,0.0]","[0.333333343,0.666666687,0.166666672]","[-0.6666666569999999,-0.333333313,0.166666672]","[-4.194641594294641,-2.4217773034715755,3.455740403450356]","[[8.3892831802,0.0,0.0],[-4.1946415901,7.2653323536,0.0],[0.0,0.0,20.7344417572]]",5.949971861129762,distance_enumeration_from_raw_structure,0,0,{},,6.157373196104342,species_reported_hop_q0.950_n152,b396e10559d1841f7ea96efd6d8a6debdfc84d724b267858f4bc9b622c0f4f86
edge_4abb3d268884daaf7cad0e,pg_031c5cec44aed223b8,em_complete_0150_jid_150,em_complete_0150_jid_150,Li,0.0,1,stored_edge_orientation,Li5Ge12P18O72|Li,1.7648204166666668,1.3891629166666668,1.3891629166666668,2.1404779166666668,0.751315,1.1865918333333336,1.1865918333333336,2.3430489999999997,1.156457166666666,2.1199906210395505,ENSEMBLE_DISAGREEMENT_NOT_CALIBRATED_INTERVAL,1.6889380768470175,0.702323717948718,0.29767628205128205,0,0,Li5Si12P18O72|Li;Ca7V16P16O80|Ca;Li5Ti12P18O72|Li;Ca15Mn16P32O112|Ca;Na31Fe48P48O192|Na,5,0,LABEL_CALIBRATED_TRANSFER_REQUIRES_EDGE_EXCHANGEABILITY;NETWORK_VALUES_ARE_SENSITIVITY_ENVELOPES_ONLY,0,SENSITIVITY_ENVELOPE_ONLY,OOF_GROUP_PURGED_PERIODIC_NETWORK,2,ExtraTrees,umodel_8bbe2585e64321c729d7,b439385c030261e41dd7dcbda9745bcd2217ee37d96f19d0c5b93bf4ae24cf40,leave_formula_plus_migrating_species_out,80e699600f7a3c7249b2642d61c8c3fdd7db140d9b9b20cbf8576d0ff18b6b45,OOF_HELD_OUT_FORMULA_SPECIES_GROUP,0,pg_031c5cec44aed223b8_n0000,pg_031c5cec44aed223b8_n0002,0,-1,0,"[0.0,0.0,0.0]","[0.333333343,0.666666687,0.166666672]","[0.333333343,-0.333333313,0.166666672]","[4.194641585905359,-2.4217773034715755,3.455740403450356]","[[8.3892831802,0.0,0.0],[-4.1946415901,7.2653323536,0.0],[0.0,0.0,20.7344417572]]",5.949971855215443,distance_enumeration_from_raw_structure,0,0,{},,6.157373196104342,species_reported_hop_q0.950_n152,b396e10559d1841f7ea96efd6d8a6debdfc84d724b267858f4bc9b622c0f4f86
edge_68ed2dd3c130cbcb5ea525,pg_031c5cec44aed223b8,em_complete_0150_jid_150,em_complete_0150_jid_150,Li,0.0,1,stored_edge_orientation,Li5Ge12P18O72|Li,1.7239970833333333,1.3483395833333334,1.3483395833333334,2.0996545833333333,0.751315,1.1457685000000002,1.1457685000000002,2.3022256666666667,1.1564571666666665,2.0739591487816487,ENSEMBLE_DISAGREEMENT_NOT_CALIBRATED_INTERVAL,1.6553423362017454,0.6951121794871793,0.3048878205128207,0,0,Ca15Mn16P32O112|Ca;Li5Si12P18O72|Li;Ca7V16P16O80|Ca;Li7Ni96O192|Li;Ca31Fe16Si32O112|Ca,5,0,LABEL_CALIBRATED_TRANSFER_REQUIRES_EDGE_EXCHANGEABILITY;NETWORK_VALUES_ARE_SENSITIVITY_ENVELOPES_ONLY,0,SENSITIVITY_ENVELOPE_ONLY,OOF_GROUP_PURGED_PERIODIC_NETWORK,2,ExtraTrees,umodel_8bbe2585e64321c729d7,b439385c030261e41dd7dcbda9745bcd2217ee37d96f19d0c5b93bf4ae24cf40,leave_formula_plus_migrating_species_out,80e699600f7a3c7249b2642d61c8c3fdd7db140d9b9b20cbf8576d0ff18b6b45,OOF_HELD_OUT_FORMULA_SPECIES_GROUP,0,pg_031c5cec44aed223b8_n0001,pg_031c5cec44aed223b8_n0003,0,0,0,"[0.0,0.0,0.5]","[0.333333343,0.666666687,0.666666687]","[0.333333343,0.666666687,0.16666668699999998]","[-4.1946415230142975e-09,4.843555050128424,3.4557407144669816]","[[8.3892831802,0.0,0.0],[-4.1946415901,7.2653323536,0.0],[0.0,0.0,20.7344417572]]",5.949972219199794,distance_enumeration_from_raw_structure,0,0,{},,6.157373196104342,species_reported_hop_q0.950_n152,b396e10559d1841f7ea96efd6d8a6debdfc84d724b267858f4bc9b622c0f4f86
edge_72dbf0a28951734f457a4c,pg_031c5cec44aed223b8,em_complete_0150_jid_150,em_complete_0150_jid_150,Li,0.0,1,stored_edge_orientation,Li5Ge12P18O72|Li,0.750691833333333,0.375034333333333,0.375034333333333,1.126349333333333,0.751315,0.17246324999999985,0.17246324999999985,1.3289204166666662,1.1564571666666663,0.40540096500594314,ENSEMBLE_DISAGREEMENT_NOT_CALIBRATED_INTERVAL,1.5342331565825629,0.6418269230769231,0.35817307692307687,0,0,Li5Si12P18O72|Li;Li5Ti12P18O72|Li;Ca7V16P16O80|Ca;Na31Fe48P48O192|Na;Mg7V32O72|Mg,5,0,LABEL_CALIBRATED_TRANSFER_REQUIRES_EDGE_EXCHANGEABILITY;NETWORK_VALUES_ARE_SENSITIVITY_ENVELOPES_ONLY,0,SENSITIVITY_ENVELOPE_ONLY,OOF_GROUP_PURGED_PERIODIC_NETWORK,2,ExtraTrees,umodel_8bbe2585e64321c729d7,b439385c030261e41dd7dcbda9745bcd2217ee37d96f19d0c5b93bf4ae24cf40,leave_formula_plus_migrating_species_out,80e699600f7a3c7249b2642d61c8c3fdd7db140d9b9b20cbf8576d0ff18b6b45,OOF_HELD_OUT_FORMULA_SPECIES_GROUP,0,pg_031c5cec44aed223b8_n0001,pg_031c5cec44aed223b8_n0004,-1,0,0,"[0.0,0.0,0.5]","[0.666666687,0.333333343,0.333333343]","[-0.333333313,0.333333343,-0.166666657]","[-4.19464146006611,2.421777521431546,-3.4557400924337296]","[[8.3892831802,0.0,0.0],[-4.1946415901,7.2653323536,0.0],[0.0,0.0,20.7344417572]]",5.949971674577162,distance_enumeration_from_raw_structure,0,0,{},,6.157373196104342,species_reported_hop_q0.950_n152,b396e10559d1841f7ea96efd6d8a6debdfc84d724b267858f4bc9b622c0f4f86
edge_7c5b552f20001e1ba1b1c1,pg_031c5cec44aed223b8,em_complete_0150_jid_150,em_complete_0150_jid_150,Li,0.0,1,stored_edge_orientation,Li5Ge12P18O72|Li,1.7239970833333333,1.3483395833333334,1.3483395833333334,2.0996545833333333,0.751315,1.1457685000000002,1.1457685000000002,2.3022256666666667,1.1564571666666665,2.0739591487816487,ENSEMBLE_DISAGREEMENT_NOT_CALIBRATED_INTERVAL,1.655342359337551,0.6951121794871793,0.3048878205128207,0,0,Ca15Mn16P32O112|Ca;Li5Si12P18O72|Li;Ca7V16P16O80|Ca;Li7Ni96O192|Li;Ca31Fe16Si32O112|Ca,5,0,LABEL_CALIBRATED_TRANSFER_REQUIRES_EDGE_EXCHANGEABILITY;NETWORK_VALUES_ARE_SENSITIVITY_ENVELOPES_ONLY,0,SENSITIVITY_ENVELOPE_ONLY,OOF_GROUP_PURGED_PERIODIC_NETWORK,2,ExtraTrees,umodel_8bbe2585e64321c729d7,b439385c030261e41dd7dcbda9745bcd2217ee37d96f19d0c5b93bf4ae24cf40,leave_formula_plus_migrating_species_out,80e699600f7a3c7249b2642d61c8c3fdd7db140d9b9b20cbf8576d0ff18b6b45,OOF_HELD_OUT_FORMULA_SPECIES_GROUP,0,pg_031c5cec44aed223b8_n0001,pg_031c5cec44aed223b8_n0003,0,-1,0,"[0.0,0.0,0.5]","[0.333333343,0.666666687,0.666666687]","[0.333333343,-0.333333313,0.16666668699999998]","[4.194641585905359,-2.4217773034715755,3.4557407144669816]","[[8.3892831802,0.0,0.0],[-4.1946415901,7.2653323536,0.0],[0.0,0.0,20.7344417572]]",5.949972035853736,distance_enumeration_from_raw_structure,0,0,{},,6.157373196104342,species_reported_hop_q0.950_n152,b396e10559d1841f7ea96efd6d8a6debdfc84d724b267858f4bc9b622c0f4f86
edge_928d30a7d8f05cfd1ab8ff,pg_031c5cec44aed223b8,em_complete_0150_jid_150,em_complete_0150_jid_150,Li,0.0,1,stored_edge_orientation,Li5Ge12P18O72|Li,0.7480779166666663,0.37242041666666637,0.37242041666666637,1.1237354166666664,0.7513150000000001,0.16984933333333319,0.16984933333333319,1.3263064999999994,1.1564571666666663,0.4077911605593994,ENSEMBLE_DISAGREEMENT_NOT_CALIBRATED_INTERVAL,1.4752059511663769,0.6233974358974359,0.3766025641025641,0,0,Li5Si12P18O72|Li;Li5Ti12P18O72|Li;Ca7V16P16O80|Ca;Mg7V32O72|Mg;Ca7V32O72|Ca,5,0,LABEL_CALIBRATED_TRANSFER_REQUIRES_EDGE_EXCHANGEABILITY;NETWORK_VALUES_ARE_SENSITIVITY_ENVELOPES_ONLY,0,SENSITIVITY_ENVELOPE_ONLY,OOF_GROUP_PURGED_PERIODIC_NETWORK,2,ExtraTrees,umodel_8bbe2585e64321c729d7,b439385c030261e41dd7dcbda9745bcd2217ee37d96f19d0c5b93bf4ae24cf40,leave_formula_plus_migrating_species_out,80e699600f7a3c7249b2642d61c8c3fdd7db140d9b9b20cbf8576d0ff18b6b45,OOF_HELD_OUT_FORMULA_SPECIES_GROUP,0,pg_031c5cec44aed223b8_n0002,pg_031c5cec44aed223b8_n0004,-1,0,0,"[0.333333343,0.666666687,0.166666672]","[0.666666687,0.333333343,0.333333343]","[-0.6666666560000001,-0.333333344,0.16666667100000002]","[-4.194641455871469,-2.4217775286968783,3.4557403827159145]","[[8.3892831802,0.0,0.0],[-4.1946415901,7.2653323536,0.0],[0.0,0.0,20.7344417572]]",5.949971843172891,distance_enumeration_plus_reported_neb,1,0,"{""em_complete_0150_jid_150"":0.53}",,6.157373196104342,species_reported_hop_q0.950_n152,b396e10559d1841f7ea96efd6d8a6debdfc84d724b267858f4bc9b622c0f4f86
edge_a4277d16d009f7c29c2b0f,pg_031c5cec44aed223b8,em_complete_0150_jid_150,em_complete_0150_jid_150,Li,0.0,1,stored_edge_orientation,Li5Ge12P18O72|Li,1.7269970833333332,1.3513395833333333,1.3513395833333333,2.102654583333333,0.7513149999999997,1.1487685,1.1487685,2.3052256666666664,1.1564571666666663,2.0730396928942536,ENSEMBLE_DISAGREEMENT_NOT_CALIBRATED_INTERVAL,1.6561229660937045,0.6951121794871793,0.3048878205128207,0,0,Ca15Mn16P32O112|Ca;Li5Si12P18O72|Li;Ca7V16P16O80|Ca;Ca31Fe16Si32O112|Ca;Li7Ni96O192|Li,5,0,LABEL_CALIBRATED_TRANSFER_REQUIRES_EDGE_EXCHANGEABILITY;NETWORK_VALUES_ARE_SENSITIVITY_ENVELOPES_ONLY,0,SENSITIVITY_ENVELOPE_ONLY,OOF_GROUP_PURGED_PERIODIC_NETWORK,2,ExtraTrees,umodel_8bbe2585e64321c729d7,b439385c030261e41dd7dcbda9745bcd2217ee37d96f19d0c5b93bf4ae24cf40,leave_formula_plus_migrating_species_out,80e699600f7a3c7249b2642d61c8c3fdd7db140d9b9b20cbf8576d0ff18b6b45,OOF_HELD_OUT_FORMULA_SPECIES_GROUP,0,pg_031c5cec44aed223b8_n0000,pg_031c5cec44aed223b8_n0005,-1,-1,-1,"[0.0,0.0,0.0]","[0.666666687,0.333333343,0.833333313]","[-0.333333313,-0.6666666569999999,-0.16666668699999998]","[1.3003388898980006e-07,-4.843554832168453,-3.4557407144669816]","[[8.3892831802,0.0,0.0],[-4.1946415901,7.2653323536,0.0],[0.0,0.0,20.7344417572]]",5.949972041770209,distance_enumeration_from_raw_structure,0,0,{},,6.157373196104342,species_reported_hop_q0.950_n152,b396e10559d1841f7ea96efd6d8a6debdfc84d724b267858f4bc9b622c0f4f86
edge_b6f795fb7f536d188aab73,pg_031c5cec44aed223b8,em_complete_0150_jid_150,em_complete_0150_jid_150,Li,0.0,1,stored_edge_orientation,Li5Ge12P18O72|Li,1.7239970833333333,1.3483395833333334,1.3483395833333334,2.0996545833333333,0.751315,1.1457685000000002,1.1457685000000002,2.3022256666666667,1.1564571666666665,2.0739591487816487,ENSEMBLE_DISAGREEMENT_NOT_CALIBRATED_INTERVAL,1.6553423259509255,0.6951121794871793,0.3048878205128207,0,0,Ca15Mn16P32O112|Ca;Li5Si12P18O72|Li;Ca7V16P16O80|Ca;Li7Ni96O192|Li;Ca31Fe16Si32O112|Ca,5,0,LABEL_CALIBRATED_TRANSFER_REQUIRES_EDGE_EXCHANGEABILITY;NETWORK_VALUES_ARE_SENSITIVITY_ENVELOPES_ONLY,0,SENSITIVITY_ENVELOPE_ONLY,OOF_GROUP_PURGED_PERIODIC_NETWORK,2,ExtraTrees,umodel_8bbe2585e64321c729d7,b439385c030261e41dd7dcbda9745bcd2217ee37d96f19d0c5b93bf4ae24cf40,leave_formula_plus_migrating_species_out,80e699600f7a3c7249b2642d61c8c3fdd7db140d9b9b20cbf8576d0ff18b6b45,OOF_HELD_OUT_FORMULA_SPECIES_GROUP,0,pg_031c5cec44aed223b8_n0001,pg_031c5cec44aed223b8_n0003,-1,-1,0,"[0.0,0.0,0.5]","[0.333333343,0.666666687,0.666666687]","[-0.6666666569999999,-0.333333313,0.16666668699999998]","[-4.194641594294641,-2.4217773034715755,3.4557407144669816]","[[8.3892831802,0.0,0.0],[-4.1946415901,7.2653323536,0.0],[0.0,0.0,20.7344417572]]",5.949972041768054,distance_enumeration_from_raw_structure,0,0,{},,6.157373196104342,species_reported_hop_q0.950_n152,b396e10559d1841f7ea96efd6d8a6debdfc84d724b267858f4bc9b622c0f4f86
edge_ccda5064767fe07024097c,pg_031c5cec44aed223b8,em_complete_0150_jid_150,em_complete_0150_jid_150,Li,0.0,1,stored_edge_orientation,Li5Ge12P18O72|Li,0.7480779166666663,0.37242041666666637,0.37242041666666637,1.1237354166666664,0.7513150000000001,0.16984933333333319,0.16984933333333319,1.3263064999999994,1.1564571666666663,0.4077911605593994,ENSEMBLE_DISAGREEMENT_NOT_CALIBRATED_INTERVAL,1.475205942808788,0.6233974358974359,0.3766025641025641,0,0,Li5Si12P18O72|Li;Li5Ti12P18O72|Li;Ca7V16P16O80|Ca;Mg7V32O72|Mg;Ca7V32O72|Ca,5,0,LABEL_CALIBRATED_TRANSFER_REQUIRES_EDGE_EXCHANGEABILITY;NETWORK_VALUES_ARE_SENSITIVITY_ENVELOPES_ONLY,0,SENSITIVITY_ENVELOPE_ONLY,OOF_GROUP_PURGED_PERIODIC_NETWORK,2,ExtraTrees,umodel_8bbe2585e64321c729d7,b439385c030261e41dd7dcbda9745bcd2217ee37d96f19d0c5b93bf4ae24cf40,leave_formula_plus_migrating_species_out,80e699600f7a3c7249b2642d61c8c3fdd7db140d9b9b20cbf8576d0ff18b6b45,OOF_HELD_OUT_FORMULA_SPECIES_GROUP,0,pg_031c5cec44aed223b8_n0002,pg_031c5cec44aed223b8_n0004,0,0,0,"[0.333333343,0.666666687,0.166666672]","[0.666666687,0.333333343,0.333333343]","[0.333333344,-0.333333344,0.16666667100000002]","[4.19464172432853,-2.4217775286968783,3.4557403827159145]","[[8.3892831802,0.0,0.0],[-4.1946415901,7.2653323536,0.0],[0.0,0.0,20.7344417572]]",5.949972032431121,distance_enumeration_from_raw_structure,0,0,{},,6.157373196104342,species_reported_hop_q0.950_n152,b396e10559d1841f7ea96efd6d8a6debdfc84d724b267858f4bc9b622c0f4f86
edge_ce010e9c06934d63922730,pg_031c5cec44aed223b8,em_complete_0150_jid_150,em_complete_0150_jid_150,Li,0.0,1,stored_edge_orientation,Li5Ge12P18O72|Li,0.7480779166666663,0.37242041666666637,0.37242041666666637,1.1237354166666664,0.7513150000000001,0.16984933333333319,0.16984933333333319,1.3263064999999994,1.1564571666666663,0.4077911605593994,ENSEMBLE_DISAGREEMENT_NOT_CALIBRATED_INTERVAL,1.4752059830976316,0.6233974358974359,0.3766025641025641,0,0,Li5Si12P18O72|Li;Li5Ti12P18O72|Li;Ca7V16P16O80|Ca;Mg7V32O72|Mg;Ca7V32O72|Ca,5,0,LABEL_CALIBRATED_TRANSFER_REQUIRES_EDGE_EXCHANGEABILITY;NETWORK_VALUES_ARE_SENSITIVITY_ENVELOPES_ONLY,0,SENSITIVITY_ENVELOPE_ONLY,OOF_GROUP_PURGED_PERIODIC_NETWORK,2,ExtraTrees,umodel_8bbe2585e64321c729d7,b439385c030261e41dd7dcbda9745bcd2217ee37d96f19d0c5b93bf4ae24cf40,leave_formula_plus_migrating_species_out,80e699600f7a3c7249b2642d61c8c3fdd7db140d9b9b20cbf8576d0ff18b6b45,OOF_HELD_OUT_FORMULA_SPECIES_GROUP,0,pg_031c5cec44aed223b8_n0001,pg_031c5cec44aed223b8_n0004,-1,-1,0,"[0.0,0.0,0.5]","[0.666666687,0.333333343,0.333333343]","[-0.333333313,-0.6666666569999999,-0.166666657]","[1.3003388898980006e-07,-4.843554832168453,-3.4557400924337296]","[[8.3892831802,0.0,0.0],[-4.1946415901,7.2653323536,0.0],[0.0,0.0,20.7344417572]]",5.949971680493637,distance_enumeration_from_raw_structure,0,0,{},,6.157373196104342,species_reported_hop_q0.950_n152,b396e10559d1841f7ea96efd6d8a6debdfc84d724b267858f4bc9b622c0f4f86
edge_d1a254b24372946db6fd77,pg_031c5cec44aed223b8,em_complete_0150_jid_150,em_complete_0150_jid_150,Li,0.0,1,stored_edge_orientation,Li5Ge12P18O72|Li,1.7269970833333332,1.3513395833333333,1.3513395833333333,2.102654583333333,0.7513149999999997,1.1487685,1.1487685,2.3052256666666664,1.1564571666666663,2.0730396928942536,ENSEMBLE_DISAGREEMENT_NOT_CALIBRATED_INTERVAL,1.6561229681287402,0.6951121794871793,0.3048878205128207,0,0,Ca15Mn16P32O112|Ca;Li5Si12P18O72|Li;Ca7V16P16O80|Ca;Ca31Fe16Si32O112|Ca;Li7Ni96O192|Li,5,0,LABEL_CALIBRATED_TRANSFER_REQUIRES_EDGE_EXCHANGEABILITY;NETWORK_VALUES_ARE_SENSITIVITY_ENVELOPES_ONLY,0,SENSITIVITY_ENVELOPE_ONLY,OOF_GROUP_PURGED_PERIODIC_NETWORK,2,ExtraTrees,umodel_8bbe2585e64321c729d7,b439385c030261e41dd7dcbda9745bcd2217ee37d96f19d0c5b93bf4ae24cf40,leave_formula_plus_migrating_species_out,80e699600f7a3c7249b2642d61c8c3fdd7db140d9b9b20cbf8576d0ff18b6b45,OOF_HELD_OUT_FORMULA_SPECIES_GROUP,0,pg_031c5cec44aed223b8_n0003,pg_031c5cec44aed223b8_n0005,0,0,0,"[0.333333343,0.666666687,0.666666687]","[0.666666687,0.333333343,0.833333313]","[0.333333344,-0.333333344,0.16666662600000004]","[4.19464172432853,-2.4217775286968783,3.455739449666036]","[[8.3892831802,0.0,0.0],[-4.1946415901,7.2653323536,0.0],[0.0,0.0,20.7344417572]]",5.949971490516329,distance_enumeration_from_raw_structure,0,0,{},,6.157373196104342,species_reported_hop_q0.950_n152,b396e10559d1841f7ea96efd6d8a6debdfc84d724b267858f4bc9b622c0f4f86
edge_e0d2e5cf0623db00910ef1,pg_031c5cec44aed223b8,em_complete_0150_jid_150,em_complete_0150_jid_150,Li,0.0,1,stored_edge_orientation,Li5Ge12P18O72|Li,1.7269970833333332,1.3513395833333333,1.3513395833333333,2.102654583333333,0.7513149999999997,1.1487685,1.1487685,2.3052256666666664,1.1564571666666663,2.0730396928942536,ENSEMBLE_DISAGREEMENT_NOT_CALIBRATED_INTERVAL,1.6561229750789515,0.6951121794871793,0.3048878205128207,0,0,Ca15Mn16P32O112|Ca;Li5Si12P18O72|Li;Ca7V16P16O80|Ca;Ca31Fe16Si32O112|Ca;Li7Ni96O192|Li,5,0,LABEL_CALIBRATED_TRANSFER_REQUIRES_EDGE_EXCHANGEABILITY;NETWORK_VALUES_ARE_SENSITIVITY_ENVELOPES_ONLY,0,SENSITIVITY_ENVELOPE_ONLY,OOF_GROUP_PURGED_PERIODIC_NETWORK,2,ExtraTrees,umodel_8bbe2585e64321c729d7,b439385c030261e41dd7dcbda9745bcd2217ee37d96f19d0c5b93bf4ae24cf40,leave_formula_plus_migrating_species_out,80e699600f7a3c7249b2642d61c8c3fdd7db140d9b9b20cbf8576d0ff18b6b45,OOF_HELD_OUT_FORMULA_SPECIES_GROUP,0,pg_031c5cec44aed223b8_n0000,pg_031c5cec44aed223b8_n0005,0,0,-1,"[0.0,0.0,0.0]","[0.666666687,0.333333343,0.833333313]","[0.666666687,0.333333343,-0.16666668699999998]","[4.194641720133889,2.421777521431546,-3.4557407144669816]","[[8.3892831802,0.0,0.0],[-4.1946415901,7.2653323536,0.0],[0.0,0.0,20.7344417572]]",5.949972219197639,distance_enumeration_from_raw_structure,0,0,{},,6.157373196104342,species_reported_hop_q0.950_n152,b396e10559d1841f7ea96efd6d8a6debdfc84d724b267858f4bc9b622c0f4f86
edge_f3bc535f02154a7a0a7d02,pg_031c5cec44aed223b8,em_complete_0150_jid_150,em_complete_0150_jid_150,Li,0.0,1,stored_edge_orientation,Li5Ge12P18O72|Li,0.7480779166666663,0.37242041666666637,0.37242041666666637,1.1237354166666664,0.7513150000000001,0.16984933333333319,0.16984933333333319,1.3263064999999994,1.1564571666666663,0.4077911605593994,ENSEMBLE_DISAGREEMENT_NOT_CALIBRATED_INTERVAL,1.4752059590961843,0.6233974358974359,0.3766025641025641,0,0,Li5Si12P18O72|Li;Li5Ti12P18O72|Li;Ca7V16P16O80|Ca;Mg7V32O72|Mg;Ca7V32O72|Ca,5,0,LABEL_CALIBRATED_TRANSFER_REQUIRES_EDGE_EXCHANGEABILITY;NETWORK_VALUES_ARE_SENSITIVITY_ENVELOPES_ONLY,0,SENSITIVITY_ENVELOPE_ONLY,OOF_GROUP_PURGED_PERIODIC_NETWORK,2,ExtraTrees,umodel_8bbe2585e64321c729d7,b439385c030261e41dd7dcbda9745bcd2217ee37d96f19d0c5b93bf4ae24cf40,leave_formula_plus_migrating_species_out,80e699600f7a3c7249b2642d61c8c3fdd7db140d9b9b20cbf8576d0ff18b6b45,OOF_HELD_OUT_FORMULA_SPECIES_GROUP,0,pg_031c5cec44aed223b8_n0002,pg_031c5cec44aed223b8_n0004,0,1,0,"[0.333333343,0.666666687,0.166666672]","[0.666666687,0.333333343,0.333333343]","[0.333333344,0.6666666560000001,0.16666667100000002]","[1.3422853051281436e-07,4.843554824903122,3.4557403827159145]","[[8.3892831802,0.0,0.0],[-4.1946415901,7.2653323536,0.0],[0.0,0.0,20.7344417572]]",5.949971843175047,distance_enumeration_from_raw_structure,0,0,{},,6.157373196104342,species_reported_hop_q0.950_n152,b396e10559d1841f7ea96efd6d8a6debdfc84d724b267858f4bc9b622c0f4f86
edge_0121ebb0051e7ac3386083,pg_4d53e56a2a4cd44745,em_complete_0540_jid_540,em_complete_0540_jid_540,Li,0.0,1,reversed_to_occupied_start,Li5Si12P18O72|Li,0.7124908333333327,0.2813341666666661,0.2813341666666661,1.1436474999999993,0.8623133333333332,-0.21543866666666733,0.0,1.6404203333333327,1.8558590000000001,0.45836307242836727,ENSEMBLE_DISAGREEMENT_NOT_CALIBRATED_INTERVAL,1.578517561398137,0.6802884615384615,0.31971153846153855,0,0,Na5Ti12P18O72|Na;Ca7V16P16O80|Ca;Li5Ge12P18O72|Li;Mg7V32O72|Mg;Na31Fe48P48O192|Na,5,0,LABEL_CALIBRATED_TRANSFER_REQUIRES_EDGE_EXCHANGEABILITY;NETWORK_VALUES_ARE_SENSITIVITY_ENVELOPES_ONLY,0,SENSITIVITY_ENVELOPE_ONLY,OOF_GROUP_PURGED_PERIODIC_NETWORK,4,ExtraTrees,umodel_99d2060a86c0085fe032,c96e604367ed4d096af42298522d81ec6521fe8e1529efcf88c90a7b0583b8fa,leave_formula_plus_migrating_species_out,80e699600f7a3c7249b2642d61c8c3fdd7db140d9b9b20cbf8576d0ff18b6b45,OOF_HELD_OUT_FORMULA_SPECIES_GROUP,0,pg_4d53e56a2a4cd44745_n0001,pg_4d53e56a2a4cd44745_n0005,-1,-1,-1,"[0.3333332420687185,0.6666668219014724,0.1666665253492212]","[0.9999999398258268,0.9999999763425222,0.9999999666353148]","[-0.3333333022428917,-0.6666668455589502,-0.16666655871390643]","[3.4350415575756313e-06,-4.707337129947257,-3.3581895308428216]","[[8.15334788729099,-5.2054121873e-06,5.175820514e-07],[-4.076677939943245,7.061008994521897,-3.8919498172e-06],[1.2716069551e-06,-1.03665474917e-05,20.14916476864409]]",5.782426807150628,distance_enumeration_from_raw_structure,0,0,{},,6.157373196104342,species_reported_hop_q0.950_n152,5657b70f639708d6821f12163ff40dab6ee2facc0b068ff486463d4f2a1a8f0e
edge_08142c28054a6e84833ae0,pg_4d53e56a2a4cd44745,em_complete_0540_jid_540,em_complete_0540_jid_540,Li,0.0,1,stored_edge_orientation,Li5Si12P18O72|Li,1.179904166666666,0.7487474999999995,0.7487474999999995,1.6110608333333327,0.8623133333333333,0.251974666666666,0.251974666666666,2.107833666666666,1.8558590000000001,0.9059072089527924,ENSEMBLE_DISAGREEMENT_NOT_CALIBRATED_INTERVAL,1.750674429856617,0.7135416666666665,0.2864583333333335,0,0,Na31V32P32O160|Na;Li31V32P32O160|Li;Ca7V16P16O80|Ca;Na31Si16Ni16O64|Na;Ca23Cr16Si24O96|Ca,5,0,LABEL_CALIBRATED_TRANSFER_REQUIRES_EDGE_EXCHANGEABILITY;NETWORK_VALUES_ARE_SENSITIVITY_ENVELOPES_ONLY,0,SENSITIVITY_ENVELOPE_ONLY,OOF_GROUP_PURGED_PERIODIC_NETWORK,4,ExtraTrees,umodel_99d2060a86c0085fe032,c96e604367ed4d096af42298522d81ec6521fe8e1529efcf88c90a7b0583b8fa,leave_formula_plus_migrating_species_out,80e699600f7a3c7249b2642d61c8c3fdd7db140d9b9b20cbf8576d0ff18b6b45,OOF_HELD_OUT_FORMULA_SPECIES_GROUP,0,pg_4d53e56a2a4cd44745_n0000,pg_4d53e56a2a4cd44745_n0002,-1,0,0,"[0.333333067174479,0.6666666163240009,0.666666394740389]","[0.6666664912840261,0.3333330113974355,0.8333334449105791]","[-0.6666665758904529,-0.33333360492656544,0.16666705017019012]","[-4.076670552283075,-2.353669840050459,3.358202807646041]","[[8.15334788729099,-5.2054121873e-06,5.175820514e-07],[-4.076677939943245,7.061008994521897,-3.8919498172e-06],[1.2716069551e-06,-1.03665474917e-05,20.14916476864409]]",5.782432931309874,distance_enumeration_from_raw_structure,0,0,{},,6.157373196104342,species_reported_hop_q0.950_n152,5657b70f639708d6821f12163ff40dab6ee2facc0b068ff486463d4f2a1a8f0e
edge_3072cd9c9a4521850974a0,pg_4d53e56a2a4cd44745,em_complete_0540_jid_540,em_complete_0540_jid_540,Li,0.0,1,stored_edge_orientation,Li5Si12P18O72|Li,1.1787774999999996,0.747620833333333,0.747620833333333,1.6099341666666662,0.8623133333333333,0.2508479999999995,0.2508479999999995,2.1067069999999997,1.8558590000000001,0.9059283607434447,ENSEMBLE_DISAGREEMENT_NOT_CALIBRATED_INTERVAL,1.7627318776710676,0.7183493589743589,0.2816506410256411,0,0,Na31V32P32O160|Na;Li31V32P32O160|Li;Ca7V16P16O80|Ca;Li7Ni96O192|Li;Li15Ni16P16O64|Li,5,0,LABEL_CALIBRATED_TRANSFER_REQUIRES_EDGE_EXCHANGEABILITY;NETWORK_VALUES_ARE_SENSITIVITY_ENVELOPES_ONLY,0,SENSITIVITY_ENVELOPE_ONLY,OOF_GROUP_PURGED_PERIODIC_NETWORK,4,ExtraTrees,umodel_99d2060a86c0085fe032,c96e604367ed4d096af42298522d81ec6521fe8e1529efcf88c90a7b0583b8fa,leave_formula_plus_migrating_species_out,80e699600f7a3c7249b2642d61c8c3fdd7db140d9b9b20cbf8576d0ff18b6b45,OOF_HELD_OUT_FORMULA_SPECIES_GROUP,0,pg_4d53e56a2a4cd44745_n0003,pg_4d53e56a2a4cd44745_n0004,0,-1,0,"[0.6666667485945368,0.3333331859627862,0.3333335772784167]","[0.9999999063353968,0.9999998596624948,0.4999999833870561]","[0.33333315774086003,-0.3333333263002914,0.16666640610863936]","[4.076674027340937,-2.3536730780719557,3.3581903479245625]","[[8.15334788729099,-5.2054121873e-06,5.175820514e-07],[-4.076677939943245,7.061008994521897,-3.8919498172e-06],[1.2716069551e-06,-1.03665474917e-05,20.14916476864409]]",5.782429463169489,distance_enumeration_from_raw_structure,0,0,{},,6.157373196104342,species_reported_hop_q0.950_n152,5657b70f639708d6821f12163ff40dab6ee2facc0b068ff486463d4f2a1a8f0e
edge_458982708002b86b28bb48,pg_4d53e56a2a4cd44745,em_complete_0540_jid_540,em_complete_0540_jid_540,Li,0.0,1,reversed_to_occupied_start,Li5Si12P18O72|Li,0.720179166666666,0.2890224999999994,0.2890224999999994,1.1513358333333326,0.8623133333333332,-0.20775033333333404,0.0,1.648108666666666,1.8558590000000001,0.46427845300754944,ENSEMBLE_DISAGREEMENT_NOT_CALIBRATED_INTERVAL,1.5858887838218716,0.6826923076923077,0.3173076923076923,0,0,Ca7V16P16O80|Ca;Na5Ti12P18O72|Na;Li5Ge12P18O72|Li;Na31Fe48P48O192|Na;Na7Mn8P8O32|Na,5,0,LABEL_CALIBRATED_TRANSFER_REQUIRES_EDGE_EXCHANGEABILITY;NETWORK_VALUES_ARE_SENSITIVITY_ENVELOPES_ONLY,0,SENSITIVITY_ENVELOPE_ONLY,OOF_GROUP_PURGED_PERIODIC_NETWORK,4,ExtraTrees,umodel_99d2060a86c0085fe032,c96e604367ed4d096af42298522d81ec6521fe8e1529efcf88c90a7b0583b8fa,leave_formula_plus_migrating_species_out,80e699600f7a3c7249b2642d61c8c3fdd7db140d9b9b20cbf8576d0ff18b6b45,OOF_HELD_OUT_FORMULA_SPECIES_GROUP,0,pg_4d53e56a2a4cd44745_n0001,pg_4d53e56a2a4cd44745_n0005,-1,0,-1,"[0.3333332420687185,0.6666668219014724,0.1666665253492212]","[0.9999999398258268,0.9999999763425222,0.9999999666353148]","[-0.3333333022428917,0.33333315444104983,-0.16666655871390643]","[-4.076674504901688,2.3536718645746397,-3.358193422792639]","[[8.15334788729099,-5.2054121873e-06,5.175820514e-07],[-4.076677939943245,7.061008994521897,-3.8919498172e-06],[1.2716069551e-06,-1.03665474917e-05,20.14916476864409]]",5.782431091668402,distance_enumeration_from_raw_structure,0,0,{},,6.157373196104342,species_reported_hop_q0.950_n152,5657b70f639708d6821f12163ff40dab6ee2facc0b068ff486463d4f2a1a8f0e
edge_5e6ef0ab519c5d94011860,pg_4d53e56a2a4cd44745,em_complete_0540_jid_540,em_complete_0540_jid_540,Li,0.0,1,stored_edge_orientation,Li5Si12P18O72|Li,1.1787774999999996,0.747620833333333,0.747620833333333,1.6099341666666662,0.8623133333333333,0.2508479999999995,0.2508479999999995,2.1067069999999997,1.8558590000000001,0.9059283607434447,ENSEMBLE_DISAGREEMENT_NOT_CALIBRATED_INTERVAL,1.7627307898644164,0.7183493589743589,0.2816506410256411,0,0,Na31V32P32O160|Na;Li31V32P32O160|Li;Ca7V16P16O80|Ca;Li7Ni96O192|Li;Li15Ni16P16O64|Li,5,0,LABEL_CALIBRATED_TRANSFER_REQUIRES_EDGE_EXCHANGEABILITY;NETWORK_VALUES_ARE_SENSITIVITY_ENVELOPES_ONLY,0,SENSITIVITY_ENVELOPE_ONLY,OOF_GROUP_PURGED_PERIODIC_NETWORK,4,ExtraTrees,umodel_99d2060a86c0085fe032,c96e604367ed4d096af42298522d81ec6521fe8e1529efcf88c90a7b0583b8fa,leave_formula_plus_migrating_species_out,80e699600f7a3c7249b2642d61c8c3fdd7db140d9b9b20cbf8576d0ff18b6b45,OOF_HELD_OUT_FORMULA_SPECIES_GROUP,0,pg_4d53e56a2a4cd44745_n0003,pg_4d53e56a2a4cd44745_n0004,0,0,0,"[0.6666667485945368,0.3333331859627862,0.3333335772784167]","[0.9999999063353968,0.9999998596624948,0.4999999833870561]","[0.33333315774086003,0.6666666736997087,0.16666640610863936]","[-3.912602307618793e-06,4.707335916449941,3.3581864559747454]","[[8.15334788729099,-5.2054121873e-06,5.175820514e-07],[-4.076677939943245,7.061008994521897,-3.8919498172e-06],[1.2716069551e-06,-1.03665474917e-05,20.14916476864409]]",5.782424033518049,distance_enumeration_from_raw_structure,0,0,{},,6.157373196104342,species_reported_hop_q0.950_n152,5657b70f639708d6821f12163ff40dab6ee2facc0b068ff486463d4f2a1a8f0e
edge_73081bdde69474a3aaeff0,pg_4d53e56a2a4cd44745,em_complete_0540_jid_540,em_complete_0540_jid_540,Li,0.0,1,stored_edge_orientation,Li5Si12P18O72|Li,1.1958033333333329,0.7646466666666663,0.7646466666666663,1.6269599999999995,0.8623133333333333,0.2678738333333328,0.2678738333333328,2.123732833333333,1.8558590000000001,0.909847200352284,ENSEMBLE_DISAGREEMENT_NOT_CALIBRATED_INTERVAL,1.7517008659024704,0.7135416666666665,0.2864583333333335,0,0,Ca7V16P16O80|Ca;Na5Ti12P18O72|Na;Na31V32P32O160|Na;Na7Mn8P8O32|Na;Li31V32P32O160|Li,5,0,LABEL_CALIBRATED_TRANSFER_REQUIRES_EDGE_EXCHANGEABILITY;NETWORK_VALUES_ARE_SENSITIVITY_ENVELOPES_ONLY,0,SENSITIVITY_ENVELOPE_ONLY,OOF_GROUP_PURGED_PERIODIC_NETWORK,4,ExtraTrees,umodel_99d2060a86c0085fe032,c96e604367ed4d096af42298522d81ec6521fe8e1529efcf88c90a7b0583b8fa,leave_formula_plus_migrating_species_out,80e699600f7a3c7249b2642d61c8c3fdd7db140d9b9b20cbf8576d0ff18b6b45,OOF_HELD_OUT_FORMULA_SPECIES_GROUP,0,pg_4d53e56a2a4cd44745_n0002,pg_4d53e56a2a4cd44745_n0005,0,-1,0,"[0.6666664912840261,0.3333330113974355,0.8333334449105791]","[0.9999999398258268,0.9999999763425222,0.9999999666353148]","[0.3333334485418007,-0.33333303505491324,0.16666652172473562]","[4.076675211028712,-2.353671021588433,3.358192677491353]","[[8.15334788729099,-5.2054121873e-06,5.175820514e-07],[-4.076677939943245,7.061008994521897,-3.8919498172e-06],[1.2716069551e-06,-1.03665474917e-05,20.14916476864409]]",5.782430813527964,distance_enumeration_from_raw_structure,0,0,{},,6.157373196104342,species_reported_hop_q0.950_n152,5657b70f639708d6821f12163ff40dab6ee2facc0b068ff486463d4f2a1a8f0e
edge_796166a7c1edf60ddd5d03,pg_4d53e56a2a4cd44745,em_complete_0540_jid_540,em_complete_0540_jid_540,Li,0.0,1,stored_edge_orientation,Li5Si12P18O72|Li,1.1958033333333329,0.7646466666666663,0.7646466666666663,1.6269599999999995,0.8623133333333333,0.2678738333333328,0.2678738333333328,2.123732833333333,1.8558590000000001,0.909847200352284,ENSEMBLE_DISAGREEMENT_NOT_CALIBRATED_INTERVAL,1.7517014199246623,0.7135416666666665,0.2864583333333335,0,0,Ca7V16P16O80|Ca;Na5Ti12P18O72|Na;Na31V32P32O160|Na;Na7Mn8P8O32|Na;Li31V32P32O160|Li,5,0,LABEL_CALIBRATED_TRANSFER_REQUIRES_EDGE_EXCHANGEABILITY;NETWORK_VALUES_ARE_SENSITIVITY_ENVELOPES_ONLY,0,SENSITIVITY_ENVELOPE_ONLY,OOF_GROUP_PURGED_PERIODIC_NETWORK,4,ExtraTrees,umodel_99d2060a86c0085fe032,c96e604367ed4d096af42298522d81ec6521fe8e1529efcf88c90a7b0583b8fa,leave_formula_plus_migrating_species_out,80e699600f7a3c7249b2642d61c8c3fdd7db140d9b9b20cbf8576d0ff18b6b45,OOF_HELD_OUT_FORMULA_SPECIES_GROUP,0,pg_4d53e56a2a4cd44745_n0002,pg_4d53e56a2a4cd44745_n0005,-1,-1,0,"[0.6666664912840261,0.3333330113974355,0.8333334449105791]","[0.9999999398258268,0.9999999763425222,0.9999999666353148]","[-0.6666665514581993,-0.33333303505491324,0.16666652172473562]","[-4.076672676262278,-2.3536658161762456,3.3581921599093016]","[[8.15334788729099,-5.2054121873e-06,5.175820514e-07],[-4.076677939943245,7.061008994521897,-3.8919498172e-06],[1.2716069551e-06,-1.03665474917e-05,20.14916476864409]]",5.782426607099855,distance_enumeration_from_raw_structure,0,0,{},,6.157373196104342,species_reported_hop_q0.950_n152,5657b70f639708d6821f12163ff40dab6ee2facc0b068ff486463d4f2a1a8f0e
edge_7e0483d3bf25d6795f5514,pg_4d53e56a2a4cd44745,em_complete_0540_jid_540,em_complete_0540_jid_540,Li,0.0,1,stored_edge_orientation,Li5Si12P18O72|Li,1.179904166666666,0.7487474999999995,0.7487474999999995,1.6110608333333327,0.8623133333333333,0.251974666666666,0.251974666666666,2.107833666666666,1.8558590000000001,0.9059072089527924,ENSEMBLE_DISAGREEMENT_NOT_CALIBRATED_INTERVAL,1.7506714638801157,0.7135416666666665,0.2864583333333335,0,0,Na31V32P32O160|Na;Li31V32P32O160|Li;Ca7V16P16O80|Ca;Na31Si16Ni16O64|Na;Ca23Cr16Si24O96|Ca,5,0,LABEL_CALIBRATED_TRANSFER_REQUIRES_EDGE_EXCHANGEABILITY;NETWORK_VALUES_ARE_SENSITIVITY_ENVELOPES_ONLY,0,SENSITIVITY_ENVELOPE_ONLY,OOF_GROUP_PURGED_PERIODIC_NETWORK,4,ExtraTrees,umodel_99d2060a86c0085fe032,c96e604367ed4d096af42298522d81ec6521fe8e1529efcf88c90a7b0583b8fa,leave_formula_plus_migrating_species_out,80e699600f7a3c7249b2642d61c8c3fdd7db140d9b9b20cbf8576d0ff18b6b45,OOF_HELD_OUT_FORMULA_SPECIES_GROUP,0,pg_4d53e56a2a4cd44745_n0000,pg_4d53e56a2a4cd44745_n0004,0,0,0,"[0.333333067174479,0.6666666163240009,0.666666394740389]","[0.9999999063353968,0.9999998596624948,0.4999999833870561]","[0.6666668391609178,0.3333332433384939,-0.16666641135333293]","[4.076674172897691,2.3536672868658406,-3.358189936018385]","[[8.15334788729099,-5.2054121873e-06,5.175820514e-07],[-4.076677939943245,7.061008994521897,-3.8919498172e-06],[1.2716069551e-06,-1.03665474917e-05,20.14916476864409]]",5.782426969327728,distance_enumeration_from_raw_structure,0,0,{},,6.157373196104342,species_reported_hop_q0.950_n152,5657b70f639708d6821f12163ff40dab6ee2facc0b068ff486463d4f2a1a8f0e
edge_8c96e4acd4f948fee3661d,pg_4d53e56a2a4cd44745,em_complete_0540_jid_540,em_complete_0540_jid_540,Li,0.0,1,reversed_to_occupied_start,Li5Si12P18O72|Li,0.720179166666666,0.2890224999999994,0.2890224999999994,1.1513358333333326,0.8623133333333332,-0.20775033333333404,0.0,1.648108666666666,1.8558590000000001,0.46427845300754944,ENSEMBLE_DISAGREEMENT_NOT_CALIBRATED_INTERVAL,1.5858865958956734,0.6826923076923077,0.3173076923076923,0,0,Ca7V16P16O80|Ca;Na5Ti12P18O72|Na;Li5Ge12P18O72|Li;Na31Fe48P48O192|Na;Na7Mn8P8O32|Na,5,0,LABEL_CALIBRATED_TRANSFER_REQUIRES_EDGE_EXCHANGEABILITY;NETWORK_VALUES_ARE_SENSITIVITY_ENVELOPES_ONLY,0,SENSITIVITY_ENVELOPE_ONLY,OOF_GROUP_PURGED_PERIODIC_NETWORK,4,ExtraTrees,umodel_99d2060a86c0085fe032,c96e604367ed4d096af42298522d81ec6521fe8e1529efcf88c90a7b0583b8fa,leave_formula_plus_migrating_species_out,80e699600f7a3c7249b2642d61c8c3fdd7db140d9b9b20cbf8576d0ff18b6b45,OOF_HELD_OUT_FORMULA_SPECIES_GROUP,0,pg_4d53e56a2a4cd44745_n0001,pg_4d53e56a2a4cd44745_n0003,-1,0,0,"[0.3333332420687185,0.6666668219014724,0.1666665253492212]","[0.6666667485945368,0.3333331859627862,0.3333335772784167]","[-0.6666664934741817,-0.3333336359386862,0.16666705192919554]","[-4.0766697538881145,-2.35367005902777,3.3582028430886943]","[[8.15334788729099,-5.2054121873e-06,5.175820514e-07],[-4.076677939943245,7.061008994521897,-3.8919498172e-06],[1.2716069551e-06,-1.03665474917e-05,20.14916476864409]]",5.782432478149568,distance_enumeration_from_raw_structure,0,0,{},,6.157373196104342,species_reported_hop_q0.950_n152,5657b70f639708d6821f12163ff40dab6ee2facc0b068ff486463d4f2a1a8f0e
edge_a2827ed79983ff02b04d1e,pg_4d53e56a2a4cd44745,em_complete_0540_jid_540,em_complete_0540_jid_540,Li,0.0,1,reversed_to_occupied_start,Li5Si12P18O72|Li,0.720179166666666,0.2890224999999994,0.2890224999999994,1.1513358333333326,0.8623133333333332,-0.20775033333333404,0.0,1.648108666666666,1.8558590000000001,0.46427845300754944,ENSEMBLE_DISAGREEMENT_NOT_CALIBRATED_INTERVAL,1.585887529822744,0.6826923076923077,0.3173076923076923,0,0,Ca7V16P16O80|Ca;Na5Ti12P18O72|Na;Li5Ge12P18O72|Li;Na31Fe48P48O192|Na;Na7Mn8P8O32|Na,5,0,LABEL_CALIBRATED_TRANSFER_REQUIRES_EDGE_EXCHANGEABILITY;NETWORK_VALUES_ARE_SENSITIVITY_ENVELOPES_ONLY,0,SENSITIVITY_ENVELOPE_ONLY,OOF_GROUP_PURGED_PERIODIC_NETWORK,4,ExtraTrees,umodel_99d2060a86c0085fe032,c96e604367ed4d096af42298522d81ec6521fe8e1529efcf88c90a7b0583b8fa,leave_formula_plus_migrating_species_out,80e699600f7a3c7249b2642d61c8c3fdd7db140d9b9b20cbf8576d0ff18b6b45,OOF_HELD_OUT_FORMULA_SPECIES_GROUP,0,pg_4d53e56a2a4cd44745_n0001,pg_4d53e56a2a4cd44745_n0003,0,0,0,"[0.3333332420687185,0.6666668219014724,0.1666665253492212]","[0.6666667485945368,0.3333331859627862,0.3333335772784167]","[0.3333335065258183,-0.3333336359386862,0.16666705192919554]","[4.076678133402875,-2.3536752644399574,3.3582033606707458]","[[8.15334788729099,-5.2054121873e-06,5.175820514e-07],[-4.076677939943245,7.061008994521897,-3.8919498172e-06],[1.2716069551e-06,-1.03665474917e-05,20.14916476864409]]",5.782440805180969,distance_enumeration_from_raw_structure,0,0,{},,6.157373196104342,species_reported_hop_q0.950_n152,5657b70f639708d6821f12163ff40dab6ee2facc0b068ff486463d4f2a1a8f0e
edge_af17bc9a33b419833ec18f,pg_4d53e56a2a4cd44745,em_complete_0540_jid_540,em_complete_0540_jid_540,Li,0.0,1,reversed_to_occupied_start,Li5Si12P18O72|Li,0.7124908333333327,0.2813341666666661,0.2813341666666661,1.1436474999999993,0.8623133333333332,-0.21543866666666733,0.0,1.6404203333333327,1.8558590000000001,0.45836307242836727,ENSEMBLE_DISAGREEMENT_NOT_CALIBRATED_INTERVAL,1.5785184536004286,0.6802884615384615,0.31971153846153855,0,0,Na5Ti12P18O72|Na;Ca7V16P16O80|Ca;Li5Ge12P18O72|Li;Mg7V32O72|Mg;Na31Fe48P48O192|Na,5,0,LABEL_CALIBRATED_TRANSFER_REQUIRES_EDGE_EXCHANGEABILITY;NETWORK_VALUES_ARE_SENSITIVITY_ENVELOPES_ONLY,0,SENSITIVITY_ENVELOPE_ONLY,OOF_GROUP_PURGED_PERIODIC_NETWORK,4,ExtraTrees,umodel_99d2060a86c0085fe032,c96e604367ed4d096af42298522d81ec6521fe8e1529efcf88c90a7b0583b8fa,leave_formula_plus_migrating_species_out,80e699600f7a3c7249b2642d61c8c3fdd7db140d9b9b20cbf8576d0ff18b6b45,OOF_HELD_OUT_FORMULA_SPECIES_GROUP,0,pg_4d53e56a2a4cd44745_n0001,pg_4d53e56a2a4cd44745_n0005,0,0,-1,"[0.3333332420687185,0.6666668219014724,0.1666665253492212]","[0.9999999398258268,0.9999999763425222,0.9999999666353148]","[0.6666666977571083,0.33333315444104983,-0.16666655871390643]","[4.076673382389301,2.3536666591624527,-3.3581929052105877]","[[8.15334788729099,-5.2054121873e-06,5.175820514e-07],[-4.076677939943245,7.061008994521897,-3.8919498172e-06],[1.2716069551e-06,-1.03665474917e-05,20.14916476864409]]",5.782427880894071,distance_enumeration_from_raw_structure,0,0,{},,6.157373196104342,species_reported_hop_q0.950_n152,5657b70f639708d6821f12163ff40dab6ee2facc0b068ff486463d4f2a1a8f0e
edge_bdbc0c153859b8c9d36a8c,pg_4d53e56a2a4cd44745,em_complete_0540_jid_540,em_complete_0540_jid_540,Li,0.0,1,stored_edge_orientation,Li5Si12P18O72|Li,1.179904166666666,0.7487474999999995,0.7487474999999995,1.6110608333333327,0.8623133333333333,0.251974666666666,0.251974666666666,2.107833666666666,1.8558590000000001,0.9059072089527924,ENSEMBLE_DISAGREEMENT_NOT_CALIBRATED_INTERVAL,1.7506760245286115,0.7135416666666665,0.2864583333333335,0,0,Na31V32P32O160|Na;Li31V32P32O160|Li;Ca7V16P16O80|Ca;Na31Si16Ni16O64|Na;Ca23Cr16Si24O96|Ca,5,0,LABEL_CALIBRATED_TRANSFER_REQUIRES_EDGE_EXCHANGEABILITY;NETWORK_VALUES_ARE_SENSITIVITY_ENVELOPES_ONLY,0,SENSITIVITY_ENVELOPE_ONLY,OOF_GROUP_PURGED_PERIODIC_NETWORK,4,ExtraTrees,umodel_99d2060a86c0085fe032,c96e604367ed4d096af42298522d81ec6521fe8e1529efcf88c90a7b0583b8fa,leave_formula_plus_migrating_species_out,80e699600f7a3c7249b2642d61c8c3fdd7db140d9b9b20cbf8576d0ff18b6b45,OOF_HELD_OUT_FORMULA_SPECIES_GROUP,0,pg_4d53e56a2a4cd44745_n0000,pg_4d53e56a2a4cd44745_n0002,0,0,0,"[0.333333067174479,0.6666666163240009,0.666666394740389]","[0.6666664912840261,0.3333330113974355,0.8333334449105791]","[0.3333334241095471,-0.33333360492656544,0.16666705017019012]","[4.076677335007913,-2.3536750454626465,3.3582033252280925]","[[8.15334788729099,-5.2054121873e-06,5.175820514e-07],[-4.076677939943245,7.061008994521897,-3.8919498172e-06],[1.2716069551e-06,-1.03665474917e-05,20.14916476864409]]",5.782440132588822,distance_enumeration_from_raw_structure,0,0,{},,6.157373196104342,species_reported_hop_q0.950_n152,5657b70f639708d6821f12163ff40dab6ee2facc0b068ff486463d4f2a1a8f0e
edge_d2870fcf798f861e82aea0,pg_4d53e56a2a4cd44745,em_complete_0540_jid_540,em_complete_0540_jid_540,Li,0.0,1,stored_edge_orientation,Li5Si12P18O72|Li,1.179904166666666,0.7487474999999995,0.7487474999999995,1.6110608333333327,0.8623133333333333,0.251974666666666,0.251974666666666,2.107833666666666,1.8558590000000001,0.9059072089527924,ENSEMBLE_DISAGREEMENT_NOT_CALIBRATED_INTERVAL,1.7506741916373938,0.7135416666666665,0.2864583333333335,0,0,Na31V32P32O160|Na;Li31V32P32O160|Li;Ca7V16P16O80|Ca;Na31Si16Ni16O64|Na;Ca23Cr16Si24O96|Ca,5,0,LABEL_CALIBRATED_TRANSFER_REQUIRES_EDGE_EXCHANGEABILITY;NETWORK_VALUES_ARE_SENSITIVITY_ENVELOPES_ONLY,0,SENSITIVITY_ENVELOPE_ONLY,OOF_GROUP_PURGED_PERIODIC_NETWORK,4,ExtraTrees,umodel_99d2060a86c0085fe032,c96e604367ed4d096af42298522d81ec6521fe8e1529efcf88c90a7b0583b8fa,leave_formula_plus_migrating_species_out,80e699600f7a3c7249b2642d61c8c3fdd7db140d9b9b20cbf8576d0ff18b6b45,OOF_HELD_OUT_FORMULA_SPECIES_GROUP,0,pg_4d53e56a2a4cd44745_n0000,pg_4d53e56a2a4cd44745_n0002,0,1,0,"[0.333333067174479,0.6666666163240009,0.666666394740389]","[0.6666664912840261,0.3333330113974355,0.8333334449105791]","[0.3333334241095471,0.6666663950734346,0.16666705017019012]","[-6.049353316547779e-07,4.707333949059251,3.358199433278275]","[[8.15334788729099,-5.2054121873e-06,5.175820514e-07],[-4.076677939943245,7.061008994521897,-3.8919498172e-06],[1.2716069551e-06,-1.03665474917e-05,20.14916476864409]]",5.782429968589041,distance_enumeration_from_raw_structure,0,0,{},,6.157373196104342,species_reported_hop_q0.950_n152,5657b70f639708d6821f12163ff40dab6ee2facc0b068ff486463d4f2a1a8f0e
edge_d4cf5dfa31e72bec1a6b25,pg_4d53e56a2a4cd44745,em_complete_0540_jid_540,em_complete_0540_jid_540,Li,0.0,1,stored_edge_orientation,Li5Si12P18O72|Li,1.179904166666666,0.7487474999999995,0.7487474999999995,1.6110608333333327,0.8623133333333333,0.251974666666666,0.251974666666666,2.107833666666666,1.8558590000000001,0.9059072089527924,ENSEMBLE_DISAGREEMENT_NOT_CALIBRATED_INTERVAL,1.7506745072562837,0.7135416666666665,0.2864583333333335,0,0,Na31V32P32O160|Na;Li31V32P32O160|Li;Ca7V16P16O80|Ca;Na31Si16Ni16O64|Na;Ca23Cr16Si24O96|Ca,5,0,LABEL_CALIBRATED_TRANSFER_REQUIRES_EDGE_EXCHANGEABILITY;NETWORK_VALUES_ARE_SENSITIVITY_ENVELOPES_ONLY,0,SENSITIVITY_ENVELOPE_ONLY,OOF_GROUP_PURGED_PERIODIC_NETWORK,4,ExtraTrees,umodel_99d2060a86c0085fe032,c96e604367ed4d096af42298522d81ec6521fe8e1529efcf88c90a7b0583b8fa,leave_formula_plus_migrating_species_out,80e699600f7a3c7249b2642d61c8c3fdd7db140d9b9b20cbf8576d0ff18b6b45,OOF_HELD_OUT_FORMULA_SPECIES_GROUP,0,pg_4d53e56a2a4cd44745_n0000,pg_4d53e56a2a4cd44745_n0004,-1,0,0,"[0.333333067174479,0.6666666163240009,0.666666394740389]","[0.9999999063353968,0.9999998596624948,0.4999999833870561]","[-0.3333331608390822,0.3333332433384939,-0.16666641135333293]","[-4.076673714393298,2.353672492278028,-3.3581904536004363]","[[8.15334788729099,-5.2054121873e-06,5.175820514e-07],[-4.076677939943245,7.061008994521897,-3.8919498172e-06],[1.2716069551e-06,-1.03665474917e-05,20.14916476864409]]",5.78242906546934,distance_enumeration_from_raw_structure,0,0,{},,6.157373196104342,species_reported_hop_q0.950_n152,5657b70f639708d6821f12163ff40dab6ee2facc0b068ff486463d4f2a1a8f0e
edge_e1cbb5eed0121429bb628b,pg_4d53e56a2a4cd44745,em_complete_0540_jid_540,em_complete_0540_jid_540,Li,0.0,1,stored_edge_orientation,Li5Si12P18O72|Li,1.1958033333333329,0.7646466666666663,0.7646466666666663,1.6269599999999995,0.8623133333333333,0.2678738333333328,0.2678738333333328,2.123732833333333,1.8558590000000001,0.909847200352284,ENSEMBLE_DISAGREEMENT_NOT_CALIBRATED_INTERVAL,1.7517004421126112,0.7135416666666665,0.2864583333333335,0,0,Ca7V16P16O80|Ca;Na5Ti12P18O72|Na;Na31V32P32O160|Na;Na7Mn8P8O32|Na;Li31V32P32O160|Li,5,0,LABEL_CALIBRATED_TRANSFER_REQUIRES_EDGE_EXCHANGEABILITY;NETWORK_VALUES_ARE_SENSITIVITY_ENVELOPES_ONLY,0,SENSITIVITY_ENVELOPE_ONLY,OOF_GROUP_PURGED_PERIODIC_NETWORK,4,ExtraTrees,umodel_99d2060a86c0085fe032,c96e604367ed4d096af42298522d81ec6521fe8e1529efcf88c90a7b0583b8fa,leave_formula_plus_migrating_species_out,80e699600f7a3c7249b2642d61c8c3fdd7db140d9b9b20cbf8576d0ff18b6b45,OOF_HELD_OUT_FORMULA_SPECIES_GROUP,0,pg_4d53e56a2a4cd44745_n0002,pg_4d53e56a2a4cd44745_n0005,0,0,0,"[0.6666664912840261,0.3333330113974355,0.8333334449105791]","[0.9999999398258268,0.9999999763425222,0.9999999666353148]","[0.3333334485418007,0.6666669649450867,0.16666652172473562]","[-2.7289145331298856e-06,4.7073379729334635,3.358188785541536]","[[8.15334788729099,-5.2054121873e-06,5.175820514e-07],[-4.076677939943245,7.061008994521897,-3.8919498172e-06],[1.2716069551e-06,-1.03665474917e-05,20.14916476864409]]",5.782427060565979,distance_enumeration_from_raw_structure,0,0,{},,6.157373196104342,species_reported_hop_q0.950_n152,5657b70f639708d6821f12163ff40dab6ee2facc0b068ff486463d4f2a1a8f0e
edge_f00c5bb068221c0b8a8979,pg_4d53e56a2a4cd44745,em_complete_0540_jid_540,em_complete_0540_jid_540,Li,0.0,1,stored_edge_orientation,Li5Si12P18O72|Li,1.179904166666666,0.7487474999999995,0.7487474999999995,1.6110608333333327,0.8623133333333333,0.251974666666666,0.251974666666666,2.107833666666666,1.8558590000000001,0.9059072089527924,ENSEMBLE_DISAGREEMENT_NOT_CALIBRATED_INTERVAL,1.750673345109885,0.7135416666666665,0.2864583333333335,0,0,Na31V32P32O160|Na;Li31V32P32O160|Li;Ca7V16P16O80|Ca;Na31Si16Ni16O64|Na;Ca23Cr16Si24O96|Ca,5,0,LABEL_CALIBRATED_TRANSFER_REQUIRES_EDGE_EXCHANGEABILITY;NETWORK_VALUES_ARE_SENSITIVITY_ENVELOPES_ONLY,0,SENSITIVITY_ENVELOPE_ONLY,OOF_GROUP_PURGED_PERIODIC_NETWORK,4,ExtraTrees,umodel_99d2060a86c0085fe032,c96e604367ed4d096af42298522d81ec6521fe8e1529efcf88c90a7b0583b8fa,leave_formula_plus_migrating_species_out,80e699600f7a3c7249b2642d61c8c3fdd7db140d9b9b20cbf8576d0ff18b6b45,OOF_HELD_OUT_FORMULA_SPECIES_GROUP,0,pg_4d53e56a2a4cd44745_n0000,pg_4d53e56a2a4cd44745_n0004,-1,-1,0,"[0.333333067174479,0.6666666163240009,0.666666394740389]","[0.9999999063353968,0.9999998596624948,0.4999999833870561]","[-0.3333331608390822,-0.6666667566615061,-0.16666641135333293]","[4.225549947413217e-06,-4.707336502243869,-3.3581865616506192]","[[8.15334788729099,-5.2054121873e-06,5.175820514e-07],[-4.076677939943245,7.061008994521897,-3.8919498172e-06],[1.2716069551e-06,-1.03665474917e-05,20.14916476864409]]",5.782424571771448,distance_enumeration_from_raw_structure,0,0,{},,6.157373196104342,species_reported_hop_q0.950_n152,5657b70f639708d6821f12163ff40dab6ee2facc0b068ff486463d4f2a1a8f0e
edge_f0f154f236619de8ca4b7e,pg_4d53e56a2a4cd44745,em_complete_0540_jid_540,em_complete_0540_jid_540,Li,0.0,1,stored_edge_orientation,Li5Si12P18O72|Li,1.1787774999999996,0.747620833333333,0.747620833333333,1.6099341666666662,0.8623133333333333,0.2508479999999995,0.2508479999999995,2.1067069999999997,1.8558590000000001,0.9059283607434447,ENSEMBLE_DISAGREEMENT_NOT_CALIBRATED_INTERVAL,1.7627296372544061,0.7183493589743589,0.2816506410256411,0,0,Na31V32P32O160|Na;Li31V32P32O160|Li;Ca7V16P16O80|Ca;Li7Ni96O192|Li;Li15Ni16P16O64|Li,5,0,LABEL_CALIBRATED_TRANSFER_REQUIRES_EDGE_EXCHANGEABILITY;NETWORK_VALUES_ARE_SENSITIVITY_ENVELOPES_ONLY,0,SENSITIVITY_ENVELOPE_ONLY,OOF_GROUP_PURGED_PERIODIC_NETWORK,4,ExtraTrees,umodel_99d2060a86c0085fe032,c96e604367ed4d096af42298522d81ec6521fe8e1529efcf88c90a7b0583b8fa,leave_formula_plus_migrating_species_out,80e699600f7a3c7249b2642d61c8c3fdd7db140d9b9b20cbf8576d0ff18b6b45,OOF_HELD_OUT_FORMULA_SPECIES_GROUP,0,pg_4d53e56a2a4cd44745_n0003,pg_4d53e56a2a4cd44745_n0004,-1,-1,0,"[0.6666667485945368,0.3333331859627862,0.3333335772784167]","[0.9999999063353968,0.9999998596624948,0.4999999833870561]","[-0.66666684225914,-0.3333333263002914,0.16666640610863936]","[-4.076673859950052,-2.3536678726597686,3.3581898303425115]","[[8.15334788729099,-5.2054121873e-06,5.175820514e-07],[-4.076677939943245,7.061008994521897,-3.8919498172e-06],[1.2716069551e-06,-1.03665474917e-05,20.14916476864409]]",5.782426925764534,distance_enumeration_from_raw_structure,0,0,{},,6.157373196104342,species_reported_hop_q0.950_n152,5657b70f639708d6821f12163ff40dab6ee2facc0b068ff486463d4f2a1a8f0e
edge_fd217fbe155e82e36609a5,pg_4d53e56a2a4cd44745,em_complete_0540_jid_540,em_complete_0540_jid_540,Li,0.0,1,reversed_to_occupied_start,Li5Si12P18O72|Li,0.720179166666666,0.2890224999999994,0.2890224999999994,1.1513358333333326,0.8623133333333332,-0.20775033333333404,0.0,1.648108666666666,1.8558590000000001,0.46427845300754944,ENSEMBLE_DISAGREEMENT_NOT_CALIBRATED_INTERVAL,1.5858860628127467,0.6826923076923077,0.3173076923076923,0,0,Ca7V16P16O80|Ca;Na5Ti12P18O72|Na;Li5Ge12P18O72|Li;Na31Fe48P48O192|Na;Na7Mn8P8O32|Na,5,0,LABEL_CALIBRATED_TRANSFER_REQUIRES_EDGE_EXCHANGEABILITY;NETWORK_VALUES_ARE_SENSITIVITY_ENVELOPES_ONLY,0,SENSITIVITY_ENVELOPE_ONLY,OOF_GROUP_PURGED_PERIODIC_NETWORK,4,ExtraTrees,umodel_99d2060a86c0085fe032,c96e604367ed4d096af42298522d81ec6521fe8e1529efcf88c90a7b0583b8fa,leave_formula_plus_migrating_species_out,80e699600f7a3c7249b2642d61c8c3fdd7db140d9b9b20cbf8576d0ff18b6b45,OOF_HELD_OUT_FORMULA_SPECIES_GROUP,0,pg_4d53e56a2a4cd44745_n0001,pg_4d53e56a2a4cd44745_n0003,0,1,0,"[0.3333332420687185,0.6666668219014724,0.1666665253492212]","[0.6666667485945368,0.3333331859627862,0.3333335772784167]","[0.3333335065258183,0.6666663640613137,0.16666705192919554]","[1.934596300600738e-07,4.707333730081939,3.3581994687209282]","[[8.15334788729099,-5.2054121873e-06,5.175820514e-07],[-4.076677939943245,7.061008994521897,-3.8919498172e-06],[1.2716069551e-06,-1.03665474917e-05,20.14916476864409]]",5.782429810908621,distance_enumeration_plus_reported_neb,1,0,"{""em_complete_0540_jid_540"":0.67}",,6.157373196104342,species_reported_hop_q0.950_n152,5657b70f639708d6821f12163ff40dab6ee2facc0b068ff486463d4f2a1a8f0e
edge_c02477b18c8629826b3f1e,pg_771bd35b1c1994bb94,em_complete_0060_jid_60,em_complete_0060_jid_60,Li,0.0,1,reversed_to_occupied_start,Li5Mo12P18O72|Li,0.647361916666666,0.14430358333333193,0.14430358333333193,1.15042025,1.006116666666668,-0.26586391666666764,0.0,1.5605877499999996,1.8264516666666673,0.26529251586366104,ENSEMBLE_DISAGREEMENT_NOT_CALIBRATED_INTERVAL,4.430567440262403,1.0,0.0,1,1,Ca31Mo32O96|Ca;Na5Ti12P18O72|Na;Li5Si12P18O72|Li;Li5Zr12P18O72|Li;Na5Zr12P18O72|Na,5,0,LABEL_CALIBRATED_TRANSFER_REQUIRES_EDGE_EXCHANGEABILITY;NETWORK_VALUES_ARE_SENSITIVITY_ENVELOPES_ONLY,0,SENSITIVITY_ENVELOPE_ONLY,OOF_GROUP_PURGED_PERIODIC_NETWORK,5,ExtraTrees,umodel_611db002f9d0e5efc127,4a7357fec35ff156689bad2bf01876001b99370845b96760eca6c7d0a71f9c51,leave_formula_plus_migrating_species_out,80e699600f7a3c7249b2642d61c8c3fdd7db140d9b9b20cbf8576d0ff18b6b45,OOF_HELD_OUT_FORMULA_SPECIES_GROUP,0,pg_771bd35b1c1994bb94_n0002,pg_771bd35b1c1994bb94_n0003,-1,0,0,"[0.3333329632918849,0.666667115153815,0.166677846400624]","[0.6666669706464508,0.3333330982920617,0.3333228548348455]","[-0.6666659926454341,-0.33333401686175335,0.16664500843422148]","[-4.383950203071876,-2.531083206512408,3.557713678641561]","[[8.767919169346955,-2.6778203409e-06,-7.276165084e-07],[-4.383961902898135,7.593239986948376,7.759203437e-07],[-1.7850290934e-06,1.1648751332e-06,21.349055010005493]]",6.187303790868551,reported_neb_forced_beyond_empirical_cutoff,1,1,"{""em_complete_0060_jid_60"":0.48}",,6.157373196104342,species_reported_hop_q0.950_n152,86005719bbc41fe0af85a3e43df20a91b5f86b328df3a4118d4b8d47be5a4f3a
edge_009ff414a517984343228d,pg_8671acb3ed3d2c0526,em_complete_0420_jid_420,em_complete_0420_jid_420,Na,0.0,1,stored_edge_orientation,Na10Mn2Al2P9O24|Na,1.1840900000000005,0.6611018333333337,0.6611018333333337,1.7070781666666672,1.0459763333333334,0.4439141666666674,0.4439141666666674,1.9242658333333336,1.480351666666666,0.6026993993669002,ENSEMBLE_DISAGREEMENT_NOT_CALIBRATED_INTERVAL,1.7786124602929079,0.7147435897435896,0.28525641025641035,0,0,Ca15Mn16P32O112|Ca;Ca31Mn32O80|Ca;Na31Si16Ni16O64|Na;Na31V32P32O160|Na;Ca31Co32O80|Ca,5,0,LABEL_CALIBRATED_TRANSFER_REQUIRES_EDGE_EXCHANGEABILITY;NETWORK_VALUES_ARE_SENSITIVITY_ENVELOPES_ONLY,0,SENSITIVITY_ENVELOPE_ONLY,OOF_GROUP_PURGED_PERIODIC_NETWORK,3,ExtraTrees,umodel_6a6528a142b33b38f4c0,3395f101552c7bf42574b94fb6ba441ce3d5feef94ad3b5f3edd41d11bc09f8b,leave_formula_plus_migrating_species_out,80e699600f7a3c7249b2642d61c8c3fdd7db140d9b9b20cbf8576d0ff18b6b45,OOF_HELD_OUT_FORMULA_SPECIES_GROUP,0,pg_8671acb3ed3d2c0526_n0004,pg_8671acb3ed3d2c0526_n0007,-1,1,0,"[0.3433799943333332,0.6566200056666668,0.0]","[0.6566200056666669,1e-16,0.3433799943333333]","[-0.6867599886666663,0.3433799943333332,0.3433799943333333]","[6.661338147750939e-16,5.26771509885406,-1.7763568394002505e-15]","[[1e-16,-5.113591536864036,-7.095500310266666],[-4.428500175501366,2.556795768432018,-7.095500310266666],[4.428500175501366,2.556795768432018,-7.095500310266666]]",5.26771509885406,distance_enumeration_from_raw_structure,0,0,{},,6.011141610225559,species_reported_hop_q0.950_n95,7d46cde20faa97c9d8f4db8d0ad67baa88774904c3bcca37b767c4aa6890be54
edge_01523e5585583c263853a1,pg_8671acb3ed3d2c0526,em_complete_0420_jid_420,em_complete_0420_jid_420,Na,0.0,1,stored_edge_orientation,Na10Mn2Al2P9O24|Na,0.7444006666666665,0.22141249999999968,0.22141249999999968,1.2673888333333334,1.0459763333333338,0.004224833333333344,0.004224833333333344,1.4845764999999997,1.4803516666666665,0.4300344425477258,ENSEMBLE_DISAGREEMENT_NOT_CALIBRATED_INTERVAL,1.0300947280188968,0.3139423076923076,0.6860576923076924,0,0,Na31Mn32P32O128|Na;Na31Fe32P32O128|Na;Na31Mn16Si16O64|Na;Na47Fe16P16C16O112|Na;Ca31V32O96|Ca,5,0,LABEL_CALIBRATED_TRANSFER_REQUIRES_EDGE_EXCHANGEABILITY;NETWORK_VALUES_ARE_SENSITIVITY_ENVELOPES_ONLY,0,SENSITIVITY_ENVELOPE_ONLY,OOF_GROUP_PURGED_PERIODIC_NETWORK,3,ExtraTrees,umodel_6a6528a142b33b38f4c0,3395f101552c7bf42574b94fb6ba441ce3d5feef94ad3b5f3edd41d11bc09f8b,leave_formula_plus_migrating_species_out,80e699600f7a3c7249b2642d61c8c3fdd7db140d9b9b20cbf8576d0ff18b6b45,OOF_HELD_OUT_FORMULA_SPECIES_GROUP,0,pg_8671acb3ed3d2c0526_n0000,pg_8671acb3ed3d2c0526_n0003,0,0,0,"[0.0,0.3433799943333334,0.6566200056666667]","[0.2505699893333335,0.2505699893333335,0.2505699893333334]","[0.2505699893333335,-0.09281000499999986,-0.40605001633333326]","[-1.3871834451637168,-2.5567957684320186,1.7617419990921175]","[[1e-16,-5.113591536864036,-7.095500310266666],[-4.428500175501366,2.556795768432018,-7.095500310266666],[4.428500175501366,2.556795768432018,-7.095500310266666]]",3.4007671757080407,distance_enumeration_plus_reported_neb,1,0,"{""em_complete_0420_jid_420"":0.256}",,6.011141610225559,species_reported_hop_q0.950_n95,7d46cde20faa97c9d8f4db8d0ad67baa88774904c3bcca37b767c4aa6890be54
edge_057f001dceebff315f7bd5,pg_8671acb3ed3d2c0526,em_complete_0420_jid_420,em_complete_0420_jid_420,Na,0.0,1,stored_edge_orientation,Na10Mn2Al2P9O24|Na,0.8768433333333339,0.35385516666666705,0.35385516666666705,1.3998315000000008,1.0459763333333338,0.13666750000000072,0.13666750000000072,1.6170191666666671,1.4803516666666665,0.6426845069359892,ENSEMBLE_DISAGREEMENT_NOT_CALIBRATED_INTERVAL,2.9975604470211783,0.9743589743589745,0.02564102564102555,1,0,Na87Mn16Al16P72O192|Na;Ca31Mn32O80|Ca;Ca31Co32O80|Ca;Na31Si16Ni16O64|Na;Na63Mn32O96|Na,5,0,LABEL_CALIBRATED_TRANSFER_REQUIRES_EDGE_EXCHANGEABILITY;NETWORK_VALUES_ARE_SENSITIVITY_ENVELOPES_ONLY,0,SENSITIVITY_ENVELOPE_ONLY,OOF_GROUP_PURGED_PERIODIC_NETWORK,3,ExtraTrees,umodel_6a6528a142b33b38f4c0,3395f101552c7bf42574b94fb6ba441ce3d5feef94ad3b5f3edd41d11bc09f8b,leave_formula_plus_migrating_species_out,80e699600f7a3c7249b2642d61c8c3fdd7db140d9b9b20cbf8576d0ff18b6b45,OOF_HELD_OUT_FORMULA_SPECIES_GROUP,0,pg_8671acb3ed3d2c0526_n0000,pg_8671acb3ed3d2c0526_n0002,0,-1,0,"[0.0,0.3433799943333334,0.6566200056666667]","[0.1219999689999999,0.8786700070000001,0.5003299810000001]","[0.1219999689999999,-0.4647099873333333,-0.15629002466666653]","[1.3658378587974584,-2.211628211853906,3.540654959929579]","[[1e-16,-5.113591536864036,-7.095500310266666],[-4.428500175501366,2.556795768432018,-7.095500310266666],[4.428500175501366,2.556795768432018,-7.095500310266666]]",4.392385450898687,distance_enumeration_from_raw_structure,0,0,{},,6.011141610225559,species_reported_hop_q0.950_n95,7d46cde20faa97c9d8f4db8d0ad67baa88774904c3bcca37b767c4aa6890be54
edge_0899b5cf30cfeab6a1f258,pg_8671acb3ed3d2c0526,em_complete_0420_jid_420,em_complete_0420_jid_420,Na,0.0,1,stored_edge_orientation,Na10Mn2Al2P9O24|Na,0.8768433333333339,0.35385516666666705,0.35385516666666705,1.3998315000000008,1.0459763333333338,0.13666750000000072,0.13666750000000072,1.6170191666666671,1.4803516666666665,0.6426845069359892,ENSEMBLE_DISAGREEMENT_NOT_CALIBRATED_INTERVAL,2.9972374728076545,0.9743589743589745,0.02564102564102555,1,0,Na87Mn16Al16P72O192|Na;Ca31Mn32O80|Ca;Ca31Co32O80|Ca;Na31Si16Ni16O64|Na;Na63Mn32O96|Na,5,0,LABEL_CALIBRATED_TRANSFER_REQUIRES_EDGE_EXCHANGEABILITY;NETWORK_VALUES_ARE_SENSITIVITY_ENVELOPES_ONLY,0,SENSITIVITY_ENVELOPE_ONLY,OOF_GROUP_PURGED_PERIODIC_NETWORK,3,ExtraTrees,umodel_6a6528a142b33b38f4c0,3395f101552c7bf42574b94fb6ba441ce3d5feef94ad3b5f3edd41d11bc09f8b,leave_formula_plus_migrating_species_out,80e699600f7a3c7249b2642d61c8c3fdd7db140d9b9b20cbf8576d0ff18b6b45,OOF_HELD_OUT_FORMULA_SPECIES_GROUP,0,pg_8671acb3ed3d2c0526_n0000,pg_8671acb3ed3d2c0526_n0010,-1,0,1,"[0.0,0.3433799943333334,0.6566200056666667]","[0.878670007,0.5003299810000001,0.1219999689999998]","[-0.12132999300000002,0.15694998666666676,0.4653799633333331]","[1.365882205798214,2.211602608101082,-3.554845350337085]","[[1e-16,-5.113591536864036,-7.095500310266666],[-4.428500175501366,2.556795768432018,-7.095500310266666],[4.428500175501366,2.556795768432018,-7.095500310266666]]",4.403833075979254,distance_enumeration_from_raw_structure,0,0,{},,6.011141610225559,species_reported_hop_q0.950_n95,7d46cde20faa97c9d8f4db8d0ad67baa88774904c3bcca37b767c4aa6890be54
edge_08aadf0a672e4bda8a596e,pg_8671acb3ed3d2c0526,em_complete_0420_jid_420,em_complete_0420_jid_420,Na,0.0,1,stored_edge_orientation,Na10Mn2Al2P9O24|Na,0.8768433333333339,0.35385516666666705,0.35385516666666705,1.3998315000000008,1.0459763333333338,0.13666750000000072,0.13666750000000072,1.6170191666666671,1.4803516666666665,0.6426845069359892,ENSEMBLE_DISAGREEMENT_NOT_CALIBRATED_INTERVAL,2.9972374728076536,0.9743589743589745,0.02564102564102555,1,0,Na87Mn16Al16P72O192|Na;Ca31Mn32O80|Ca;Ca31Co32O80|Ca;Na31Si16Ni16O64|Na;Na63Mn32O96|Na,5,0,LABEL_CALIBRATED_TRANSFER_REQUIRES_EDGE_EXCHANGEABILITY;NETWORK_VALUES_ARE_SENSITIVITY_ENVELOPES_ONLY,0,SENSITIVITY_ENVELOPE_ONLY,OOF_GROUP_PURGED_PERIODIC_NETWORK,3,ExtraTrees,umodel_6a6528a142b33b38f4c0,3395f101552c7bf42574b94fb6ba441ce3d5feef94ad3b5f3edd41d11bc09f8b,leave_formula_plus_migrating_species_out,80e699600f7a3c7249b2642d61c8c3fdd7db140d9b9b20cbf8576d0ff18b6b45,OOF_HELD_OUT_FORMULA_SPECIES_GROUP,0,pg_8671acb3ed3d2c0526_n0004,pg_8671acb3ed3d2c0526_n0006,0,1,-1,"[0.3433799943333332,0.6566200056666668,0.0]","[0.5003299810000001,0.121999969,0.878670007]","[0.15694998666666693,0.4653799633333332,-0.12132999300000002]","[-2.5982451445905648,0.07708738474783633,-3.554845350337087]","[[1e-16,-5.113591536864036,-7.095500310266666],[-4.428500175501366,2.556795768432018,-7.095500310266666],[4.428500175501366,2.556795768432018,-7.095500310266666]]",4.403833075979256,distance_enumeration_from_raw_structure,0,0,{},,6.011141610225559,species_reported_hop_q0.950_n95,7d46cde20faa97c9d8f4db8d0ad67baa88774904c3bcca37b767c4aa6890be54
edge_094cac8dce9bc63e77ff31,pg_8671acb3ed3d2c0526,em_complete_0420_jid_420,em_complete_0420_jid_420,Na,0.0,1,stored_edge_orientation,Na10Mn2Al2P9O24|Na,0.9866081666666666,0.4636199999999998,0.4636199999999998,1.5095963333333335,1.0459763333333338,0.24643233333333348,0.24643233333333348,1.7267839999999999,1.4803516666666665,0.5641765162360044,ENSEMBLE_DISAGREEMENT_NOT_CALIBRATED_INTERVAL,3.155869689316438,0.9839743589743588,0.01602564102564119,1,0,Na87Mn16Al16P72O192|Na;Na63Mn32O96|Na;Na31Si16Ni16O64|Na;Ca31Mn32O80|Ca;Ca31Co32O80|Ca,5,0,LABEL_CALIBRATED_TRANSFER_REQUIRES_EDGE_EXCHANGEABILITY;NETWORK_VALUES_ARE_SENSITIVITY_ENVELOPES_ONLY,0,SENSITIVITY_ENVELOPE_ONLY,OOF_GROUP_PURGED_PERIODIC_NETWORK,3,ExtraTrees,umodel_6a6528a142b33b38f4c0,3395f101552c7bf42574b94fb6ba441ce3d5feef94ad3b5f3edd41d11bc09f8b,leave_formula_plus_migrating_species_out,80e699600f7a3c7249b2642d61c8c3fdd7db140d9b9b20cbf8576d0ff18b6b45,OOF_HELD_OUT_FORMULA_SPECIES_GROUP,0,pg_8671acb3ed3d2c0526_n0001,pg_8671acb3ed3d2c0526_n0003,0,1,0,"[0.1213299930000001,0.8780000310000005,0.4996700190000001]","[0.2505699893333335,0.2505699893333335,0.2505699893333334]","[0.12923999633333344,0.37256995833333306,-0.24910002966666667]","[-2.753065650961931,-0.3451931603309373,-1.7931033512449646]","[[1e-16,-5.113591536864036,-7.095500310266666],[-4.428500175501366,2.556795768432018,-7.095500310266666],[4.428500175501366,2.556795768432018,-7.095500310266666]]",3.3035962865779505,distance_enumeration_from_raw_structure,0,0,{},,6.011141610225559,species_reported_hop_q0.950_n95,7d46cde20faa97c9d8f4db8d0ad67baa88774904c3bcca37b767c4aa6890be54
edge_0c994384dece0b0f1261e1,pg_8671acb3ed3d2c0526,em_complete_0420_jid_420,em_complete_0420_jid_420,Na,0.0,1,stored_edge_orientation,Na10Mn2Al2P9O24|Na,1.0043296666666672,0.4813415000000004,0.4813415000000004,1.527317833333334,1.0459763333333334,0.2641538333333341,0.2641538333333341,1.7445055000000003,1.480351666666666,0.5540514697564959,ENSEMBLE_DISAGREEMENT_NOT_CALIBRATED_INTERVAL,2.781843682867192,0.9623397435897436,0.03766025641025639,1,0,Na87Mn16Al16P72O192|Na;Na31Si16Ni16O64|Na;Li15Co16B16O48|Li;Ca31Co32O80|Ca;Li47P16O64|Li,5,0,LABEL_CALIBRATED_TRANSFER_REQUIRES_EDGE_EXCHANGEABILITY;NETWORK_VALUES_ARE_SENSITIVITY_ENVELOPES_ONLY,0,SENSITIVITY_ENVELOPE_ONLY,OOF_GROUP_PURGED_PERIODIC_NETWORK,3,ExtraTrees,umodel_6a6528a142b33b38f4c0,3395f101552c7bf42574b94fb6ba441ce3d5feef94ad3b5f3edd41d11bc09f8b,leave_formula_plus_migrating_species_out,80e699600f7a3c7249b2642d61c8c3fdd7db140d9b9b20cbf8576d0ff18b6b45,OOF_HELD_OUT_FORMULA_SPECIES_GROUP,0,pg_8671acb3ed3d2c0526_n0001,pg_8671acb3ed3d2c0526_n0007,-1,1,0,"[0.1213299930000001,0.8780000310000005,0.4996700190000001]","[0.6566200056666669,1e-16,0.3433799943333333]","[-0.4647099873333332,0.12199996899999954,-0.15629002466666675]","[-1.2324072857931057,2.288664389096093,3.540654959929583]","[[1e-16,-5.113591536864036,-7.095500310266666],[-4.428500175501366,2.556795768432018,-7.095500310266666],[4.428500175501366,2.556795768432018,-7.095500310266666]]",4.392385450898688,distance_enumeration_from_raw_structure,0,0,{},,6.011141610225559,species_reported_hop_q0.950_n95,7d46cde20faa97c9d8f4db8d0ad67baa88774904c3bcca37b767c4aa6890be54
edge_0d8f5916816e3ab2eaceb0,pg_8671acb3ed3d2c0526,em_complete_0420_jid_420,em_complete_0420_jid_420,Na,0.0,1,stored_edge_orientation,Na10Mn2Al2P9O24|Na,0.9398341666666674,0.4168460000000006,0.4168460000000006,1.4628223333333343,1.0459763333333338,0.19965833333333427,0.19965833333333427,1.6800100000000007,1.4803516666666665,0.6743326549876099,ENSEMBLE_DISAGREEMENT_NOT_CALIBRATED_INTERVAL,3.0050978494850056,0.9743589743589745,0.02564102564102555,1,0,Na87Mn16Al16P72O192|Na;Ca31Mn32O80|Ca;Na31Si16Ni16O64|Na;Ca31Co32O80|Ca;Na63Mn32O96|Na,5,0,LABEL_CALIBRATED_TRANSFER_REQUIRES_EDGE_EXCHANGEABILITY;NETWORK_VALUES_ARE_SENSITIVITY_ENVELOPES_ONLY,0,SENSITIVITY_ENVELOPE_ONLY,OOF_GROUP_PURGED_PERIODIC_NETWORK,3,ExtraTrees,umodel_6a6528a142b33b38f4c0,3395f101552c7bf42574b94fb6ba441ce3d5feef94ad3b5f3edd41d11bc09f8b,leave_formula_plus_migrating_species_out,80e699600f7a3c7249b2642d61c8c3fdd7db140d9b9b20cbf8576d0ff18b6b45,OOF_HELD_OUT_FORMULA_SPECIES_GROUP,0,pg_8671acb3ed3d2c0526_n0007,pg_8671acb3ed3d2c0526_n0010,0,0,0,"[0.6566200056666669,1e-16,0.3433799943333333]","[0.878670007,0.5003299810000001,0.1219999689999998]","[0.22205000133333308,0.500329981,-0.2213800253333335]","[-3.1960928897082597,-0.4222549413259479,-3.5548453503370836]","[[1e-16,-5.113591536864036,-7.095500310266666],[-4.428500175501366,2.556795768432018,-7.095500310266666],[4.428500175501366,2.556795768432018,-7.095500310266666]]",4.798982648429879,distance_enumeration_from_raw_structure,0,0,{},,6.011141610225559,species_reported_hop_q0.950_n95,7d46cde20faa97c9d8f4db8d0ad67baa88774904c3bcca37b767c4aa6890be54
edge_131ae9a410c493c3ad098a,pg_8671acb3ed3d2c0526,em_complete_0420_jid_420,em_complete_0420_jid_420,Na,0.0,1,stored_edge_orientation,Na10Mn2Al2P9O24|Na,0.8841833333333337,0.36119516666666684,0.36119516666666684,1.4071715000000005,1.0459763333333336,0.1440075000000005,0.1440075000000005,1.6243591666666668,1.4803516666666663,0.9358322068856386,ENSEMBLE_DISAGREEMENT_NOT_CALIBRATED_INTERVAL,3.5763286614965026,0.9975961538461539,0.0024038461538461453,1,1,Na87Mn16Al16P72O192|Na;Li15Co16B16O48|Li;Li47P16O64|Li;Ca31Co32O80|Ca;Li63Ni32O64|Li,5,0,LABEL_CALIBRATED_TRANSFER_REQUIRES_EDGE_EXCHANGEABILITY;NETWORK_VALUES_ARE_SENSITIVITY_ENVELOPES_ONLY,0,SENSITIVITY_ENVELOPE_ONLY,OOF_GROUP_PURGED_PERIODIC_NETWORK,3,ExtraTrees,umodel_6a6528a142b33b38f4c0,3395f101552c7bf42574b94fb6ba441ce3d5feef94ad3b5f3edd41d11bc09f8b,leave_formula_plus_migrating_species_out,80e699600f7a3c7249b2642d61c8c3fdd7db140d9b9b20cbf8576d0ff18b6b45,OOF_HELD_OUT_FORMULA_SPECIES_GROUP,0,pg_8671acb3ed3d2c0526_n0002,pg_8671acb3ed3d2c0526_n0006,0,1,-1,"[0.1219999689999999,0.8786700070000001,0.5003299810000001]","[0.5003299810000001,0.121999969,0.878670007]","[0.37833001200000027,0.2433299619999999,-0.6216599740000002]","[-3.8306080833829155,-2.901937721257306,0.0]","[[1e-16,-5.113591536864036,-7.095500310266666],[-4.428500175501366,2.556795768432018,-7.095500310266666],[4.428500175501366,2.556795768432018,-7.095500310266666]]",4.805705029081017,distance_enumeration_from_raw_structure,0,0,{},,6.011141610225559,species_reported_hop_q0.950_n95,7d46cde20faa97c9d8f4db8d0ad67baa88774904c3bcca37b767c4aa6890be54
edge_16c80f2b7b8b3f2d7b75d3,pg_8671acb3ed3d2c0526,em_complete_0420_jid_420,em_complete_0420_jid_420,Na,0.0,1,stored_edge_orientation,Na10Mn2Al2P9O24|Na,1.1963091666666674,0.6733210000000006,0.6733210000000006,1.7192973333333343,1.0459763333333338,0.4561333333333343,0.4561333333333343,1.9364850000000007,1.4803516666666665,0.7113644713872651,ENSEMBLE_DISAGREEMENT_NOT_CALIBRATED_INTERVAL,1.8615374793145136,0.7475961538461539,0.25240384615384615,0,0,Ca31Mn32O80|Ca;Na31Si16Ni16O64|Na;Ca31Co32O80|Ca;Ca15Mn16P32O112|Ca;Na31V32P32O160|Na,5,0,LABEL_CALIBRATED_TRANSFER_REQUIRES_EDGE_EXCHANGEABILITY;NETWORK_VALUES_ARE_SENSITIVITY_ENVELOPES_ONLY,0,SENSITIVITY_ENVELOPE_ONLY,OOF_GROUP_PURGED_PERIODIC_NETWORK,3,ExtraTrees,umodel_6a6528a142b33b38f4c0,3395f101552c7bf42574b94fb6ba441ce3d5feef94ad3b5f3edd41d11bc09f8b,leave_formula_plus_migrating_species_out,80e699600f7a3c7249b2642d61c8c3fdd7db140d9b9b20cbf8576d0ff18b6b45,OOF_HELD_OUT_FORMULA_SPECIES_GROUP,0,pg_8671acb3ed3d2c0526_n0000,pg_8671acb3ed3d2c0526_n0007,-1,1,0,"[0.0,0.3433799943333334,0.6566200056666667]","[0.6566200056666669,1e-16,0.3433799943333333]","[-0.3433799943333331,0.6566200056666667,-0.31324001133333335]","[-4.295025255496258,2.63385754942703,-1.3322676295501878e-15]","[[1e-16,-5.113591536864036,-7.095500310266666],[-4.428500175501366,2.556795768432018,-7.095500310266666],[4.428500175501366,2.556795768432018,-7.095500310266666]]",5.0382980793145276,distance_enumeration_from_raw_structure,0,0,{},,6.011141610225559,species_reported_hop_q0.950_n95,7d46cde20faa97c9d8f4db8d0ad67baa88774904c3bcca37b767c4aa6890be54
edge_177d3590ff77cb26e207fc,pg_8671acb3ed3d2c0526,em_complete_0420_jid_420,em_complete_0420_jid_420,Na,0.0,1,stored_edge_orientation,Na10Mn2Al2P9O24|Na,0.8850158333333336,0.36202766666666675,0.36202766666666675,1.4080040000000005,1.0459763333333338,0.1448400000000004,0.1448400000000004,1.6251916666666668,1.4803516666666665,0.9351595745583716,ENSEMBLE_DISAGREEMENT_NOT_CALIBRATED_INTERVAL,3.5751164143765775,0.9975961538461539,0.0024038461538461453,1,1,Na87Mn16Al16P72O192|Na;Li15Co16B16O48|Li;Li47P16O64|Li;Ca31Co32O80|Ca;Li63Ni32O64|Li,5,0,LABEL_CALIBRATED_TRANSFER_REQUIRES_EDGE_EXCHANGEABILITY;NETWORK_VALUES_ARE_SENSITIVITY_ENVELOPES_ONLY,0,SENSITIVITY_ENVELOPE_ONLY,OOF_GROUP_PURGED_PERIODIC_NETWORK,3,ExtraTrees,umodel_6a6528a142b33b38f4c0,3395f101552c7bf42574b94fb6ba441ce3d5feef94ad3b5f3edd41d11bc09f8b,leave_formula_plus_migrating_species_out,80e699600f7a3c7249b2642d61c8c3fdd7db140d9b9b20cbf8576d0ff18b6b45,OOF_HELD_OUT_FORMULA_SPECIES_GROUP,0,pg_8671acb3ed3d2c0526_n0001,pg_8671acb3ed3d2c0526_n0006,-1,1,0,"[0.1213299930000001,0.8780000310000005,0.4996700190000001]","[0.5003299810000001,0.121999969,0.878670007]","[-0.621000012,0.24399993799999953,0.3789999879999999]","[0.5978477451176949,4.768423980285924,-0.014190390407502473]","[[1e-16,-5.113591536864036,-7.095500310266666],[-4.428500175501366,2.556795768432018,-7.095500310266666],[4.428500175501366,2.556795768432018,-7.095500310266666]]",4.80577678937423,distance_enumeration_from_raw_structure,0,0,{},,6.011141610225559,species_reported_hop_q0.950_n95,7d46cde20faa97c9d8f4db8d0ad67baa88774904c3bcca37b767c4aa6890be54
edge_1862457ebc974585f775c7,pg_8671acb3ed3d2c0526,em_complete_0420_jid_420,em_complete_0420_jid_420,Na,0.0,1,stored_edge_orientation,Na10Mn2Al2P9O24|Na,0.8841833333333337,0.36119516666666684,0.36119516666666684,1.4071715000000005,1.0459763333333336,0.1440075000000005,0.1440075000000005,1.6243591666666668,1.4803516666666663,0.9358322068856386,ENSEMBLE_DISAGREEMENT_NOT_CALIBRATED_INTERVAL,3.5763579054555152,0.9975961538461539,0.0024038461538461453,1,1,Na87Mn16Al16P72O192|Na;Li15Co16B16O48|Li;Li47P16O64|Li;Ca31Co32O80|Ca;Li63Ni32O64|Li,5,0,LABEL_CALIBRATED_TRANSFER_REQUIRES_EDGE_EXCHANGEABILITY;NETWORK_VALUES_ARE_SENSITIVITY_ENVELOPES_ONLY,0,SENSITIVITY_ENVELOPE_ONLY,OOF_GROUP_PURGED_PERIODIC_NETWORK,3,ExtraTrees,umodel_6a6528a142b33b38f4c0,3395f101552c7bf42574b94fb6ba441ce3d5feef94ad3b5f3edd41d11bc09f8b,leave_formula_plus_migrating_species_out,80e699600f7a3c7249b2642d61c8c3fdd7db140d9b9b20cbf8576d0ff18b6b45,OOF_HELD_OUT_FORMULA_SPECIES_GROUP,0,pg_8671acb3ed3d2c0526_n0001,pg_8671acb3ed3d2c0526_n0006,0,1,-1,"[0.1213299930000001,0.8780000310000005,0.4996700190000001]","[0.5003299810000001,0.121999969,0.878670007]","[0.37899998800000007,0.24399993799999953,-0.6210000120000001]","[-3.830652430383671,-2.9019633250101307,-0.014190390407502917]","[[1e-16,-5.113591536864036,-7.095500310266666],[-4.428500175501366,2.556795768432018,-7.095500310266666],[4.428500175501366,2.556795768432018,-7.095500310266666]]",4.805776789374232,distance_enumeration_from_raw_structure,0,0,{},,6.011141610225559,species_reported_hop_q0.950_n95,7d46cde20faa97c9d8f4db8d0ad67baa88774904c3bcca37b767c4aa6890be54
edge_203f6bbf14ec496bb15d29,pg_8671acb3ed3d2c0526,em_complete_0420_jid_420,em_complete_0420_jid_420,Na,0.0,1,stored_edge_orientation,Na10Mn2Al2P9O24|Na,0.924018333333334,0.40103016666666724,0.40103016666666724,1.447006500000001,1.0459763333333338,0.1838425000000009,0.1838425000000009,1.6641941666666673,1.4803516666666665,0.9473654666714775,ENSEMBLE_DISAGREEMENT_NOT_CALIBRATED_INTERVAL,3.700230182914305,1.0,0.0,1,1,Na87Mn16Al16P72O192|Na;Li15Co16B16O48|Li;Na31Si16Ni16O64|Na;Ca31Co32O80|Ca;Li47P16O64|Li,5,0,LABEL_CALIBRATED_TRANSFER_REQUIRES_EDGE_EXCHANGEABILITY;NETWORK_VALUES_ARE_SENSITIVITY_ENVELOPES_ONLY,0,SENSITIVITY_ENVELOPE_ONLY,OOF_GROUP_PURGED_PERIODIC_NETWORK,3,ExtraTrees,umodel_6a6528a142b33b38f4c0,3395f101552c7bf42574b94fb6ba441ce3d5feef94ad3b5f3edd41d11bc09f8b,leave_formula_plus_migrating_species_out,80e699600f7a3c7249b2642d61c8c3fdd7db140d9b9b20cbf8576d0ff18b6b45,OOF_HELD_OUT_FORMULA_SPECIES_GROUP,0,pg_8671acb3ed3d2c0526_n0005,pg_8671acb3ed3d2c0526_n0009,0,0,0,"[0.4996700189999997,0.1213299930000002,0.8780000310000002]","[0.8780000310000002,0.4996700189999997,0.1213299930000001]","[0.37833001200000055,0.3783400259999995,-0.7566700380000001]","[-5.026392267619815,-2.9019377212573083,8.881784197001252e-16]","[[1e-16,-5.113591536864036,-7.095500310266666],[-4.428500175501366,2.556795768432018,-7.095500310266666],[4.428500175501366,2.556795768432018,-7.095500310266666]]",5.803952253942509,distance_enumeration_from_raw_structure,0,0,{},,6.011141610225559,species_reported_hop_q0.950_n95,7d46cde20faa97c9d8f4db8d0ad67baa88774904c3bcca37b767c4aa6890be54
edge_21430441fa2f4554f37cc1,pg_8671acb3ed3d2c0526,em_complete_0420_jid_420,em_complete_0420_jid_420,Na,0.0,1,stored_edge_orientation,Na10Mn2Al2P9O24|Na,0.4483683333333333,-0.0746198333333335,0.0,0.9713565000000002,1.0459763333333336,-0.29180749999999983,0.0,1.1885441666666665,1.4803516666666663,0.41229456318335744,ENSEMBLE_DISAGREEMENT_NOT_CALIBRATED_INTERVAL,3.6650379773603166,1.0,0.0,1,1,Na87Mn16Al16P72O192|Na;Na31Si16Ni16O64|Na;Na63Mn32O96|Na;Ca31Co32O80|Ca;Ca31Mn32O80|Ca,5,0,LABEL_CALIBRATED_TRANSFER_REQUIRES_EDGE_EXCHANGEABILITY;NETWORK_VALUES_ARE_SENSITIVITY_ENVELOPES_ONLY,0,SENSITIVITY_ENVELOPE_ONLY,OOF_GROUP_PURGED_PERIODIC_NETWORK,3,ExtraTrees,umodel_6a6528a142b33b38f4c0,3395f101552c7bf42574b94fb6ba441ce3d5feef94ad3b5f3edd41d11bc09f8b,leave_formula_plus_migrating_species_out,80e699600f7a3c7249b2642d61c8c3fdd7db140d9b9b20cbf8576d0ff18b6b45,OOF_HELD_OUT_FORMULA_SPECIES_GROUP,0,pg_8671acb3ed3d2c0526_n0008,pg_8671acb3ed3d2c0526_n0010,0,0,1,"[0.7494300106666668,0.7494300106666667,0.7494300106666665]","[0.878670007,0.5003299810000001,0.1219999689999998]","[0.12923999633333316,-0.24910002966666656,0.3725699583333333]","[2.7530656509619313,-0.34519316033093483,-1.7931033512449654]","[[1e-16,-5.113591536864036,-7.095500310266666],[-4.428500175501366,2.556795768432018,-7.095500310266666],[4.428500175501366,2.556795768432018,-7.095500310266666]]",3.303596286577951,distance_enumeration_from_raw_structure,0,0,{},,6.011141610225559,species_reported_hop_q0.950_n95,7d46cde20faa97c9d8f4db8d0ad67baa88774904c3bcca37b767c4aa6890be54
edge_24bdbf3db08953211bbd6d,pg_8671acb3ed3d2c0526,em_complete_0420_jid_420,em_complete_0420_jid_420,Na,0.0,1,stored_edge_orientation,Na10Mn2Al2P9O24|Na,0.8841833333333337,0.36119516666666684,0.36119516666666684,1.4071715000000005,1.0459763333333336,0.1440075000000005,0.1440075000000005,1.6243591666666668,1.4803516666666663,0.9358322068856386,ENSEMBLE_DISAGREEMENT_NOT_CALIBRATED_INTERVAL,3.5763286614965017,0.9975961538461539,0.0024038461538461453,1,1,Na87Mn16Al16P72O192|Na;Li15Co16B16O48|Li;Li47P16O64|Li;Ca31Co32O80|Ca;Li63Ni32O64|Li,5,0,LABEL_CALIBRATED_TRANSFER_REQUIRES_EDGE_EXCHANGEABILITY;NETWORK_VALUES_ARE_SENSITIVITY_ENVELOPES_ONLY,0,SENSITIVITY_ENVELOPE_ONLY,OOF_GROUP_PURGED_PERIODIC_NETWORK,3,ExtraTrees,umodel_6a6528a142b33b38f4c0,3395f101552c7bf42574b94fb6ba441ce3d5feef94ad3b5f3edd41d11bc09f8b,leave_formula_plus_migrating_species_out,80e699600f7a3c7249b2642d61c8c3fdd7db140d9b9b20cbf8576d0ff18b6b45,OOF_HELD_OUT_FORMULA_SPECIES_GROUP,0,pg_8671acb3ed3d2c0526_n0006,pg_8671acb3ed3d2c0526_n0010,-1,0,1,"[0.5003299810000001,0.121999969,0.878670007]","[0.878670007,0.5003299810000001,0.1219999689999998]","[-0.6216599740000002,0.37833001200000016,0.2433299619999998]","[-0.5978477451176949,4.768372772780276,1.9984014443252818e-15]","[[1e-16,-5.113591536864036,-7.095500310266666],[-4.428500175501366,2.556795768432018,-7.095500310266666],[4.428500175501366,2.556795768432018,-7.095500310266666]]",4.8057050290810155,distance_enumeration_from_raw_structure,0,0,{},,6.011141610225559,species_reported_hop_q0.950_n95,7d46cde20faa97c9d8f4db8d0ad67baa88774904c3bcca37b767c4aa6890be54
edge_252ca13b315262bd554114,pg_8671acb3ed3d2c0526,em_complete_0420_jid_420,em_complete_0420_jid_420,Na,0.0,1,reversed_to_occupied_start,Na10Mn2Al2P9O24|Na,0.9866081666666666,0.4636199999999998,0.4636199999999998,1.5095963333333335,1.0459763333333338,0.24643233333333348,0.24643233333333348,1.7267839999999999,1.4803516666666665,0.5641765162360044,ENSEMBLE_DISAGREEMENT_NOT_CALIBRATED_INTERVAL,3.1558696893164373,0.9839743589743588,0.01602564102564119,1,0,Na87Mn16Al16P72O192|Na;Na63Mn32O96|Na;Na31Si16Ni16O64|Na;Ca31Mn32O80|Ca;Ca31Co32O80|Ca,5,0,LABEL_CALIBRATED_TRANSFER_REQUIRES_EDGE_EXCHANGEABILITY;NETWORK_VALUES_ARE_SENSITIVITY_ENVELOPES_ONLY,0,SENSITIVITY_ENVELOPE_ONLY,OOF_GROUP_PURGED_PERIODIC_NETWORK,3,ExtraTrees,umodel_6a6528a142b33b38f4c0,3395f101552c7bf42574b94fb6ba441ce3d5feef94ad3b5f3edd41d11bc09f8b,leave_formula_plus_migrating_species_out,80e699600f7a3c7249b2642d61c8c3fdd7db140d9b9b20cbf8576d0ff18b6b45,OOF_HELD_OUT_FORMULA_SPECIES_GROUP,0,pg_8671acb3ed3d2c0526_n0003,pg_8671acb3ed3d2c0526_n0005,0,0,-1,"[0.2505699893333335,0.2505699893333335,0.2505699893333334]","[0.4996700189999997,0.1213299930000002,0.8780000310000002]","[0.24910002966666617,-0.12923999633333333,-0.3725699583333332]","[-1.07758677942174,-2.5568213721848405,1.7931033512449683]","[[1e-16,-5.113591536864036,-7.095500310266666],[-4.428500175501366,2.556795768432018,-7.095500310266666],[4.428500175501366,2.556795768432018,-7.095500310266666]]",3.303596286577951,distance_enumeration_from_raw_structure,0,0,{},,6.011141610225559,species_reported_hop_q0.950_n95,7d46cde20faa97c9d8f4db8d0ad67baa88774904c3bcca37b767c4aa6890be54
edge_25ef5bfdd8015cd06a3636,pg_8671acb3ed3d2c0526,em_complete_0420_jid_420,em_complete_0420_jid_420,Na,0.0,1,stored_edge_orientation,Na10Mn2Al2P9O24|Na,0.8805008333333335,0.3575126666666667,0.3575126666666667,1.4034890000000004,1.0459763333333338,0.14032500000000037,0.14032500000000037,1.6206766666666668,1.4803516666666665,0.9357930821705164,ENSEMBLE_DISAGREEMENT_NOT_CALIBRATED_INTERVAL,3.574932953862122,0.9975961538461539,0.0024038461538461453,1,1,Na87Mn16Al16P72O192|Na;Li15Co16B16O48|Li;Li47P16O64|Li;Ca31Co32O80|Ca;Li63Ni32O64|Li,5,0,LABEL_CALIBRATED_TRANSFER_REQUIRES_EDGE_EXCHANGEABILITY;NETWORK_VALUES_ARE_SENSITIVITY_ENVELOPES_ONLY,0,SENSITIVITY_ENVELOPE_ONLY,OOF_GROUP_PURGED_PERIODIC_NETWORK,3,ExtraTrees,umodel_6a6528a142b33b38f4c0,3395f101552c7bf42574b94fb6ba441ce3d5feef94ad3b5f3edd41d11bc09f8b,leave_formula_plus_migrating_species_out,80e699600f7a3c7249b2642d61c8c3fdd7db140d9b9b20cbf8576d0ff18b6b45,OOF_HELD_OUT_FORMULA_SPECIES_GROUP,0,pg_8671acb3ed3d2c0526_n0005,pg_8671acb3ed3d2c0526_n0009,0,-1,1,"[0.4996700189999997,0.1213299930000002,0.8780000310000002]","[0.8780000310000002,0.4996700189999997,0.1213299930000001]","[0.37833001200000055,-0.6216599740000006,0.2433299619999998]","[3.8306080833829173,-2.901937721257309,1.5543122344752192e-15]","[[1e-16,-5.113591536864036,-7.095500310266666],[-4.428500175501366,2.556795768432018,-7.095500310266666],[4.428500175501366,2.556795768432018,-7.095500310266666]]",4.805705029081021,distance_enumeration_from_raw_structure,0,0,{},,6.011141610225559,species_reported_hop_q0.950_n95,7d46cde20faa97c9d8f4db8d0ad67baa88774904c3bcca37b767c4aa6890be54
edge_2835b52600cbd1bc2d30bd,pg_8671acb3ed3d2c0526,em_complete_0420_jid_420,em_complete_0420_jid_420,Na,0.0,1,stored_edge_orientation,Na10Mn2Al2P9O24|Na,0.9398341666666674,0.4168460000000006,0.4168460000000006,1.4628223333333343,1.0459763333333338,0.19965833333333427,0.19965833333333427,1.6800100000000007,1.4803516666666665,0.6743326549876099,ENSEMBLE_DISAGREEMENT_NOT_CALIBRATED_INTERVAL,3.0048394026789023,0.9743589743589745,0.02564102564102555,1,0,Na87Mn16Al16P72O192|Na;Ca31Mn32O80|Ca;Na31Si16Ni16O64|Na;Ca31Co32O80|Ca;Na63Mn32O96|Na,5,0,LABEL_CALIBRATED_TRANSFER_REQUIRES_EDGE_EXCHANGEABILITY;NETWORK_VALUES_ARE_SENSITIVITY_ENVELOPES_ONLY,0,SENSITIVITY_ENVELOPE_ONLY,OOF_GROUP_PURGED_PERIODIC_NETWORK,3,ExtraTrees,umodel_6a6528a142b33b38f4c0,3395f101552c7bf42574b94fb6ba441ce3d5feef94ad3b5f3edd41d11bc09f8b,leave_formula_plus_migrating_species_out,80e699600f7a3c7249b2642d61c8c3fdd7db140d9b9b20cbf8576d0ff18b6b45,OOF_HELD_OUT_FORMULA_SPECIES_GROUP,0,pg_8671acb3ed3d2c0526_n0007,pg_8671acb3ed3d2c0526_n0009,0,0,0,"[0.6566200056666669,1e-16,0.3433799943333333]","[0.8780000310000002,0.4996700189999997,0.1213299930000001]","[0.22138002533333334,0.4996700189999996,-0.22205000133333325]","[-3.196137236709014,-0.42222933757312475,-3.5406549599295776]","[[1e-16,-5.113591536864036,-7.095500310266666],[-4.428500175501366,2.556795768432018,-7.095500310266666],[4.428500175501366,2.556795768432018,-7.095500310266666]]",4.788507950777496,distance_enumeration_from_raw_structure,0,0,{},,6.011141610225559,species_reported_hop_q0.950_n95,7d46cde20faa97c9d8f4db8d0ad67baa88774904c3bcca37b767c4aa6890be54
edge_28d239180259a7288dce15,pg_8671acb3ed3d2c0526,em_complete_0420_jid_420,em_complete_0420_jid_420,Na,0.0,1,stored_edge_orientation,Na10Mn2Al2P9O24|Na,0.9605441666666671,0.4375560000000003,0.4375560000000003,1.483532333333334,1.0459763333333336,0.22036833333333394,0.22036833333333394,1.7007200000000002,1.4803516666666663,0.5773883582509695,ENSEMBLE_DISAGREEMENT_NOT_CALIBRATED_INTERVAL,2.848449762528552,0.969551282051282,0.03044871794871795,1,0,Na87Mn16Al16P72O192|Na;Li23Ru24O48|Li;Li31Mn16Si16O64|Li;Na63Mn32O96|Na;Na31Si16Ni16O64|Na,5,0,LABEL_CALIBRATED_TRANSFER_REQUIRES_EDGE_EXCHANGEABILITY;NETWORK_VALUES_ARE_SENSITIVITY_ENVELOPES_ONLY,0,SENSITIVITY_ENVELOPE_ONLY,OOF_GROUP_PURGED_PERIODIC_NETWORK,3,ExtraTrees,umodel_6a6528a142b33b38f4c0,3395f101552c7bf42574b94fb6ba441ce3d5feef94ad3b5f3edd41d11bc09f8b,leave_formula_plus_migrating_species_out,80e699600f7a3c7249b2642d61c8c3fdd7db140d9b9b20cbf8576d0ff18b6b45,OOF_HELD_OUT_FORMULA_SPECIES_GROUP,0,pg_8671acb3ed3d2c0526_n0005,pg_8671acb3ed3d2c0526_n0008,0,-1,0,"[0.4996700189999997,0.1213299930000002,0.8780000310000002]","[0.7494300106666668,0.7494300106666667,0.7494300106666665]","[0.24975999166666712,-0.3718999823333335,-0.12857002033333376]","[1.0775867794217397,-2.556770164679197,1.7789129608374603]","[[1e-16,-5.113591536864036,-7.095500310266666],[-4.428500175501366,2.556795768432018,-7.095500310266666],[4.428500175501366,2.556795768432018,-7.095500310266666]]",3.295875947970995,distance_enumeration_from_raw_structure,0,0,{},,6.011141610225559,species_reported_hop_q0.950_n95,7d46cde20faa97c9d8f4db8d0ad67baa88774904c3bcca37b767c4aa6890be54
edge_2a6873a994f6e3a1b834df,pg_8671acb3ed3d2c0526,em_complete_0420_jid_420,em_complete_0420_jid_420,Na,0.0,1,stored_edge_orientation,Na10Mn2Al2P9O24|Na,1.1307600000000009,0.6077718333333341,0.6077718333333341,1.6537481666666678,1.0459763333333338,0.39058416666666773,0.39058416666666773,1.8709358333333341,1.4803516666666665,0.5615194400587471,ENSEMBLE_DISAGREEMENT_NOT_CALIBRATED_INTERVAL,2.8239185762085848,0.969551282051282,0.03044871794871795,1,0,Na87Mn16Al16P72O192|Na;Na31Si16Ni16O64|Na;Li15Co16B16O48|Li;Ca31Co32O80|Ca;Ca31Mn32O80|Ca,5,0,LABEL_CALIBRATED_TRANSFER_REQUIRES_EDGE_EXCHANGEABILITY;NETWORK_VALUES_ARE_SENSITIVITY_ENVELOPES_ONLY,0,SENSITIVITY_ENVELOPE_ONLY,OOF_GROUP_PURGED_PERIODIC_NETWORK,3,ExtraTrees,umodel_6a6528a142b33b38f4c0,3395f101552c7bf42574b94fb6ba441ce3d5feef94ad3b5f3edd41d11bc09f8b,leave_formula_plus_migrating_species_out,80e699600f7a3c7249b2642d61c8c3fdd7db140d9b9b20cbf8576d0ff18b6b45,OOF_HELD_OUT_FORMULA_SPECIES_GROUP,0,pg_8671acb3ed3d2c0526_n0001,pg_8671acb3ed3d2c0526_n0007,0,1,0,"[0.1213299930000001,0.8780000310000005,0.4996700190000001]","[0.6566200056666669,1e-16,0.3433799943333333]","[0.5352900126666668,0.12199996899999954,-0.15629002466666675]","[-1.2324072857931057,-2.824927147767943,-3.5548453503370823]","[[1e-16,-5.113591536864036,-7.095500310266666],[-4.428500175501366,2.556795768432018,-7.095500310266666],[4.428500175501366,2.556795768432018,-7.095500310266666]]",4.704887519706016,distance_enumeration_from_raw_structure,0,0,{},,6.011141610225559,species_reported_hop_q0.950_n95,7d46cde20faa97c9d8f4db8d0ad67baa88774904c3bcca37b767c4aa6890be54
edge_2ddf90e59fc225f4e71474,pg_8671acb3ed3d2c0526,em_complete_0420_jid_420,em_complete_0420_jid_420,Na,0.0,1,stored_edge_orientation,Na10Mn2Al2P9O24|Na,0.4483683333333333,-0.0746198333333335,0.0,0.9713565000000002,1.0459763333333336,-0.29180749999999983,0.0,1.1885441666666665,1.4803516666666663,0.41229456318335744,ENSEMBLE_DISAGREEMENT_NOT_CALIBRATED_INTERVAL,3.6650122028316665,1.0,0.0,1,1,Na87Mn16Al16P72O192|Na;Na31Si16Ni16O64|Na;Na63Mn32O96|Na;Ca31Co32O80|Ca;Ca31Mn32O80|Ca,5,0,LABEL_CALIBRATED_TRANSFER_REQUIRES_EDGE_EXCHANGEABILITY;NETWORK_VALUES_ARE_SENSITIVITY_ENVELOPES_ONLY,0,SENSITIVITY_ENVELOPE_ONLY,OOF_GROUP_PURGED_PERIODIC_NETWORK,3,ExtraTrees,umodel_6a6528a142b33b38f4c0,3395f101552c7bf42574b94fb6ba441ce3d5feef94ad3b5f3edd41d11bc09f8b,leave_formula_plus_migrating_species_out,80e699600f7a3c7249b2642d61c8c3fdd7db140d9b9b20cbf8576d0ff18b6b45,OOF_HELD_OUT_FORMULA_SPECIES_GROUP,0,pg_8671acb3ed3d2c0526_n0008,pg_8671acb3ed3d2c0526_n0009,0,0,1,"[0.7494300106666668,0.7494300106666667,0.7494300106666665]","[0.8780000310000002,0.4996700189999997,0.1213299930000001]","[0.12857002033333342,-0.24975999166666701,0.37189998233333355]","[2.7530213039611775,-0.3451675565781118,-1.778912960837459]","[[1e-16,-5.113591536864036,-7.095500310266666],[-4.428500175501366,2.556795768432018,-7.095500310266666],[4.428500175501366,2.556795768432018,-7.095500310266666]]",3.2958759479709943,distance_enumeration_from_raw_structure,0,0,{},,6.011141610225559,species_reported_hop_q0.950_n95,7d46cde20faa97c9d8f4db8d0ad67baa88774904c3bcca37b767c4aa6890be54
edge_2ed270b8e3282fadd63e73,pg_8671acb3ed3d2c0526,em_complete_0420_jid_420,em_complete_0420_jid_420,Na,0.0,1,stored_edge_orientation,Na10Mn2Al2P9O24|Na,1.0202405000000003,0.4972523333333335,0.4972523333333335,1.5432286666666672,1.0459763333333338,0.2800646666666672,0.2800646666666672,1.7604163333333336,1.4803516666666665,0.5627476635089212,ENSEMBLE_DISAGREEMENT_NOT_CALIBRATED_INTERVAL,2.782571758153256,0.9671474358974358,0.03285256410256421,1,0,Na87Mn16Al16P72O192|Na;Na31Si16Ni16O64|Na;Li15Co16B16O48|Li;Ca31Co32O80|Ca;Ca31Mn32O80|Ca,5,0,LABEL_CALIBRATED_TRANSFER_REQUIRES_EDGE_EXCHANGEABILITY;NETWORK_VALUES_ARE_SENSITIVITY_ENVELOPES_ONLY,0,SENSITIVITY_ENVELOPE_ONLY,OOF_GROUP_PURGED_PERIODIC_NETWORK,3,ExtraTrees,umodel_6a6528a142b33b38f4c0,3395f101552c7bf42574b94fb6ba441ce3d5feef94ad3b5f3edd41d11bc09f8b,leave_formula_plus_migrating_species_out,80e699600f7a3c7249b2642d61c8c3fdd7db140d9b9b20cbf8576d0ff18b6b45,OOF_HELD_OUT_FORMULA_SPECIES_GROUP,0,pg_8671acb3ed3d2c0526_n0001,pg_8671acb3ed3d2c0526_n0004,0,0,1,"[0.1213299930000001,0.8780000310000005,0.4996700190000001]","[0.3433799943333332,0.6566200056666668,0.0]","[0.22205000133333314,-0.22138002533333367,0.5003299809999999]","[3.1960928897082597,-0.4222549413259489,-3.5548453503370823]","[[1e-16,-5.113591536864036,-7.095500310266666],[-4.428500175501366,2.556795768432018,-7.095500310266666],[4.428500175501366,2.556795768432018,-7.095500310266666]]",4.798982648429877,distance_enumeration_from_raw_structure,0,0,{},,6.011141610225559,species_reported_hop_q0.950_n95,7d46cde20faa97c9d8f4db8d0ad67baa88774904c3bcca37b767c4aa6890be54
edge_33242c7429eeca98f5a4f0,pg_8671acb3ed3d2c0526,em_complete_0420_jid_420,em_complete_0420_jid_420,Na,0.0,1,stored_edge_orientation,Na10Mn2Al2P9O24|Na,0.924018333333334,0.40103016666666724,0.40103016666666724,1.447006500000001,1.0459763333333338,0.1838425000000009,0.1838425000000009,1.6641941666666673,1.4803516666666665,0.9473654666714775,ENSEMBLE_DISAGREEMENT_NOT_CALIBRATED_INTERVAL,3.700222311296874,1.0,0.0,1,1,Na87Mn16Al16P72O192|Na;Li15Co16B16O48|Li;Na31Si16Ni16O64|Na;Ca31Co32O80|Ca;Li47P16O64|Li,5,0,LABEL_CALIBRATED_TRANSFER_REQUIRES_EDGE_EXCHANGEABILITY;NETWORK_VALUES_ARE_SENSITIVITY_ENVELOPES_ONLY,0,SENSITIVITY_ENVELOPE_ONLY,OOF_GROUP_PURGED_PERIODIC_NETWORK,3,ExtraTrees,umodel_6a6528a142b33b38f4c0,3395f101552c7bf42574b94fb6ba441ce3d5feef94ad3b5f3edd41d11bc09f8b,leave_formula_plus_migrating_species_out,80e699600f7a3c7249b2642d61c8c3fdd7db140d9b9b20cbf8576d0ff18b6b45,OOF_HELD_OUT_FORMULA_SPECIES_GROUP,0,pg_8671acb3ed3d2c0526_n0002,pg_8671acb3ed3d2c0526_n0010,0,0,0,"[0.1219999689999999,0.8786700070000001,0.5003299810000001]","[0.878670007,0.5003299810000001,0.1219999689999998]","[0.7566700380000001,-0.37834002599999994,-0.3783300120000003]","[4.434700075583997e-05,-5.803952253773085,8.881784197001252e-16]","[[1e-16,-5.113591536864036,-7.095500310266666],[-4.428500175501366,2.556795768432018,-7.095500310266666],[4.428500175501366,2.556795768432018,-7.095500310266666]]",5.803952253942509,distance_enumeration_from_raw_structure,0,0,{},,6.011141610225559,species_reported_hop_q0.950_n95,7d46cde20faa97c9d8f4db8d0ad67baa88774904c3bcca37b767c4aa6890be54
edge_33493cd41a897bd00d41f3,pg_8671acb3ed3d2c0526,em_complete_0420_jid_420,em_complete_0420_jid_420,Na,0.0,1,stored_edge_orientation,Na10Mn2Al2P9O24|Na,0.9398341666666674,0.4168460000000006,0.4168460000000006,1.4628223333333343,1.0459763333333338,0.19965833333333427,0.19965833333333427,1.6800100000000007,1.4803516666666665,0.6743326549876099,ENSEMBLE_DISAGREEMENT_NOT_CALIBRATED_INTERVAL,3.0050978494850056,0.9743589743589745,0.02564102564102555,1,0,Na87Mn16Al16P72O192|Na;Ca31Mn32O80|Ca;Na31Si16Ni16O64|Na;Ca31Co32O80|Ca;Na63Mn32O96|Na,5,0,LABEL_CALIBRATED_TRANSFER_REQUIRES_EDGE_EXCHANGEABILITY;NETWORK_VALUES_ARE_SENSITIVITY_ENVELOPES_ONLY,0,SENSITIVITY_ENVELOPE_ONLY,OOF_GROUP_PURGED_PERIODIC_NETWORK,3,ExtraTrees,umodel_6a6528a142b33b38f4c0,3395f101552c7bf42574b94fb6ba441ce3d5feef94ad3b5f3edd41d11bc09f8b,leave_formula_plus_migrating_species_out,80e699600f7a3c7249b2642d61c8c3fdd7db140d9b9b20cbf8576d0ff18b6b45,OOF_HELD_OUT_FORMULA_SPECIES_GROUP,0,pg_8671acb3ed3d2c0526_n0000,pg_8671acb3ed3d2c0526_n0006,0,0,0,"[0.0,0.3433799943333334,0.6566200056666667]","[0.5003299810000001,0.121999969,0.878670007]","[0.5003299810000001,-0.2213800253333334,0.2220500013333333]","[1.963729950915909,-2.556770164679194,-3.5548453503370867]","[[1e-16,-5.113591536864036,-7.095500310266666],[-4.428500175501366,2.556795768432018,-7.095500310266666],[4.428500175501366,2.556795768432018,-7.095500310266666]]",4.798982648429881,distance_enumeration_from_raw_structure,0,0,{},,6.011141610225559,species_reported_hop_q0.950_n95,7d46cde20faa97c9d8f4db8d0ad67baa88774904c3bcca37b767c4aa6890be54
edge_34f8eb58db2246ce0baea7,pg_8671acb3ed3d2c0526,em_complete_0420_jid_420,em_complete_0420_jid_420,Na,0.0,1,stored_edge_orientation,Na10Mn2Al2P9O24|Na,0.8850158333333336,0.36202766666666675,0.36202766666666675,1.4080040000000005,1.0459763333333338,0.1448400000000004,0.1448400000000004,1.6251916666666668,1.4803516666666665,0.9351595745583716,ENSEMBLE_DISAGREEMENT_NOT_CALIBRATED_INTERVAL,3.575116453427628,0.9975961538461539,0.0024038461538461453,1,1,Na87Mn16Al16P72O192|Na;Li15Co16B16O48|Li;Li47P16O64|Li;Ca31Co32O80|Ca;Li63Ni32O64|Li,5,0,LABEL_CALIBRATED_TRANSFER_REQUIRES_EDGE_EXCHANGEABILITY;NETWORK_VALUES_ARE_SENSITIVITY_ENVELOPES_ONLY,0,SENSITIVITY_ENVELOPE_ONLY,OOF_GROUP_PURGED_PERIODIC_NETWORK,3,ExtraTrees,umodel_6a6528a142b33b38f4c0,3395f101552c7bf42574b94fb6ba441ce3d5feef94ad3b5f3edd41d11bc09f8b,leave_formula_plus_migrating_species_out,80e699600f7a3c7249b2642d61c8c3fdd7db140d9b9b20cbf8576d0ff18b6b45,OOF_HELD_OUT_FORMULA_SPECIES_GROUP,0,pg_8671acb3ed3d2c0526_n0006,pg_8671acb3ed3d2c0526_n0009,0,-1,1,"[0.5003299810000001,0.121999969,0.878670007]","[0.8780000310000002,0.4996700189999997,0.1213299930000001]","[0.3776700500000001,-0.6223299500000004,0.24265998600000005]","[3.8306080833829173,-2.9019889287629552,0.014190390407508469]","[[1e-16,-5.113591536864036,-7.095500310266666],[-4.428500175501366,2.556795768432018,-7.095500310266666],[4.428500175501366,2.556795768432018,-7.095500310266666]]",4.805756901708745,distance_enumeration_from_raw_structure,0,0,{},,6.011141610225559,species_reported_hop_q0.950_n95,7d46cde20faa97c9d8f4db8d0ad67baa88774904c3bcca37b767c4aa6890be54
edge_38ba582327e568beb14b28,pg_8671acb3ed3d2c0526,em_complete_0420_jid_420,em_complete_0420_jid_420,Na,0.0,1,stored_edge_orientation,Na10Mn2Al2P9O24|Na,0.924018333333334,0.40103016666666724,0.40103016666666724,1.447006500000001,1.0459763333333338,0.1838425000000009,0.1838425000000009,1.6641941666666673,1.4803516666666665,0.9473654666714775,ENSEMBLE_DISAGREEMENT_NOT_CALIBRATED_INTERVAL,3.7002199740455364,1.0,0.0,1,1,Na87Mn16Al16P72O192|Na;Li15Co16B16O48|Li;Na31Si16Ni16O64|Na;Ca31Co32O80|Ca;Li47P16O64|Li,5,0,LABEL_CALIBRATED_TRANSFER_REQUIRES_EDGE_EXCHANGEABILITY;NETWORK_VALUES_ARE_SENSITIVITY_ENVELOPES_ONLY,0,SENSITIVITY_ENVELOPE_ONLY,OOF_GROUP_PURGED_PERIODIC_NETWORK,3,ExtraTrees,umodel_6a6528a142b33b38f4c0,3395f101552c7bf42574b94fb6ba441ce3d5feef94ad3b5f3edd41d11bc09f8b,leave_formula_plus_migrating_species_out,80e699600f7a3c7249b2642d61c8c3fdd7db140d9b9b20cbf8576d0ff18b6b45,OOF_HELD_OUT_FORMULA_SPECIES_GROUP,0,pg_8671acb3ed3d2c0526_n0005,pg_8671acb3ed3d2c0526_n0010,0,0,0,"[0.4996700189999997,0.1213299930000002,0.8780000310000002]","[0.878670007,0.5003299810000001,0.1219999689999998]","[0.3789999880000003,0.37899998799999995,-0.7560000620000005]","[-5.026347920619061,-2.901963325010132,-0.014190390407505582]","[[1e-16,-5.113591536864036,-7.095500310266666],[-4.428500175501366,2.556795768432018,-7.095500310266666],[4.428500175501366,2.556795768432018,-7.095500310266666]]",5.803943997489581,distance_enumeration_from_raw_structure,0,0,{},,6.011141610225559,species_reported_hop_q0.950_n95,7d46cde20faa97c9d8f4db8d0ad67baa88774904c3bcca37b767c4aa6890be54
edge_392158fd598d702f7745bc,pg_8671acb3ed3d2c0526,em_complete_0420_jid_420,em_complete_0420_jid_420,Na,0.0,1,stored_edge_orientation,Na10Mn2Al2P9O24|Na,0.8805008333333335,0.3575126666666667,0.3575126666666667,1.4034890000000004,1.0459763333333338,0.14032500000000037,0.14032500000000037,1.6206766666666668,1.4803516666666665,0.9357930821705164,ENSEMBLE_DISAGREEMENT_NOT_CALIBRATED_INTERVAL,3.5749317901295194,0.9975961538461539,0.0024038461538461453,1,1,Na87Mn16Al16P72O192|Na;Li15Co16B16O48|Li;Li47P16O64|Li;Ca31Co32O80|Ca;Li63Ni32O64|Li,5,0,LABEL_CALIBRATED_TRANSFER_REQUIRES_EDGE_EXCHANGEABILITY;NETWORK_VALUES_ARE_SENSITIVITY_ENVELOPES_ONLY,0,SENSITIVITY_ENVELOPE_ONLY,OOF_GROUP_PURGED_PERIODIC_NETWORK,3,ExtraTrees,umodel_6a6528a142b33b38f4c0,3395f101552c7bf42574b94fb6ba441ce3d5feef94ad3b5f3edd41d11bc09f8b,leave_formula_plus_migrating_species_out,80e699600f7a3c7249b2642d61c8c3fdd7db140d9b9b20cbf8576d0ff18b6b45,OOF_HELD_OUT_FORMULA_SPECIES_GROUP,0,pg_8671acb3ed3d2c0526_n0001,pg_8671acb3ed3d2c0526_n0009,-1,0,1,"[0.1213299930000001,0.8780000310000005,0.4996700190000001]","[0.8780000310000002,0.4996700189999997,0.1213299930000001]","[-0.24332996199999984,-0.37833001200000077,0.621659974]","[4.428455828500612,1.8664350515229684,4.440892098500626e-15]","[[1e-16,-5.113591536864036,-7.095500310266666],[-4.428500175501366,2.556795768432018,-7.095500310266666],[4.428500175501366,2.556795768432018,-7.095500310266666]]",4.805705029081017,distance_enumeration_from_raw_structure,0,0,{},,6.011141610225559,species_reported_hop_q0.950_n95,7d46cde20faa97c9d8f4db8d0ad67baa88774904c3bcca37b767c4aa6890be54
edge_3d2a4c1d095dbdea0d86b3,pg_8671acb3ed3d2c0526,em_complete_0420_jid_420,em_complete_0420_jid_420,Na,0.0,1,stored_edge_orientation,Na10Mn2Al2P9O24|Na,1.1840900000000005,0.6611018333333337,0.6611018333333337,1.7070781666666672,1.0459763333333334,0.4439141666666674,0.4439141666666674,1.9242658333333336,1.480351666666666,0.6026993993669002,ENSEMBLE_DISAGREEMENT_NOT_CALIBRATED_INTERVAL,1.7786124602929074,0.7147435897435896,0.28525641025641035,0,0,Ca15Mn16P32O112|Ca;Ca31Mn32O80|Ca;Na31Si16Ni16O64|Na;Na31V32P32O160|Na;Ca31Co32O80|Ca,5,0,LABEL_CALIBRATED_TRANSFER_REQUIRES_EDGE_EXCHANGEABILITY;NETWORK_VALUES_ARE_SENSITIVITY_ENVELOPES_ONLY,0,SENSITIVITY_ENVELOPE_ONLY,OOF_GROUP_PURGED_PERIODIC_NETWORK,3,ExtraTrees,umodel_6a6528a142b33b38f4c0,3395f101552c7bf42574b94fb6ba441ce3d5feef94ad3b5f3edd41d11bc09f8b,leave_formula_plus_migrating_species_out,80e699600f7a3c7249b2642d61c8c3fdd7db140d9b9b20cbf8576d0ff18b6b45,OOF_HELD_OUT_FORMULA_SPECIES_GROUP,0,pg_8671acb3ed3d2c0526_n0000,pg_8671acb3ed3d2c0526_n0007,-1,0,1,"[0.0,0.3433799943333334,0.6566200056666667]","[0.6566200056666669,1e-16,0.3433799943333333]","[-0.3433799943333331,-0.34337999433333327,0.6867599886666667]","[4.561975095506474,2.6338575494270304,-1.7763568394002505e-15]","[[1e-16,-5.113591536864036,-7.095500310266666],[-4.428500175501366,2.556795768432018,-7.095500310266666],[4.428500175501366,2.556795768432018,-7.095500310266666]]",5.267715098854063,distance_enumeration_from_raw_structure,0,0,{},,6.011141610225559,species_reported_hop_q0.950_n95,7d46cde20faa97c9d8f4db8d0ad67baa88774904c3bcca37b767c4aa6890be54
edge_3d976995401a61d84afff4,pg_8671acb3ed3d2c0526,em_complete_0420_jid_420,em_complete_0420_jid_420,Na,0.0,1,stored_edge_orientation,Na10Mn2Al2P9O24|Na,0.8768433333333339,0.35385516666666705,0.35385516666666705,1.3998315000000008,1.0459763333333338,0.13666750000000072,0.13666750000000072,1.6170191666666671,1.4803516666666665,0.6426845069359892,ENSEMBLE_DISAGREEMENT_NOT_CALIBRATED_INTERVAL,2.997107355692982,0.9743589743589745,0.02564102564102555,1,0,Na87Mn16Al16P72O192|Na;Ca31Mn32O80|Ca;Ca31Co32O80|Ca;Na31Si16Ni16O64|Na;Na63Mn32O96|Na,5,0,LABEL_CALIBRATED_TRANSFER_REQUIRES_EDGE_EXCHANGEABILITY;NETWORK_VALUES_ARE_SENSITIVITY_ENVELOPES_ONLY,0,SENSITIVITY_ENVELOPE_ONLY,OOF_GROUP_PURGED_PERIODIC_NETWORK,3,ExtraTrees,umodel_6a6528a142b33b38f4c0,3395f101552c7bf42574b94fb6ba441ce3d5feef94ad3b5f3edd41d11bc09f8b,leave_formula_plus_migrating_species_out,80e699600f7a3c7249b2642d61c8c3fdd7db140d9b9b20cbf8576d0ff18b6b45,OOF_HELD_OUT_FORMULA_SPECIES_GROUP,0,pg_8671acb3ed3d2c0526_n0000,pg_8671acb3ed3d2c0526_n0009,-1,0,1,"[0.0,0.3433799943333334,0.6566200056666667]","[0.8780000310000002,0.4996700189999997,0.1213299930000001]","[-0.12199996899999976,0.1562900246666663,0.46470998733333335]","[1.3658378587974598,2.2116282118539052,-3.540654959929579]","[[1e-16,-5.113591536864036,-7.095500310266666],[-4.428500175501366,2.556795768432018,-7.095500310266666],[4.428500175501366,2.556795768432018,-7.095500310266666]]",4.392385450898687,distance_enumeration_from_raw_structure,0,0,{},,6.011141610225559,species_reported_hop_q0.950_n95,7d46cde20faa97c9d8f4db8d0ad67baa88774904c3bcca37b767c4aa6890be54
edge_3ebf15cf6591dd34fcbd31,pg_8671acb3ed3d2c0526,em_complete_0420_jid_420,em_complete_0420_jid_420,Na,0.0,1,stored_edge_orientation,Na10Mn2Al2P9O24|Na,1.0043296666666672,0.4813415000000004,0.4813415000000004,1.527317833333334,1.0459763333333334,0.2641538333333341,0.2641538333333341,1.7445055000000003,1.480351666666666,0.5540514697564959,ENSEMBLE_DISAGREEMENT_NOT_CALIBRATED_INTERVAL,2.782369779909716,0.9671474358974358,0.03285256410256421,1,0,Na87Mn16Al16P72O192|Na;Na31Si16Ni16O64|Na;Li15Co16B16O48|Li;Ca31Co32O80|Ca;Li47P16O64|Li,5,0,LABEL_CALIBRATED_TRANSFER_REQUIRES_EDGE_EXCHANGEABILITY;NETWORK_VALUES_ARE_SENSITIVITY_ENVELOPES_ONLY,0,SENSITIVITY_ENVELOPE_ONLY,OOF_GROUP_PURGED_PERIODIC_NETWORK,3,ExtraTrees,umodel_6a6528a142b33b38f4c0,3395f101552c7bf42574b94fb6ba441ce3d5feef94ad3b5f3edd41d11bc09f8b,leave_formula_plus_migrating_species_out,80e699600f7a3c7249b2642d61c8c3fdd7db140d9b9b20cbf8576d0ff18b6b45,OOF_HELD_OUT_FORMULA_SPECIES_GROUP,0,pg_8671acb3ed3d2c0526_n0002,pg_8671acb3ed3d2c0526_n0007,-1,1,0,"[0.1219999689999999,0.8786700070000001,0.5003299810000001]","[0.6566200056666669,1e-16,0.3433799943333333]","[-0.465379963333333,0.12132999299999991,-0.15694998666666682]","[-1.2323629387923503,2.288689992848918,3.5548453503370854]","[[1e-16,-5.113591536864036,-7.095500310266666],[-4.428500175501366,2.556795768432018,-7.095500310266666],[4.428500175501366,2.556795768432018,-7.095500310266666]]",4.403833075979254,distance_enumeration_from_raw_structure,0,0,{},,6.011141610225559,species_reported_hop_q0.950_n95,7d46cde20faa97c9d8f4db8d0ad67baa88774904c3bcca37b767c4aa6890be54
edge_3fe9600c8961f92a6fb6f1,pg_8671acb3ed3d2c0526,em_complete_0420_jid_420,em_complete_0420_jid_420,Na,0.0,1,stored_edge_orientation,Na10Mn2Al2P9O24|Na,0.924018333333334,0.40103016666666724,0.40103016666666724,1.447006500000001,1.0459763333333338,0.1838425000000009,0.1838425000000009,1.6641941666666673,1.4803516666666665,0.9473654666714775,ENSEMBLE_DISAGREEMENT_NOT_CALIBRATED_INTERVAL,3.70022040417624,1.0,0.0,1,1,Na87Mn16Al16P72O192|Na;Li15Co16B16O48|Li;Na31Si16Ni16O64|Na;Ca31Co32O80|Ca;Li47P16O64|Li,5,0,LABEL_CALIBRATED_TRANSFER_REQUIRES_EDGE_EXCHANGEABILITY;NETWORK_VALUES_ARE_SENSITIVITY_ENVELOPES_ONLY,0,SENSITIVITY_ENVELOPE_ONLY,OOF_GROUP_PURGED_PERIODIC_NETWORK,3,ExtraTrees,umodel_6a6528a142b33b38f4c0,3395f101552c7bf42574b94fb6ba441ce3d5feef94ad3b5f3edd41d11bc09f8b,leave_formula_plus_migrating_species_out,80e699600f7a3c7249b2642d61c8c3fdd7db140d9b9b20cbf8576d0ff18b6b45,OOF_HELD_OUT_FORMULA_SPECIES_GROUP,0,pg_8671acb3ed3d2c0526_n0001,pg_8671acb3ed3d2c0526_n0010,0,0,0,"[0.1213299930000001,0.8780000310000005,0.4996700190000001]","[0.878670007,0.5003299810000001,0.1219999689999998]","[0.7573400139999998,-0.3776700500000003,-0.37767005000000026]","[2.220446049250313e-16,-5.803977857525909,-0.014190390407501585]","[[1e-16,-5.113591536864036,-7.095500310266666],[-4.428500175501366,2.556795768432018,-7.095500310266666],[4.428500175501366,2.556795768432018,-7.095500310266666]]",5.803995204842175,distance_enumeration_from_raw_structure,0,0,{},,6.011141610225559,species_reported_hop_q0.950_n95,7d46cde20faa97c9d8f4db8d0ad67baa88774904c3bcca37b767c4aa6890be54
edge_441ddefb126899e662a56d,pg_8671acb3ed3d2c0526,em_complete_0420_jid_420,em_complete_0420_jid_420,Na,0.0,1,stored_edge_orientation,Na10Mn2Al2P9O24|Na,0.9605441666666671,0.4375560000000003,0.4375560000000003,1.483532333333334,1.0459763333333336,0.22036833333333394,0.22036833333333394,1.7007200000000002,1.4803516666666663,0.5773883582509695,ENSEMBLE_DISAGREEMENT_NOT_CALIBRATED_INTERVAL,2.848449762528554,0.969551282051282,0.03044871794871795,1,0,Na87Mn16Al16P72O192|Na;Li23Ru24O48|Li;Li31Mn16Si16O64|Li;Na63Mn32O96|Na;Na31Si16Ni16O64|Na,5,0,LABEL_CALIBRATED_TRANSFER_REQUIRES_EDGE_EXCHANGEABILITY;NETWORK_VALUES_ARE_SENSITIVITY_ENVELOPES_ONLY,0,SENSITIVITY_ENVELOPE_ONLY,OOF_GROUP_PURGED_PERIODIC_NETWORK,3,ExtraTrees,umodel_6a6528a142b33b38f4c0,3395f101552c7bf42574b94fb6ba441ce3d5feef94ad3b5f3edd41d11bc09f8b,leave_formula_plus_migrating_species_out,80e699600f7a3c7249b2642d61c8c3fdd7db140d9b9b20cbf8576d0ff18b6b45,OOF_HELD_OUT_FORMULA_SPECIES_GROUP,0,pg_8671acb3ed3d2c0526_n0001,pg_8671acb3ed3d2c0526_n0008,-1,0,0,"[0.1213299930000001,0.8780000310000005,0.4996700190000001]","[0.7494300106666668,0.7494300106666667,0.7494300106666665]","[-0.37189998233333327,-0.12857002033333376,0.2497599916666664]","[1.6754345245394346,2.2116026081010802,1.7789129608374634]","[[1e-16,-5.113591536864036,-7.095500310266666],[-4.428500175501366,2.556795768432018,-7.095500310266666],[4.428500175501366,2.556795768432018,-7.095500310266666]]",3.295875947970993,distance_enumeration_from_raw_structure,0,0,{},,6.011141610225559,species_reported_hop_q0.950_n95,7d46cde20faa97c9d8f4db8d0ad67baa88774904c3bcca37b767c4aa6890be54
edge_443fb9fef58372c8c77f72,pg_8671acb3ed3d2c0526,em_complete_0420_jid_420,em_complete_0420_jid_420,Na,0.0,1,stored_edge_orientation,Na10Mn2Al2P9O24|Na,0.9470391666666673,0.4240510000000005,0.4240510000000005,1.4700273333333342,1.0459763333333338,0.20686333333333418,0.20686333333333418,1.6872150000000006,1.4803516666666665,0.6993218411387921,ENSEMBLE_DISAGREEMENT_NOT_CALIBRATED_INTERVAL,3.057932670552868,0.9791666666666667,0.02083333333333326,1,0,Na87Mn16Al16P72O192|Na;Na31Si16Ni16O64|Na;Ca31Mn32O80|Ca;Ca31Co32O80|Ca;Na63Mn32O96|Na,5,0,LABEL_CALIBRATED_TRANSFER_REQUIRES_EDGE_EXCHANGEABILITY;NETWORK_VALUES_ARE_SENSITIVITY_ENVELOPES_ONLY,0,SENSITIVITY_ENVELOPE_ONLY,OOF_GROUP_PURGED_PERIODIC_NETWORK,3,ExtraTrees,umodel_6a6528a142b33b38f4c0,3395f101552c7bf42574b94fb6ba441ce3d5feef94ad3b5f3edd41d11bc09f8b,leave_formula_plus_migrating_species_out,80e699600f7a3c7249b2642d61c8c3fdd7db140d9b9b20cbf8576d0ff18b6b45,OOF_HELD_OUT_FORMULA_SPECIES_GROUP,0,pg_8671acb3ed3d2c0526_n0004,pg_8671acb3ed3d2c0526_n0006,0,0,-1,"[0.3433799943333332,0.6566200056666668,0.0]","[0.5003299810000001,0.121999969,0.878670007]","[0.15694998666666693,-0.5346200366666668,-0.12132999300000002]","[1.830255030910801,-2.479708383684182,3.540654959929579]","[[1e-16,-5.113591536864036,-7.095500310266666],[-4.428500175501366,2.556795768432018,-7.095500310266666],[4.428500175501366,2.556795768432018,-7.095500310266666]]",4.69414791965079,distance_enumeration_from_raw_structure,0,0,{},,6.011141610225559,species_reported_hop_q0.950_n95,7d46cde20faa97c9d8f4db8d0ad67baa88774904c3bcca37b767c4aa6890be54
edge_4a3482853518637a3c8305,pg_8671acb3ed3d2c0526,em_complete_0420_jid_420,em_complete_0420_jid_420,Na,0.0,1,stored_edge_orientation,Na10Mn2Al2P9O24|Na,0.8841833333333337,0.36119516666666684,0.36119516666666684,1.4071715000000005,1.0459763333333336,0.1440075000000005,0.1440075000000005,1.6243591666666668,1.4803516666666663,0.9358322068856386,ENSEMBLE_DISAGREEMENT_NOT_CALIBRATED_INTERVAL,3.576393185085718,0.9975961538461539,0.0024038461538461453,1,1,Na87Mn16Al16P72O192|Na;Li15Co16B16O48|Li;Li47P16O64|Li;Ca31Co32O80|Ca;Li63Ni32O64|Li,5,0,LABEL_CALIBRATED_TRANSFER_REQUIRES_EDGE_EXCHANGEABILITY;NETWORK_VALUES_ARE_SENSITIVITY_ENVELOPES_ONLY,0,SENSITIVITY_ENVELOPE_ONLY,OOF_GROUP_PURGED_PERIODIC_NETWORK,3,ExtraTrees,umodel_6a6528a142b33b38f4c0,3395f101552c7bf42574b94fb6ba441ce3d5feef94ad3b5f3edd41d11bc09f8b,leave_formula_plus_migrating_species_out,80e699600f7a3c7249b2642d61c8c3fdd7db140d9b9b20cbf8576d0ff18b6b45,OOF_HELD_OUT_FORMULA_SPECIES_GROUP,0,pg_8671acb3ed3d2c0526_n0001,pg_8671acb3ed3d2c0526_n0005,0,1,-1,"[0.1213299930000001,0.8780000310000005,0.4996700190000001]","[0.4996700189999997,0.1213299930000002,0.8780000310000002]","[0.3783400259999996,0.2433299619999998,-0.6216699879999998]","[-3.830652430383671,-2.9020145325157776,2.6645352591003757e-15]","[[1e-16,-5.113591536864036,-7.095500310266666],[-4.428500175501366,2.556795768432018,-7.095500310266666],[4.428500175501366,2.556795768432018,-7.095500310266666]]",4.8057867607018405,distance_enumeration_from_raw_structure,0,0,{},,6.011141610225559,species_reported_hop_q0.950_n95,7d46cde20faa97c9d8f4db8d0ad67baa88774904c3bcca37b767c4aa6890be54
edge_4ae6a13687ce0ea1591658,pg_8671acb3ed3d2c0526,em_complete_0420_jid_420,em_complete_0420_jid_420,Na,0.0,1,stored_edge_orientation,Na10Mn2Al2P9O24|Na,0.9866081666666666,0.4636199999999998,0.4636199999999998,1.5095963333333335,1.0459763333333338,0.24643233333333348,0.24643233333333348,1.7267839999999999,1.4803516666666665,0.5641765162360044,ENSEMBLE_DISAGREEMENT_NOT_CALIBRATED_INTERVAL,3.1549490072017745,0.9839743589743588,0.01602564102564119,1,0,Na87Mn16Al16P72O192|Na;Na63Mn32O96|Na;Na31Si16Ni16O64|Na;Ca31Mn32O80|Ca;Ca31Co32O80|Ca,5,0,LABEL_CALIBRATED_TRANSFER_REQUIRES_EDGE_EXCHANGEABILITY;NETWORK_VALUES_ARE_SENSITIVITY_ENVELOPES_ONLY,0,SENSITIVITY_ENVELOPE_ONLY,OOF_GROUP_PURGED_PERIODIC_NETWORK,3,ExtraTrees,umodel_6a6528a142b33b38f4c0,3395f101552c7bf42574b94fb6ba441ce3d5feef94ad3b5f3edd41d11bc09f8b,leave_formula_plus_migrating_species_out,80e699600f7a3c7249b2642d61c8c3fdd7db140d9b9b20cbf8576d0ff18b6b45,OOF_HELD_OUT_FORMULA_SPECIES_GROUP,0,pg_8671acb3ed3d2c0526_n0002,pg_8671acb3ed3d2c0526_n0003,0,1,0,"[0.1219999689999999,0.8786700070000001,0.5003299810000001]","[0.2505699893333335,0.2505699893333335,0.2505699893333334]","[0.12857002033333362,0.37189998233333343,-0.24975999166666674]","[-2.7530213039611753,-0.34516755657811227,-1.7789129608374614]","[[1e-16,-5.113591536864036,-7.095500310266666],[-4.428500175501366,2.556795768432018,-7.095500310266666],[4.428500175501366,2.556795768432018,-7.095500310266666]]",3.295875947970994,distance_enumeration_from_raw_structure,0,0,{},,6.011141610225559,species_reported_hop_q0.950_n95,7d46cde20faa97c9d8f4db8d0ad67baa88774904c3bcca37b767c4aa6890be54
edge_4afca331553ca4d6231a7a,pg_8671acb3ed3d2c0526,em_complete_0420_jid_420,em_complete_0420_jid_420,Na,0.0,1,stored_edge_orientation,Na10Mn2Al2P9O24|Na,0.924018333333334,0.40103016666666724,0.40103016666666724,1.447006500000001,1.0459763333333338,0.1838425000000009,0.1838425000000009,1.6641941666666673,1.4803516666666665,0.9473654666714775,ENSEMBLE_DISAGREEMENT_NOT_CALIBRATED_INTERVAL,3.7002279083750156,1.0,0.0,1,1,Na87Mn16Al16P72O192|Na;Li15Co16B16O48|Li;Na31Si16Ni16O64|Na;Ca31Co32O80|Ca;Li47P16O64|Li,5,0,LABEL_CALIBRATED_TRANSFER_REQUIRES_EDGE_EXCHANGEABILITY;NETWORK_VALUES_ARE_SENSITIVITY_ENVELOPES_ONLY,0,SENSITIVITY_ENVELOPE_ONLY,OOF_GROUP_PURGED_PERIODIC_NETWORK,3,ExtraTrees,umodel_6a6528a142b33b38f4c0,3395f101552c7bf42574b94fb6ba441ce3d5feef94ad3b5f3edd41d11bc09f8b,leave_formula_plus_migrating_species_out,80e699600f7a3c7249b2642d61c8c3fdd7db140d9b9b20cbf8576d0ff18b6b45,OOF_HELD_OUT_FORMULA_SPECIES_GROUP,0,pg_8671acb3ed3d2c0526_n0006,pg_8671acb3ed3d2c0526_n0009,0,0,0,"[0.5003299810000001,0.121999969,0.878670007]","[0.8780000310000002,0.4996700189999997,0.1213299930000001]","[0.3776700500000001,0.3776700499999997,-0.7573400139999998]","[-5.026392267619815,-2.901988928762955,0.01419039040750647]","[[1e-16,-5.113591536864036,-7.095500310266666],[-4.428500175501366,2.556795768432018,-7.095500310266666],[4.428500175501366,2.556795768432018,-7.095500310266666]]",5.803995204842173,distance_enumeration_from_raw_structure,0,0,{},,6.011141610225559,species_reported_hop_q0.950_n95,7d46cde20faa97c9d8f4db8d0ad67baa88774904c3bcca37b767c4aa6890be54
edge_4d1635bea4acbae2e7bed8,pg_8671acb3ed3d2c0526,em_complete_0420_jid_420,em_complete_0420_jid_420,Na,0.0,1,stored_edge_orientation,Na10Mn2Al2P9O24|Na,0.9882941666666675,0.46530600000000066,0.46530600000000066,1.5112823333333343,1.0459763333333336,0.24811833333333433,0.24811833333333433,1.7284700000000006,1.4803516666666663,0.8598712539253088,ENSEMBLE_DISAGREEMENT_NOT_CALIBRATED_INTERVAL,3.0644412931860594,0.9791666666666667,0.02083333333333326,1,0,Na87Mn16Al16P72O192|Na;Na31Si16Ni16O64|Na;Ca31Mn32O80|Ca;Ca31Co32O80|Ca;Na63Mn32O96|Na,5,0,LABEL_CALIBRATED_TRANSFER_REQUIRES_EDGE_EXCHANGEABILITY;NETWORK_VALUES_ARE_SENSITIVITY_ENVELOPES_ONLY,0,SENSITIVITY_ENVELOPE_ONLY,OOF_GROUP_PURGED_PERIODIC_NETWORK,3,ExtraTrees,umodel_6a6528a142b33b38f4c0,3395f101552c7bf42574b94fb6ba441ce3d5feef94ad3b5f3edd41d11bc09f8b,leave_formula_plus_migrating_species_out,80e699600f7a3c7249b2642d61c8c3fdd7db140d9b9b20cbf8576d0ff18b6b45,OOF_HELD_OUT_FORMULA_SPECIES_GROUP,0,pg_8671acb3ed3d2c0526_n0000,pg_8671acb3ed3d2c0526_n0002,0,0,0,"[0.0,0.3433799943333334,0.6566200056666667]","[0.1219999689999999,0.8786700070000001,0.5003299810000001]","[0.1219999689999999,0.5352900126666666,-0.15629002466666653]","[-3.062662316703907,0.3451675565781117,-3.5548453503370867]","[[1e-16,-5.113591536864036,-7.095500310266666],[-4.428500175501366,2.556795768432018,-7.095500310266666],[4.428500175501366,2.556795768432018,-7.095500310266666]]",4.704887519706019,distance_enumeration_from_raw_structure,0,0,{},,6.011141610225559,species_reported_hop_q0.950_n95,7d46cde20faa97c9d8f4db8d0ad67baa88774904c3bcca37b767c4aa6890be54
edge_502183a9f5cce48249810c,pg_8671acb3ed3d2c0526,em_complete_0420_jid_420,em_complete_0420_jid_420,Na,0.0,1,stored_edge_orientation,Na10Mn2Al2P9O24|Na,0.8841833333333337,0.36119516666666684,0.36119516666666684,1.4071715000000005,1.0459763333333336,0.1440075000000005,0.1440075000000005,1.6243591666666668,1.4803516666666663,0.9358322068856386,ENSEMBLE_DISAGREEMENT_NOT_CALIBRATED_INTERVAL,3.5763582399703764,0.9975961538461539,0.0024038461538461453,1,1,Na87Mn16Al16P72O192|Na;Li15Co16B16O48|Li;Li47P16O64|Li;Ca31Co32O80|Ca;Li63Ni32O64|Li,5,0,LABEL_CALIBRATED_TRANSFER_REQUIRES_EDGE_EXCHANGEABILITY;NETWORK_VALUES_ARE_SENSITIVITY_ENVELOPES_ONLY,0,SENSITIVITY_ENVELOPE_ONLY,OOF_GROUP_PURGED_PERIODIC_NETWORK,3,ExtraTrees,umodel_6a6528a142b33b38f4c0,3395f101552c7bf42574b94fb6ba441ce3d5feef94ad3b5f3edd41d11bc09f8b,leave_formula_plus_migrating_species_out,80e699600f7a3c7249b2642d61c8c3fdd7db140d9b9b20cbf8576d0ff18b6b45,OOF_HELD_OUT_FORMULA_SPECIES_GROUP,0,pg_8671acb3ed3d2c0526_n0002,pg_8671acb3ed3d2c0526_n0005,0,1,-1,"[0.1219999689999999,0.8786700070000001,0.5003299810000001]","[0.4996700189999997,0.1213299930000002,0.8780000310000002]","[0.37767004999999976,0.24265998600000016,-0.6223299499999999]","[-3.8306080833829155,-2.901988928762952,0.01419039040750647]","[[1e-16,-5.113591536864036,-7.095500310266666],[-4.428500175501366,2.556795768432018,-7.095500310266666],[4.428500175501366,2.556795768432018,-7.095500310266666]]",4.805756901708741,distance_enumeration_from_raw_structure,0,0,{},,6.011141610225559,species_reported_hop_q0.950_n95,7d46cde20faa97c9d8f4db8d0ad67baa88774904c3bcca37b767c4aa6890be54
edge_54db09e064bb4b42a49fba,pg_8671acb3ed3d2c0526,em_complete_0420_jid_420,em_complete_0420_jid_420,Na,0.0,1,stored_edge_orientation,Na10Mn2Al2P9O24|Na,1.1611516666666675,0.6381635000000007,0.6381635000000007,1.6841398333333344,1.0459763333333338,0.4209758333333343,0.4209758333333343,1.9013275000000007,1.4803516666666665,0.6153528554008666,ENSEMBLE_DISAGREEMENT_NOT_CALIBRATED_INTERVAL,1.864665049080278,0.7475961538461539,0.25240384615384615,0,0,Ca31Mn32O80|Ca;Na31Si16Ni16O64|Na;Ca31Co32O80|Ca;Ca15Mn16P32O112|Ca;Ca23Mn16Si24O96|Ca,5,0,LABEL_CALIBRATED_TRANSFER_REQUIRES_EDGE_EXCHANGEABILITY;NETWORK_VALUES_ARE_SENSITIVITY_ENVELOPES_ONLY,0,SENSITIVITY_ENVELOPE_ONLY,OOF_GROUP_PURGED_PERIODIC_NETWORK,3,ExtraTrees,umodel_6a6528a142b33b38f4c0,3395f101552c7bf42574b94fb6ba441ce3d5feef94ad3b5f3edd41d11bc09f8b,leave_formula_plus_migrating_species_out,80e699600f7a3c7249b2642d61c8c3fdd7db140d9b9b20cbf8576d0ff18b6b45,OOF_HELD_OUT_FORMULA_SPECIES_GROUP,0,pg_8671acb3ed3d2c0526_n0000,pg_8671acb3ed3d2c0526_n0007,0,0,0,"[0.0,0.3433799943333334,0.6566200056666667]","[0.6566200056666669,1e-16,0.3433799943333333]","[0.6566200056666669,-0.34337999433333327,-0.31324001133333335]","[0.13347492000510774,-5.036529755869024,-1.7763568394002505e-15]","[[1e-16,-5.113591536864036,-7.095500310266666],[-4.428500175501366,2.556795768432018,-7.095500310266666],[4.428500175501366,2.556795768432018,-7.095500310266666]]",5.0382980793145276,distance_enumeration_from_raw_structure,0,0,{},,6.011141610225559,species_reported_hop_q0.950_n95,7d46cde20faa97c9d8f4db8d0ad67baa88774904c3bcca37b767c4aa6890be54
edge_58b22054c34a5052fe9a68,pg_8671acb3ed3d2c0526,em_complete_0420_jid_420,em_complete_0420_jid_420,Na,0.0,1,stored_edge_orientation,Na10Mn2Al2P9O24|Na,0.8841833333333337,0.36119516666666684,0.36119516666666684,1.4071715000000005,1.0459763333333336,0.1440075000000005,0.1440075000000005,1.6243591666666668,1.4803516666666663,0.9358322068856386,ENSEMBLE_DISAGREEMENT_NOT_CALIBRATED_INTERVAL,3.5763931850857174,0.9975961538461539,0.0024038461538461453,1,1,Na87Mn16Al16P72O192|Na;Li15Co16B16O48|Li;Li47P16O64|Li;Ca31Co32O80|Ca;Li63Ni32O64|Li,5,0,LABEL_CALIBRATED_TRANSFER_REQUIRES_EDGE_EXCHANGEABILITY;NETWORK_VALUES_ARE_SENSITIVITY_ENVELOPES_ONLY,0,SENSITIVITY_ENVELOPE_ONLY,OOF_GROUP_PURGED_PERIODIC_NETWORK,3,ExtraTrees,umodel_6a6528a142b33b38f4c0,3395f101552c7bf42574b94fb6ba441ce3d5feef94ad3b5f3edd41d11bc09f8b,leave_formula_plus_migrating_species_out,80e699600f7a3c7249b2642d61c8c3fdd7db140d9b9b20cbf8576d0ff18b6b45,OOF_HELD_OUT_FORMULA_SPECIES_GROUP,0,pg_8671acb3ed3d2c0526_n0005,pg_8671acb3ed3d2c0526_n0009,-1,0,1,"[0.4996700189999997,0.1213299930000002,0.8780000310000002]","[0.8780000310000002,0.4996700189999997,0.1213299930000001]","[-0.6216699879999994,0.3783400259999995,0.2433299619999998]","[-0.5978920921184494,4.768449584038746,1.1102230246251565e-15]","[[1e-16,-5.113591536864036,-7.095500310266666],[-4.428500175501366,2.556795768432018,-7.095500310266666],[4.428500175501366,2.556795768432018,-7.095500310266666]]",4.805786760701838,distance_enumeration_from_raw_structure,0,0,{},,6.011141610225559,species_reported_hop_q0.950_n95,7d46cde20faa97c9d8f4db8d0ad67baa88774904c3bcca37b767c4aa6890be54
edge_5cb9851995ef6666828a6a,pg_8671acb3ed3d2c0526,em_complete_0420_jid_420,em_complete_0420_jid_420,Na,0.0,1,stored_edge_orientation,Na10Mn2Al2P9O24|Na,0.8850158333333336,0.36202766666666675,0.36202766666666675,1.4080040000000005,1.0459763333333338,0.1448400000000004,0.1448400000000004,1.6251916666666668,1.4803516666666665,0.9351595745583716,ENSEMBLE_DISAGREEMENT_NOT_CALIBRATED_INTERVAL,3.5751164534276287,0.9975961538461539,0.0024038461538461453,1,1,Na87Mn16Al16P72O192|Na;Li15Co16B16O48|Li;Li47P16O64|Li;Ca31Co32O80|Ca;Li63Ni32O64|Li,5,0,LABEL_CALIBRATED_TRANSFER_REQUIRES_EDGE_EXCHANGEABILITY;NETWORK_VALUES_ARE_SENSITIVITY_ENVELOPES_ONLY,0,SENSITIVITY_ENVELOPE_ONLY,OOF_GROUP_PURGED_PERIODIC_NETWORK,3,ExtraTrees,umodel_6a6528a142b33b38f4c0,3395f101552c7bf42574b94fb6ba441ce3d5feef94ad3b5f3edd41d11bc09f8b,leave_formula_plus_migrating_species_out,80e699600f7a3c7249b2642d61c8c3fdd7db140d9b9b20cbf8576d0ff18b6b45,OOF_HELD_OUT_FORMULA_SPECIES_GROUP,0,pg_8671acb3ed3d2c0526_n0002,pg_8671acb3ed3d2c0526_n0005,-1,1,0,"[0.1219999689999999,0.8786700070000001,0.5003299810000001]","[0.4996700189999997,0.1213299930000002,0.8780000310000002]","[-0.6223299500000002,0.24265998600000016,0.3776700500000001]","[0.5978920921184503,4.768398376533102,0.01419039040750647]","[[1e-16,-5.113591536864036,-7.095500310266666],[-4.428500175501366,2.556795768432018,-7.095500310266666],[4.428500175501366,2.556795768432018,-7.095500310266666]]",4.805756901708743,distance_enumeration_from_raw_structure,0,0,{},,6.011141610225559,species_reported_hop_q0.950_n95,7d46cde20faa97c9d8f4db8d0ad67baa88774904c3bcca37b767c4aa6890be54
edge_659bc5a911e7e684114973,pg_8671acb3ed3d2c0526,em_complete_0420_jid_420,em_complete_0420_jid_420,Na,0.0,1,stored_edge_orientation,Na10Mn2Al2P9O24|Na,0.8768433333333339,0.35385516666666705,0.35385516666666705,1.3998315000000008,1.0459763333333338,0.13666750000000072,0.13666750000000072,1.6170191666666671,1.4803516666666665,0.6426845069359892,ENSEMBLE_DISAGREEMENT_NOT_CALIBRATED_INTERVAL,2.9975604470211774,0.9743589743589745,0.02564102564102555,1,0,Na87Mn16Al16P72O192|Na;Ca31Mn32O80|Ca;Ca31Co32O80|Ca;Na31Si16Ni16O64|Na;Na63Mn32O96|Na,5,0,LABEL_CALIBRATED_TRANSFER_REQUIRES_EDGE_EXCHANGEABILITY;NETWORK_VALUES_ARE_SENSITIVITY_ENVELOPES_ONLY,0,SENSITIVITY_ENVELOPE_ONLY,OOF_GROUP_PURGED_PERIODIC_NETWORK,3,ExtraTrees,umodel_6a6528a142b33b38f4c0,3395f101552c7bf42574b94fb6ba441ce3d5feef94ad3b5f3edd41d11bc09f8b,leave_formula_plus_migrating_species_out,80e699600f7a3c7249b2642d61c8c3fdd7db140d9b9b20cbf8576d0ff18b6b45,OOF_HELD_OUT_FORMULA_SPECIES_GROUP,0,pg_8671acb3ed3d2c0526_n0004,pg_8671acb3ed3d2c0526_n0010,-1,0,0,"[0.3433799943333332,0.6566200056666668,0.0]","[0.878670007,0.5003299810000001,0.1219999689999998]","[-0.46470998733333324,-0.15629002466666664,0.1219999689999998]","[1.2324072857931063,2.2886643890960943,3.5406549599295802]","[[1e-16,-5.113591536864036,-7.095500310266666],[-4.428500175501366,2.556795768432018,-7.095500310266666],[4.428500175501366,2.556795768432018,-7.095500310266666]]",4.392385450898687,distance_enumeration_from_raw_structure,0,0,{},,6.011141610225559,species_reported_hop_q0.950_n95,7d46cde20faa97c9d8f4db8d0ad67baa88774904c3bcca37b767c4aa6890be54
edge_65b1045e6de0839f3c50fd,pg_8671acb3ed3d2c0526,em_complete_0420_jid_420,em_complete_0420_jid_420,Na,0.0,1,stored_edge_orientation,Na10Mn2Al2P9O24|Na,1.0693216666666674,0.5463335000000006,0.5463335000000006,1.592309833333334,1.0459763333333334,0.32914583333333425,0.32914583333333425,1.8094975000000004,1.480351666666666,0.6269207993704893,ENSEMBLE_DISAGREEMENT_NOT_CALIBRATED_INTERVAL,2.8301958737126998,0.969551282051282,0.03044871794871795,1,0,Na87Mn16Al16P72O192|Na;Li15Co16B16O48|Li;Li47P16O64|Li;Na31Si16Ni16O64|Na;Ca31Co32O80|Ca,5,0,LABEL_CALIBRATED_TRANSFER_REQUIRES_EDGE_EXCHANGEABILITY;NETWORK_VALUES_ARE_SENSITIVITY_ENVELOPES_ONLY,0,SENSITIVITY_ENVELOPE_ONLY,OOF_GROUP_PURGED_PERIODIC_NETWORK,3,ExtraTrees,umodel_6a6528a142b33b38f4c0,3395f101552c7bf42574b94fb6ba441ce3d5feef94ad3b5f3edd41d11bc09f8b,leave_formula_plus_migrating_species_out,80e699600f7a3c7249b2642d61c8c3fdd7db140d9b9b20cbf8576d0ff18b6b45,OOF_HELD_OUT_FORMULA_SPECIES_GROUP,0,pg_8671acb3ed3d2c0526_n0005,pg_8671acb3ed3d2c0526_n0006,0,0,0,"[0.4996700189999997,0.1213299930000002,0.8780000310000002]","[0.5003299810000001,0.121999969,0.878670007]","[0.000659962000000458,0.0006699759999997945,0.000669975999999739]","[-2.458970527197124e-16,5.120750564662174e-05,-0.014190390407506588]","[[1e-16,-5.113591536864036,-7.095500310266666],[-4.428500175501366,2.556795768432018,-7.095500310266666],[4.428500175501366,2.556795768432018,-7.095500310266666]]",0.01419048280102159,distance_enumeration_from_raw_structure,0,0,{},,6.011141610225559,species_reported_hop_q0.950_n95,7d46cde20faa97c9d8f4db8d0ad67baa88774904c3bcca37b767c4aa6890be54
edge_681532bd2835e51f8dd3c6,pg_8671acb3ed3d2c0526,em_complete_0420_jid_420,em_complete_0420_jid_420,Na,0.0,1,stored_edge_orientation,Na10Mn2Al2P9O24|Na,1.0036875000000007,0.4806993333333339,0.4806993333333339,1.5266756666666677,1.0459763333333338,0.2635116666666676,0.2635116666666676,1.743863333333334,1.4803516666666665,0.5769829647825883,ENSEMBLE_DISAGREEMENT_NOT_CALIBRATED_INTERVAL,1.9566370612154114,0.7732371794871793,0.2267628205128207,0,0,Ca31Mn32O80|Ca;Li23Ru24O48|Li;Na31Si16Ni16O64|Na;Ca31V32O96|Ca;Ca31Co32O80|Ca,5,0,LABEL_CALIBRATED_TRANSFER_REQUIRES_EDGE_EXCHANGEABILITY;NETWORK_VALUES_ARE_SENSITIVITY_ENVELOPES_ONLY,0,SENSITIVITY_ENVELOPE_ONLY,OOF_GROUP_PURGED_PERIODIC_NETWORK,3,ExtraTrees,umodel_6a6528a142b33b38f4c0,3395f101552c7bf42574b94fb6ba441ce3d5feef94ad3b5f3edd41d11bc09f8b,leave_formula_plus_migrating_species_out,80e699600f7a3c7249b2642d61c8c3fdd7db140d9b9b20cbf8576d0ff18b6b45,OOF_HELD_OUT_FORMULA_SPECIES_GROUP,0,pg_8671acb3ed3d2c0526_n0007,pg_8671acb3ed3d2c0526_n0008,0,-1,0,"[0.6566200056666669,1e-16,0.3433799943333333]","[0.7494300106666668,0.7494300106666667,0.7494300106666665]","[0.09281000499999992,-0.2505699893333334,0.40605001633333315]","[2.907841810332541,-0.07706178099501315,-1.7617419990921184]","[[1e-16,-5.113591536864036,-7.095500310266666],[-4.428500175501366,2.556795768432018,-7.095500310266666],[4.428500175501366,2.556795768432018,-7.095500310266666]]",3.400767175708041,distance_enumeration_from_raw_structure,0,0,{},,6.011141610225559,species_reported_hop_q0.950_n95,7d46cde20faa97c9d8f4db8d0ad67baa88774904c3bcca37b767c4aa6890be54
edge_6ec9570890d2fe537b48e6,pg_8671acb3ed3d2c0526,em_complete_0420_jid_420,em_complete_0420_jid_420,Na,0.0,1,stored_edge_orientation,Na10Mn2Al2P9O24|Na,0.8850158333333336,0.36202766666666675,0.36202766666666675,1.4080040000000005,1.0459763333333338,0.1448400000000004,0.1448400000000004,1.6251916666666668,1.4803516666666665,0.9351595745583716,ENSEMBLE_DISAGREEMENT_NOT_CALIBRATED_INTERVAL,3.5751164143765775,0.9975961538461539,0.0024038461538461453,1,1,Na87Mn16Al16P72O192|Na;Li15Co16B16O48|Li;Li47P16O64|Li;Ca31Co32O80|Ca;Li63Ni32O64|Li,5,0,LABEL_CALIBRATED_TRANSFER_REQUIRES_EDGE_EXCHANGEABILITY;NETWORK_VALUES_ARE_SENSITIVITY_ENVELOPES_ONLY,0,SENSITIVITY_ENVELOPE_ONLY,OOF_GROUP_PURGED_PERIODIC_NETWORK,3,ExtraTrees,umodel_6a6528a142b33b38f4c0,3395f101552c7bf42574b94fb6ba441ce3d5feef94ad3b5f3edd41d11bc09f8b,leave_formula_plus_migrating_species_out,80e699600f7a3c7249b2642d61c8c3fdd7db140d9b9b20cbf8576d0ff18b6b45,OOF_HELD_OUT_FORMULA_SPECIES_GROUP,0,pg_8671acb3ed3d2c0526_n0005,pg_8671acb3ed3d2c0526_n0010,0,-1,1,"[0.4996700189999997,0.1213299930000002,0.8780000310000002]","[0.878670007,0.5003299810000001,0.1219999689999998]","[0.3789999880000003,-0.6210000120000001,0.24399993799999953]","[3.830652430383671,-2.901963325010132,-0.01419039040750425]","[[1e-16,-5.113591536864036,-7.095500310266666],[-4.428500175501366,2.556795768432018,-7.095500310266666],[4.428500175501366,2.556795768432018,-7.095500310266666]]",4.8057767893742325,distance_enumeration_from_raw_structure,0,0,{},,6.011141610225559,species_reported_hop_q0.950_n95,7d46cde20faa97c9d8f4db8d0ad67baa88774904c3bcca37b767c4aa6890be54
edge_72ef2e59ca76b82dd6355d,pg_8671acb3ed3d2c0526,em_complete_0420_jid_420,em_complete_0420_jid_420,Na,0.0,1,stored_edge_orientation,Na10Mn2Al2P9O24|Na,0.924018333333334,0.40103016666666724,0.40103016666666724,1.447006500000001,1.0459763333333338,0.1838425000000009,0.1838425000000009,1.6641941666666673,1.4803516666666665,0.9473654666714775,ENSEMBLE_DISAGREEMENT_NOT_CALIBRATED_INTERVAL,3.7002302369678395,1.0,0.0,1,1,Na87Mn16Al16P72O192|Na;Li15Co16B16O48|Li;Na31Si16Ni16O64|Na;Ca31Co32O80|Ca;Li47P16O64|Li,5,0,LABEL_CALIBRATED_TRANSFER_REQUIRES_EDGE_EXCHANGEABILITY;NETWORK_VALUES_ARE_SENSITIVITY_ENVELOPES_ONLY,0,SENSITIVITY_ENVELOPE_ONLY,OOF_GROUP_PURGED_PERIODIC_NETWORK,3,ExtraTrees,umodel_6a6528a142b33b38f4c0,3395f101552c7bf42574b94fb6ba441ce3d5feef94ad3b5f3edd41d11bc09f8b,leave_formula_plus_migrating_species_out,80e699600f7a3c7249b2642d61c8c3fdd7db140d9b9b20cbf8576d0ff18b6b45,OOF_HELD_OUT_FORMULA_SPECIES_GROUP,0,pg_8671acb3ed3d2c0526_n0001,pg_8671acb3ed3d2c0526_n0009,0,0,0,"[0.1213299930000001,0.8780000310000005,0.4996700190000001]","[0.8780000310000002,0.4996700189999997,0.1213299930000001]","[0.7566700380000001,-0.37833001200000077,-0.378340026]","[-4.4347000754063615e-05,-5.803952253773086,4.440892098500626e-15]","[[1e-16,-5.113591536864036,-7.095500310266666],[-4.428500175501366,2.556795768432018,-7.095500310266666],[4.428500175501366,2.556795768432018,-7.095500310266666]]",5.8039522539425095,distance_enumeration_from_raw_structure,0,0,{},,6.011141610225559,species_reported_hop_q0.950_n95,7d46cde20faa97c9d8f4db8d0ad67baa88774904c3bcca37b767c4aa6890be54
edge_74ca840bce2d12d8d9807a,pg_8671acb3ed3d2c0526,em_complete_0420_jid_420,em_complete_0420_jid_420,Na,0.0,1,stored_edge_orientation,Na10Mn2Al2P9O24|Na,0.9398341666666674,0.4168460000000006,0.4168460000000006,1.4628223333333343,1.0459763333333338,0.19965833333333427,0.19965833333333427,1.6800100000000007,1.4803516666666665,0.6743326549876099,ENSEMBLE_DISAGREEMENT_NOT_CALIBRATED_INTERVAL,3.0048368626661177,0.9743589743589745,0.02564102564102555,1,0,Na87Mn16Al16P72O192|Na;Ca31Mn32O80|Ca;Na31Si16Ni16O64|Na;Ca31Co32O80|Ca;Na63Mn32O96|Na,5,0,LABEL_CALIBRATED_TRANSFER_REQUIRES_EDGE_EXCHANGEABILITY;NETWORK_VALUES_ARE_SENSITIVITY_ENVELOPES_ONLY,0,SENSITIVITY_ENVELOPE_ONLY,OOF_GROUP_PURGED_PERIODIC_NETWORK,3,ExtraTrees,umodel_6a6528a142b33b38f4c0,3395f101552c7bf42574b94fb6ba441ce3d5feef94ad3b5f3edd41d11bc09f8b,leave_formula_plus_migrating_species_out,80e699600f7a3c7249b2642d61c8c3fdd7db140d9b9b20cbf8576d0ff18b6b45,OOF_HELD_OUT_FORMULA_SPECIES_GROUP,0,pg_8671acb3ed3d2c0526_n0000,pg_8671acb3ed3d2c0526_n0006,-1,0,0,"[0.0,0.3433799943333334,0.6566200056666667]","[0.5003299810000001,0.121999969,0.878670007]","[-0.49967001899999985,-0.2213800253333334,0.2220500013333333]","[1.963729950915909,2.5568213721848423,3.5406549599295793]","[[1e-16,-5.113591536864036,-7.095500310266666],[-4.428500175501366,2.556795768432018,-7.095500310266666],[4.428500175501366,2.556795768432018,-7.095500310266666]]",4.788507950777498,distance_enumeration_from_raw_structure,0,0,{},,6.011141610225559,species_reported_hop_q0.950_n95,7d46cde20faa97c9d8f4db8d0ad67baa88774904c3bcca37b767c4aa6890be54
edge_7a8b1ac1464b854be0b245,pg_8671acb3ed3d2c0526,em_complete_0420_jid_420,em_complete_0420_jid_420,Na,0.0,1,stored_edge_orientation,Na10Mn2Al2P9O24|Na,1.0043296666666672,0.4813415000000004,0.4813415000000004,1.527317833333334,1.0459763333333334,0.2641538333333341,0.2641538333333341,1.7445055000000003,1.480351666666666,0.5540514697564959,ENSEMBLE_DISAGREEMENT_NOT_CALIBRATED_INTERVAL,2.780336735788503,0.9623397435897436,0.03766025641025639,1,0,Na87Mn16Al16P72O192|Na;Na31Si16Ni16O64|Na;Li15Co16B16O48|Li;Ca31Co32O80|Ca;Li47P16O64|Li,5,0,LABEL_CALIBRATED_TRANSFER_REQUIRES_EDGE_EXCHANGEABILITY;NETWORK_VALUES_ARE_SENSITIVITY_ENVELOPES_ONLY,0,SENSITIVITY_ENVELOPE_ONLY,OOF_GROUP_PURGED_PERIODIC_NETWORK,3,ExtraTrees,umodel_6a6528a142b33b38f4c0,3395f101552c7bf42574b94fb6ba441ce3d5feef94ad3b5f3edd41d11bc09f8b,leave_formula_plus_migrating_species_out,80e699600f7a3c7249b2642d61c8c3fdd7db140d9b9b20cbf8576d0ff18b6b45,OOF_HELD_OUT_FORMULA_SPECIES_GROUP,0,pg_8671acb3ed3d2c0526_n0006,pg_8671acb3ed3d2c0526_n0007,0,0,1,"[0.5003299810000001,0.121999969,0.878670007]","[0.6566200056666669,1e-16,0.3433799943333333]","[0.15629002466666675,-0.1219999689999999,0.46470998733333335]","[2.598245144590565,0.0770361772421877,-3.540654959929581]","[[1e-16,-5.113591536864036,-7.095500310266666],[-4.428500175501366,2.556795768432018,-7.095500310266666],[4.428500175501366,2.556795768432018,-7.095500310266666]]",4.392385450898689,distance_enumeration_from_raw_structure,0,0,{},,6.011141610225559,species_reported_hop_q0.950_n95,7d46cde20faa97c9d8f4db8d0ad67baa88774904c3bcca37b767c4aa6890be54
edge_7b9954025576e205656d3d,pg_8671acb3ed3d2c0526,em_complete_0420_jid_420,em_complete_0420_jid_420,Na,0.0,1,stored_edge_orientation,Na10Mn2Al2P9O24|Na,0.9510441666666672,0.42805600000000044,0.42805600000000044,1.474032333333334,1.0459763333333336,0.2108683333333341,0.2108683333333341,1.6912200000000004,1.4803516666666663,0.7004460498452041,ENSEMBLE_DISAGREEMENT_NOT_CALIBRATED_INTERVAL,3.0586842279722384,0.9791666666666667,0.02083333333333326,1,0,Na87Mn16Al16P72O192|Na;Na31Si16Ni16O64|Na;Ca31Mn32O80|Ca;Ca31Co32O80|Ca;Na63Mn32O96|Na,5,0,LABEL_CALIBRATED_TRANSFER_REQUIRES_EDGE_EXCHANGEABILITY;NETWORK_VALUES_ARE_SENSITIVITY_ENVELOPES_ONLY,0,SENSITIVITY_ENVELOPE_ONLY,OOF_GROUP_PURGED_PERIODIC_NETWORK,3,ExtraTrees,umodel_6a6528a142b33b38f4c0,3395f101552c7bf42574b94fb6ba441ce3d5feef94ad3b5f3edd41d11bc09f8b,leave_formula_plus_migrating_species_out,80e699600f7a3c7249b2642d61c8c3fdd7db140d9b9b20cbf8576d0ff18b6b45,OOF_HELD_OUT_FORMULA_SPECIES_GROUP,0,pg_8671acb3ed3d2c0526_n0000,pg_8671acb3ed3d2c0526_n0009,-1,0,0,"[0.0,0.3433799943333334,0.6566200056666667]","[0.8780000310000002,0.4996700189999997,0.1213299930000001]","[-0.12199996899999976,0.1562900246666663,-0.5352900126666665]","[-3.0626623167039058,-0.3451675565781127,3.5548453503370863]","[[1e-16,-5.113591536864036,-7.095500310266666],[-4.428500175501366,2.556795768432018,-7.095500310266666],[4.428500175501366,2.556795768432018,-7.095500310266666]]",4.704887519706017,distance_enumeration_from_raw_structure,0,0,{},,6.011141610225559,species_reported_hop_q0.950_n95,7d46cde20faa97c9d8f4db8d0ad67baa88774904c3bcca37b767c4aa6890be54
edge_7fc5a0fa2bc380e3411411,pg_8671acb3ed3d2c0526,em_complete_0420_jid_420,em_complete_0420_jid_420,Na,0.0,1,stored_edge_orientation,Na10Mn2Al2P9O24|Na,0.8768433333333339,0.35385516666666705,0.35385516666666705,1.3998315000000008,1.0459763333333338,0.13666750000000072,0.13666750000000072,1.6170191666666671,1.4803516666666665,0.6426845069359892,ENSEMBLE_DISAGREEMENT_NOT_CALIBRATED_INTERVAL,2.9976829962489258,0.9743589743589745,0.02564102564102555,1,0,Na87Mn16Al16P72O192|Na;Ca31Mn32O80|Ca;Ca31Co32O80|Ca;Na31Si16Ni16O64|Na;Na63Mn32O96|Na,5,0,LABEL_CALIBRATED_TRANSFER_REQUIRES_EDGE_EXCHANGEABILITY;NETWORK_VALUES_ARE_SENSITIVITY_ENVELOPES_ONLY,0,SENSITIVITY_ENVELOPE_ONLY,OOF_GROUP_PURGED_PERIODIC_NETWORK,3,ExtraTrees,umodel_6a6528a142b33b38f4c0,3395f101552c7bf42574b94fb6ba441ce3d5feef94ad3b5f3edd41d11bc09f8b,leave_formula_plus_migrating_species_out,80e699600f7a3c7249b2642d61c8c3fdd7db140d9b9b20cbf8576d0ff18b6b45,OOF_HELD_OUT_FORMULA_SPECIES_GROUP,0,pg_8671acb3ed3d2c0526_n0004,pg_8671acb3ed3d2c0526_n0009,-1,0,0,"[0.3433799943333332,0.6566200056666668,0.0]","[0.8780000310000002,0.4996700189999997,0.1213299930000001]","[-0.465379963333333,-0.1569499866666671,0.1213299930000001]","[1.232362938792352,2.2886899928489175,3.554845350337086]","[[1e-16,-5.113591536864036,-7.095500310266666],[-4.428500175501366,2.556795768432018,-7.095500310266666],[4.428500175501366,2.556795768432018,-7.095500310266666]]",4.4038330759792546,distance_enumeration_from_raw_structure,0,0,{},,6.011141610225559,species_reported_hop_q0.950_n95,7d46cde20faa97c9d8f4db8d0ad67baa88774904c3bcca37b767c4aa6890be54
edge_83405afb87ded4773d9302,pg_8671acb3ed3d2c0526,em_complete_0420_jid_420,em_complete_0420_jid_420,Na,0.0,1,stored_edge_orientation,Na10Mn2Al2P9O24|Na,1.0043296666666672,0.4813415000000004,0.4813415000000004,1.527317833333334,1.0459763333333334,0.2641538333333341,0.2641538333333341,1.7445055000000003,1.480351666666666,0.5540514697564959,ENSEMBLE_DISAGREEMENT_NOT_CALIBRATED_INTERVAL,2.7809406077057885,0.9623397435897436,0.03766025641025639,1,0,Na87Mn16Al16P72O192|Na;Na31Si16Ni16O64|Na;Li15Co16B16O48|Li;Ca31Co32O80|Ca;Li47P16O64|Li,5,0,LABEL_CALIBRATED_TRANSFER_REQUIRES_EDGE_EXCHANGEABILITY;NETWORK_VALUES_ARE_SENSITIVITY_ENVELOPES_ONLY,0,SENSITIVITY_ENVELOPE_ONLY,OOF_GROUP_PURGED_PERIODIC_NETWORK,3,ExtraTrees,umodel_6a6528a142b33b38f4c0,3395f101552c7bf42574b94fb6ba441ce3d5feef94ad3b5f3edd41d11bc09f8b,leave_formula_plus_migrating_species_out,80e699600f7a3c7249b2642d61c8c3fdd7db140d9b9b20cbf8576d0ff18b6b45,OOF_HELD_OUT_FORMULA_SPECIES_GROUP,0,pg_8671acb3ed3d2c0526_n0005,pg_8671acb3ed3d2c0526_n0007,0,0,1,"[0.4996700189999997,0.1213299930000002,0.8780000310000002]","[0.6566200056666669,1e-16,0.3433799943333333]","[0.1569499866666672,-0.12132999300000011,0.4653799633333331]","[2.5982451445905648,0.07708738474783439,-3.5548453503370876]","[[1e-16,-5.113591536864036,-7.095500310266666],[-4.428500175501366,2.556795768432018,-7.095500310266666],[4.428500175501366,2.556795768432018,-7.095500310266666]]",4.403833075979256,distance_enumeration_from_raw_structure,0,0,{},,6.011141610225559,species_reported_hop_q0.950_n95,7d46cde20faa97c9d8f4db8d0ad67baa88774904c3bcca37b767c4aa6890be54
edge_854be0805b0214c32dec4d,pg_8671acb3ed3d2c0526,em_complete_0420_jid_420,em_complete_0420_jid_420,Na,0.0,1,stored_edge_orientation,Na10Mn2Al2P9O24|Na,0.924018333333334,0.40103016666666724,0.40103016666666724,1.447006500000001,1.0459763333333338,0.1838425000000009,0.1838425000000009,1.6641941666666673,1.4803516666666665,0.9473654666714775,ENSEMBLE_DISAGREEMENT_NOT_CALIBRATED_INTERVAL,3.7002223653518342,1.0,0.0,1,1,Na87Mn16Al16P72O192|Na;Li15Co16B16O48|Li;Na31Si16Ni16O64|Na;Ca31Co32O80|Ca;Li47P16O64|Li,5,0,LABEL_CALIBRATED_TRANSFER_REQUIRES_EDGE_EXCHANGEABILITY;NETWORK_VALUES_ARE_SENSITIVITY_ENVELOPES_ONLY,0,SENSITIVITY_ENVELOPE_ONLY,OOF_GROUP_PURGED_PERIODIC_NETWORK,3,ExtraTrees,umodel_6a6528a142b33b38f4c0,3395f101552c7bf42574b94fb6ba441ce3d5feef94ad3b5f3edd41d11bc09f8b,leave_formula_plus_migrating_species_out,80e699600f7a3c7249b2642d61c8c3fdd7db140d9b9b20cbf8576d0ff18b6b45,OOF_HELD_OUT_FORMULA_SPECIES_GROUP,0,pg_8671acb3ed3d2c0526_n0002,pg_8671acb3ed3d2c0526_n0006,0,0,0,"[0.1219999689999999,0.8786700070000001,0.5003299810000001]","[0.5003299810000001,0.121999969,0.878670007]","[0.37833001200000027,-0.7566700380000001,0.37834002599999983]","[5.0263922676198165,-2.9019377212573065,0.0]","[[1e-16,-5.113591536864036,-7.095500310266666],[-4.428500175501366,2.556795768432018,-7.095500310266666],[4.428500175501366,2.556795768432018,-7.095500310266666]]",5.803952253942509,distance_enumeration_from_raw_structure,0,0,{},,6.011141610225559,species_reported_hop_q0.950_n95,7d46cde20faa97c9d8f4db8d0ad67baa88774904c3bcca37b767c4aa6890be54
edge_858e506ac5e59e7c5f4df9,pg_8671acb3ed3d2c0526,em_complete_0420_jid_420,em_complete_0420_jid_420,Na,0.0,1,stored_edge_orientation,Na10Mn2Al2P9O24|Na,0.924018333333334,0.40103016666666724,0.40103016666666724,1.447006500000001,1.0459763333333338,0.1838425000000009,0.1838425000000009,1.6641941666666673,1.4803516666666665,0.9473654666714775,ENSEMBLE_DISAGREEMENT_NOT_CALIBRATED_INTERVAL,3.7002279083750165,1.0,0.0,1,1,Na87Mn16Al16P72O192|Na;Li15Co16B16O48|Li;Na31Si16Ni16O64|Na;Ca31Co32O80|Ca;Li47P16O64|Li,5,0,LABEL_CALIBRATED_TRANSFER_REQUIRES_EDGE_EXCHANGEABILITY;NETWORK_VALUES_ARE_SENSITIVITY_ENVELOPES_ONLY,0,SENSITIVITY_ENVELOPE_ONLY,OOF_GROUP_PURGED_PERIODIC_NETWORK,3,ExtraTrees,umodel_6a6528a142b33b38f4c0,3395f101552c7bf42574b94fb6ba441ce3d5feef94ad3b5f3edd41d11bc09f8b,leave_formula_plus_migrating_species_out,80e699600f7a3c7249b2642d61c8c3fdd7db140d9b9b20cbf8576d0ff18b6b45,OOF_HELD_OUT_FORMULA_SPECIES_GROUP,0,pg_8671acb3ed3d2c0526_n0002,pg_8671acb3ed3d2c0526_n0005,0,0,0,"[0.1219999689999999,0.8786700070000001,0.5003299810000001]","[0.4996700189999997,0.1213299930000002,0.8780000310000002]","[0.37767004999999976,-0.7573400139999998,0.3776700500000001]","[5.0263922676198165,-2.901988928762952,0.014190390407506026]","[[1e-16,-5.113591536864036,-7.095500310266666],[-4.428500175501366,2.556795768432018,-7.095500310266666],[4.428500175501366,2.556795768432018,-7.095500310266666]]",5.803995204842174,distance_enumeration_from_raw_structure,0,0,{},,6.011141610225559,species_reported_hop_q0.950_n95,7d46cde20faa97c9d8f4db8d0ad67baa88774904c3bcca37b767c4aa6890be54
edge_8696811a00ae0f404a2974,pg_8671acb3ed3d2c0526,em_complete_0420_jid_420,em_complete_0420_jid_420,Na,0.0,1,stored_edge_orientation,Na10Mn2Al2P9O24|Na,1.1840900000000005,0.6611018333333337,0.6611018333333337,1.7070781666666672,1.0459763333333334,0.4439141666666674,0.4439141666666674,1.9242658333333336,1.480351666666666,0.6026993993669002,ENSEMBLE_DISAGREEMENT_NOT_CALIBRATED_INTERVAL,1.7786124602929063,0.7147435897435896,0.28525641025641035,0,0,Ca15Mn16P32O112|Ca;Ca31Mn32O80|Ca;Na31Si16Ni16O64|Na;Na31V32P32O160|Na;Ca31Co32O80|Ca,5,0,LABEL_CALIBRATED_TRANSFER_REQUIRES_EDGE_EXCHANGEABILITY;NETWORK_VALUES_ARE_SENSITIVITY_ENVELOPES_ONLY,0,SENSITIVITY_ENVELOPE_ONLY,OOF_GROUP_PURGED_PERIODIC_NETWORK,3,ExtraTrees,umodel_6a6528a142b33b38f4c0,3395f101552c7bf42574b94fb6ba441ce3d5feef94ad3b5f3edd41d11bc09f8b,leave_formula_plus_migrating_species_out,80e699600f7a3c7249b2642d61c8c3fdd7db140d9b9b20cbf8576d0ff18b6b45,OOF_HELD_OUT_FORMULA_SPECIES_GROUP,0,pg_8671acb3ed3d2c0526_n0000,pg_8671acb3ed3d2c0526_n0004,0,-1,1,"[0.0,0.3433799943333334,0.6566200056666667]","[0.3433799943333332,0.6566200056666668,0.0]","[0.3433799943333332,-0.6867599886666667,0.3433799943333333]","[4.561975095506474,-2.633857549427031,8.881784197001252e-16]","[[1e-16,-5.113591536864036,-7.095500310266666],[-4.428500175501366,2.556795768432018,-7.095500310266666],[4.428500175501366,2.556795768432018,-7.095500310266666]]",5.267715098854063,distance_enumeration_from_raw_structure,0,0,{},,6.011141610225559,species_reported_hop_q0.950_n95,7d46cde20faa97c9d8f4db8d0ad67baa88774904c3bcca37b767c4aa6890be54
edge_88d29d2d166e49bdb03a6a,pg_8671acb3ed3d2c0526,em_complete_0420_jid_420,em_complete_0420_jid_420,Na,0.0,1,stored_edge_orientation,Na10Mn2Al2P9O24|Na,0.8841833333333337,0.36119516666666684,0.36119516666666684,1.4071715000000005,1.0459763333333336,0.1440075000000005,0.1440075000000005,1.6243591666666668,1.4803516666666663,0.9358322068856386,ENSEMBLE_DISAGREEMENT_NOT_CALIBRATED_INTERVAL,3.5763539921788574,0.9975961538461539,0.0024038461538461453,1,1,Na87Mn16Al16P72O192|Na;Li15Co16B16O48|Li;Li47P16O64|Li;Ca31Co32O80|Ca;Li63Ni32O64|Li,5,0,LABEL_CALIBRATED_TRANSFER_REQUIRES_EDGE_EXCHANGEABILITY;NETWORK_VALUES_ARE_SENSITIVITY_ENVELOPES_ONLY,0,SENSITIVITY_ENVELOPE_ONLY,OOF_GROUP_PURGED_PERIODIC_NETWORK,3,ExtraTrees,umodel_6a6528a142b33b38f4c0,3395f101552c7bf42574b94fb6ba441ce3d5feef94ad3b5f3edd41d11bc09f8b,leave_formula_plus_migrating_species_out,80e699600f7a3c7249b2642d61c8c3fdd7db140d9b9b20cbf8576d0ff18b6b45,OOF_HELD_OUT_FORMULA_SPECIES_GROUP,0,pg_8671acb3ed3d2c0526_n0001,pg_8671acb3ed3d2c0526_n0010,-1,1,0,"[0.1213299930000001,0.8780000310000005,0.4996700190000001]","[0.878670007,0.5003299810000001,0.1219999689999998]","[-0.2426599860000001,0.6223299499999997,-0.37767005000000026]","[-4.428500175501366,1.8664094477701456,-0.01419039040750203]","[[1e-16,-5.113591536864036,-7.095500310266666],[-4.428500175501366,2.556795768432018,-7.095500310266666],[4.428500175501366,2.556795768432018,-7.095500310266666]]",4.805756901708742,distance_enumeration_from_raw_structure,0,0,{},,6.011141610225559,species_reported_hop_q0.950_n95,7d46cde20faa97c9d8f4db8d0ad67baa88774904c3bcca37b767c4aa6890be54
edge_8ac312fb8c84ebca505f44,pg_8671acb3ed3d2c0526,em_complete_0420_jid_420,em_complete_0420_jid_420,Na,0.0,1,stored_edge_orientation,Na10Mn2Al2P9O24|Na,1.0693216666666674,0.5463335000000006,0.5463335000000006,1.592309833333334,1.0459763333333334,0.32914583333333425,0.32914583333333425,1.8094975000000004,1.480351666666666,0.6269207993704893,ENSEMBLE_DISAGREEMENT_NOT_CALIBRATED_INTERVAL,2.830195873712702,0.969551282051282,0.03044871794871795,1,0,Na87Mn16Al16P72O192|Na;Li15Co16B16O48|Li;Li47P16O64|Li;Na31Si16Ni16O64|Na;Ca31Co32O80|Ca,5,0,LABEL_CALIBRATED_TRANSFER_REQUIRES_EDGE_EXCHANGEABILITY;NETWORK_VALUES_ARE_SENSITIVITY_ENVELOPES_ONLY,0,SENSITIVITY_ENVELOPE_ONLY,OOF_GROUP_PURGED_PERIODIC_NETWORK,3,ExtraTrees,umodel_6a6528a142b33b38f4c0,3395f101552c7bf42574b94fb6ba441ce3d5feef94ad3b5f3edd41d11bc09f8b,leave_formula_plus_migrating_species_out,80e699600f7a3c7249b2642d61c8c3fdd7db140d9b9b20cbf8576d0ff18b6b45,OOF_HELD_OUT_FORMULA_SPECIES_GROUP,0,pg_8671acb3ed3d2c0526_n0001,pg_8671acb3ed3d2c0526_n0002,0,0,0,"[0.1213299930000001,0.8780000310000005,0.4996700190000001]","[0.1219999689999999,0.8786700070000001,0.5003299810000001]","[0.0006699759999998084,0.000669975999999628,0.0006599620000000694]","[-4.434700075551558e-05,-2.560375282487223e-05,-0.014190390407503143]","[[1e-16,-5.113591536864036,-7.095500310266666],[-4.428500175501366,2.556795768432018,-7.095500310266666],[4.428500175501366,2.556795768432018,-7.095500310266666]]",0.01419048280101815,distance_enumeration_from_raw_structure,0,0,{},,6.011141610225559,species_reported_hop_q0.950_n95,7d46cde20faa97c9d8f4db8d0ad67baa88774904c3bcca37b767c4aa6890be54
edge_8e16ea095d753416623013,pg_8671acb3ed3d2c0526,em_complete_0420_jid_420,em_complete_0420_jid_420,Na,0.0,1,stored_edge_orientation,Na10Mn2Al2P9O24|Na,0.924018333333334,0.40103016666666724,0.40103016666666724,1.447006500000001,1.0459763333333338,0.1838425000000009,0.1838425000000009,1.6641941666666673,1.4803516666666665,0.9473654666714775,ENSEMBLE_DISAGREEMENT_NOT_CALIBRATED_INTERVAL,3.7002199740455373,1.0,0.0,1,1,Na87Mn16Al16P72O192|Na;Li15Co16B16O48|Li;Na31Si16Ni16O64|Na;Ca31Co32O80|Ca;Li47P16O64|Li,5,0,LABEL_CALIBRATED_TRANSFER_REQUIRES_EDGE_EXCHANGEABILITY;NETWORK_VALUES_ARE_SENSITIVITY_ENVELOPES_ONLY,0,SENSITIVITY_ENVELOPE_ONLY,OOF_GROUP_PURGED_PERIODIC_NETWORK,3,ExtraTrees,umodel_6a6528a142b33b38f4c0,3395f101552c7bf42574b94fb6ba441ce3d5feef94ad3b5f3edd41d11bc09f8b,leave_formula_plus_migrating_species_out,80e699600f7a3c7249b2642d61c8c3fdd7db140d9b9b20cbf8576d0ff18b6b45,OOF_HELD_OUT_FORMULA_SPECIES_GROUP,0,pg_8671acb3ed3d2c0526_n0001,pg_8671acb3ed3d2c0526_n0006,0,0,0,"[0.1213299930000001,0.8780000310000005,0.4996700190000001]","[0.5003299810000001,0.121999969,0.878670007]","[0.37899998800000007,-0.7560000620000005,0.3789999879999999]","[5.026347920619061,-2.9019633250101307,-0.014190390407503362]","[[1e-16,-5.113591536864036,-7.095500310266666],[-4.428500175501366,2.556795768432018,-7.095500310266666],[4.428500175501366,2.556795768432018,-7.095500310266666]]",5.803943997489581,distance_enumeration_from_raw_structure,0,0,{},,6.011141610225559,species_reported_hop_q0.950_n95,7d46cde20faa97c9d8f4db8d0ad67baa88774904c3bcca37b767c4aa6890be54
edge_92fda9a43c689e4f87fbb2,pg_8671acb3ed3d2c0526,em_complete_0420_jid_420,em_complete_0420_jid_420,Na,0.0,1,stored_edge_orientation,Na10Mn2Al2P9O24|Na,1.1611516666666675,0.6381635000000007,0.6381635000000007,1.6841398333333344,1.0459763333333338,0.4209758333333343,0.4209758333333343,1.9013275000000007,1.4803516666666665,0.6153528554008666,ENSEMBLE_DISAGREEMENT_NOT_CALIBRATED_INTERVAL,1.855884628739377,0.7475961538461539,0.25240384615384615,0,0,Ca31Mn32O80|Ca;Na31Si16Ni16O64|Na;Ca31Co32O80|Ca;Ca15Mn16P32O112|Ca;Ca23Mn16Si24O96|Ca,5,0,LABEL_CALIBRATED_TRANSFER_REQUIRES_EDGE_EXCHANGEABILITY;NETWORK_VALUES_ARE_SENSITIVITY_ENVELOPES_ONLY,0,SENSITIVITY_ENVELOPE_ONLY,OOF_GROUP_PURGED_PERIODIC_NETWORK,3,ExtraTrees,umodel_6a6528a142b33b38f4c0,3395f101552c7bf42574b94fb6ba441ce3d5feef94ad3b5f3edd41d11bc09f8b,leave_formula_plus_migrating_species_out,80e699600f7a3c7249b2642d61c8c3fdd7db140d9b9b20cbf8576d0ff18b6b45,OOF_HELD_OUT_FORMULA_SPECIES_GROUP,0,pg_8671acb3ed3d2c0526_n0000,pg_8671acb3ed3d2c0526_n0004,0,0,0,"[0.0,0.3433799943333334,0.6566200056666667]","[0.3433799943333332,0.6566200056666668,0.0]","[0.3433799943333332,0.3132400113333334,-0.6566200056666667]","[-4.295025255496258,-2.6338575494270304,0.0]","[[1e-16,-5.113591536864036,-7.095500310266666],[-4.428500175501366,2.556795768432018,-7.095500310266666],[4.428500175501366,2.556795768432018,-7.095500310266666]]",5.0382980793145276,distance_enumeration_from_raw_structure,0,0,{},,6.011141610225559,species_reported_hop_q0.950_n95,7d46cde20faa97c9d8f4db8d0ad67baa88774904c3bcca37b767c4aa6890be54
edge_95f2711f682c7a9eab0181,pg_8671acb3ed3d2c0526,em_complete_0420_jid_420,em_complete_0420_jid_420,Na,0.0,1,stored_edge_orientation,Na10Mn2Al2P9O24|Na,0.8841833333333337,0.36119516666666684,0.36119516666666684,1.4071715000000005,1.0459763333333336,0.1440075000000005,0.1440075000000005,1.6243591666666668,1.4803516666666663,0.9358322068856386,ENSEMBLE_DISAGREEMENT_NOT_CALIBRATED_INTERVAL,3.5763579054555152,0.9975961538461539,0.0024038461538461453,1,1,Na87Mn16Al16P72O192|Na;Li15Co16B16O48|Li;Li47P16O64|Li;Ca31Co32O80|Ca;Li63Ni32O64|Li,5,0,LABEL_CALIBRATED_TRANSFER_REQUIRES_EDGE_EXCHANGEABILITY;NETWORK_VALUES_ARE_SENSITIVITY_ENVELOPES_ONLY,0,SENSITIVITY_ENVELOPE_ONLY,OOF_GROUP_PURGED_PERIODIC_NETWORK,3,ExtraTrees,umodel_6a6528a142b33b38f4c0,3395f101552c7bf42574b94fb6ba441ce3d5feef94ad3b5f3edd41d11bc09f8b,leave_formula_plus_migrating_species_out,80e699600f7a3c7249b2642d61c8c3fdd7db140d9b9b20cbf8576d0ff18b6b45,OOF_HELD_OUT_FORMULA_SPECIES_GROUP,0,pg_8671acb3ed3d2c0526_n0005,pg_8671acb3ed3d2c0526_n0010,-1,0,1,"[0.4996700189999997,0.1213299930000002,0.8780000310000002]","[0.878670007,0.5003299810000001,0.1219999689999998]","[-0.6210000119999997,0.37899998799999995,0.24399993799999953]","[-0.5978477451176951,4.768423980285922,-0.014190390407505582]","[[1e-16,-5.113591536864036,-7.095500310266666],[-4.428500175501366,2.556795768432018,-7.095500310266666],[4.428500175501366,2.556795768432018,-7.095500310266666]]",4.805776789374228,distance_enumeration_from_raw_structure,0,0,{},,6.011141610225559,species_reported_hop_q0.950_n95,7d46cde20faa97c9d8f4db8d0ad67baa88774904c3bcca37b767c4aa6890be54
edge_9a6a951dd8ffa21c9bfa70,pg_8671acb3ed3d2c0526,em_complete_0420_jid_420,em_complete_0420_jid_420,Na,0.0,1,stored_edge_orientation,Na10Mn2Al2P9O24|Na,1.1963091666666674,0.6733210000000006,0.6733210000000006,1.7192973333333343,1.0459763333333338,0.4561333333333343,0.4561333333333343,1.9364850000000007,1.4803516666666665,0.7113644713872651,ENSEMBLE_DISAGREEMENT_NOT_CALIBRATED_INTERVAL,1.8705720060242983,0.7475961538461539,0.25240384615384615,0,0,Ca31Mn32O80|Ca;Na31Si16Ni16O64|Na;Ca31Co32O80|Ca;Ca15Mn16P32O112|Ca;Ca23Mn16Si24O96|Ca,5,0,LABEL_CALIBRATED_TRANSFER_REQUIRES_EDGE_EXCHANGEABILITY;NETWORK_VALUES_ARE_SENSITIVITY_ENVELOPES_ONLY,0,SENSITIVITY_ENVELOPE_ONLY,OOF_GROUP_PURGED_PERIODIC_NETWORK,3,ExtraTrees,umodel_6a6528a142b33b38f4c0,3395f101552c7bf42574b94fb6ba441ce3d5feef94ad3b5f3edd41d11bc09f8b,leave_formula_plus_migrating_species_out,80e699600f7a3c7249b2642d61c8c3fdd7db140d9b9b20cbf8576d0ff18b6b45,OOF_HELD_OUT_FORMULA_SPECIES_GROUP,0,pg_8671acb3ed3d2c0526_n0000,pg_8671acb3ed3d2c0526_n0004,-1,0,1,"[0.0,0.3433799943333334,0.6566200056666667]","[0.3433799943333332,0.6566200056666668,0.0]","[-0.6566200056666668,0.3132400113333334,0.3433799943333333]","[0.13347492000510797,5.036529755869024,0.0]","[[1e-16,-5.113591536864036,-7.095500310266666],[-4.428500175501366,2.556795768432018,-7.095500310266666],[4.428500175501366,2.556795768432018,-7.095500310266666]]",5.0382980793145276,distance_enumeration_from_raw_structure,0,0,{},,6.011141610225559,species_reported_hop_q0.950_n95,7d46cde20faa97c9d8f4db8d0ad67baa88774904c3bcca37b767c4aa6890be54
edge_9d68e4ae279910255d4134,pg_8671acb3ed3d2c0526,em_complete_0420_jid_420,em_complete_0420_jid_420,Na,0.0,1,stored_edge_orientation,Na10Mn2Al2P9O24|Na,1.0036875000000007,0.4806993333333339,0.4806993333333339,1.5266756666666677,1.0459763333333338,0.2635116666666676,0.2635116666666676,1.743863333333334,1.4803516666666665,0.5769829647825883,ENSEMBLE_DISAGREEMENT_NOT_CALIBRATED_INTERVAL,1.9566370612154105,0.7732371794871793,0.2267628205128207,0,0,Ca31Mn32O80|Ca;Li23Ru24O48|Li;Na31Si16Ni16O64|Na;Ca31V32O96|Ca;Ca31Co32O80|Ca,5,0,LABEL_CALIBRATED_TRANSFER_REQUIRES_EDGE_EXCHANGEABILITY;NETWORK_VALUES_ARE_SENSITIVITY_ENVELOPES_ONLY,0,SENSITIVITY_ENVELOPE_ONLY,OOF_GROUP_PURGED_PERIODIC_NETWORK,3,ExtraTrees,umodel_6a6528a142b33b38f4c0,3395f101552c7bf42574b94fb6ba441ce3d5feef94ad3b5f3edd41d11bc09f8b,leave_formula_plus_migrating_species_out,80e699600f7a3c7249b2642d61c8c3fdd7db140d9b9b20cbf8576d0ff18b6b45,OOF_HELD_OUT_FORMULA_SPECIES_GROUP,0,pg_8671acb3ed3d2c0526_n0004,pg_8671acb3ed3d2c0526_n0008,0,0,-1,"[0.3433799943333332,0.6566200056666668,0.0]","[0.7494300106666668,0.7494300106666667,0.7494300106666665]","[0.4060500163333336,0.09281000499999992,-0.2505699893333335]","[-1.520658365168825,-2.4797339874370072,-1.7617419990921208]","[[1e-16,-5.113591536864036,-7.095500310266666],[-4.428500175501366,2.556795768432018,-7.095500310266666],[4.428500175501366,2.556795768432018,-7.095500310266666]]",3.4007671757080438,distance_enumeration_from_raw_structure,0,0,{},,6.011141610225559,species_reported_hop_q0.950_n95,7d46cde20faa97c9d8f4db8d0ad67baa88774904c3bcca37b767c4aa6890be54
edge_a10a82993e17d0e4641c48,pg_8671acb3ed3d2c0526,em_complete_0420_jid_420,em_complete_0420_jid_420,Na,0.0,1,stored_edge_orientation,Na10Mn2Al2P9O24|Na,0.8841833333333337,0.36119516666666684,0.36119516666666684,1.4071715000000005,1.0459763333333336,0.1440075000000005,0.1440075000000005,1.6243591666666668,1.4803516666666663,0.9358322068856386,ENSEMBLE_DISAGREEMENT_NOT_CALIBRATED_INTERVAL,3.575310457909084,0.9975961538461539,0.0024038461538461453,1,1,Na87Mn16Al16P72O192|Na;Li15Co16B16O48|Li;Li47P16O64|Li;Ca31Co32O80|Ca;Li63Ni32O64|Li,5,0,LABEL_CALIBRATED_TRANSFER_REQUIRES_EDGE_EXCHANGEABILITY;NETWORK_VALUES_ARE_SENSITIVITY_ENVELOPES_ONLY,0,SENSITIVITY_ENVELOPE_ONLY,OOF_GROUP_PURGED_PERIODIC_NETWORK,3,ExtraTrees,umodel_6a6528a142b33b38f4c0,3395f101552c7bf42574b94fb6ba441ce3d5feef94ad3b5f3edd41d11bc09f8b,leave_formula_plus_migrating_species_out,80e699600f7a3c7249b2642d61c8c3fdd7db140d9b9b20cbf8576d0ff18b6b45,OOF_HELD_OUT_FORMULA_SPECIES_GROUP,0,pg_8671acb3ed3d2c0526_n0002,pg_8671acb3ed3d2c0526_n0006,-1,1,0,"[0.1219999689999999,0.8786700070000001,0.5003299810000001]","[0.5003299810000001,0.121999969,0.878670007]","[-0.6216699879999997,0.2433299619999999,0.37834002599999983]","[0.5978920921184505,4.768449584038748,-4.440892098500626e-16]","[[1e-16,-5.113591536864036,-7.095500310266666],[-4.428500175501366,2.556795768432018,-7.095500310266666],[4.428500175501366,2.556795768432018,-7.095500310266666]]",4.8057867607018405,distance_enumeration_from_raw_structure,0,0,{},,6.011141610225559,species_reported_hop_q0.950_n95,7d46cde20faa97c9d8f4db8d0ad67baa88774904c3bcca37b767c4aa6890be54
edge_a1eb2b54b23424596dba78,pg_8671acb3ed3d2c0526,em_complete_0420_jid_420,em_complete_0420_jid_420,Na,0.0,1,stored_edge_orientation,Na10Mn2Al2P9O24|Na,0.8850158333333336,0.36202766666666675,0.36202766666666675,1.4080040000000005,1.0459763333333338,0.1448400000000004,0.1448400000000004,1.6251916666666668,1.4803516666666665,0.9351595745583716,ENSEMBLE_DISAGREEMENT_NOT_CALIBRATED_INTERVAL,3.575111712366621,0.9975961538461539,0.0024038461538461453,1,1,Na87Mn16Al16P72O192|Na;Li15Co16B16O48|Li;Li47P16O64|Li;Ca31Co32O80|Ca;Li63Ni32O64|Li,5,0,LABEL_CALIBRATED_TRANSFER_REQUIRES_EDGE_EXCHANGEABILITY;NETWORK_VALUES_ARE_SENSITIVITY_ENVELOPES_ONLY,0,SENSITIVITY_ENVELOPE_ONLY,OOF_GROUP_PURGED_PERIODIC_NETWORK,3,ExtraTrees,umodel_6a6528a142b33b38f4c0,3395f101552c7bf42574b94fb6ba441ce3d5feef94ad3b5f3edd41d11bc09f8b,leave_formula_plus_migrating_species_out,80e699600f7a3c7249b2642d61c8c3fdd7db140d9b9b20cbf8576d0ff18b6b45,OOF_HELD_OUT_FORMULA_SPECIES_GROUP,0,pg_8671acb3ed3d2c0526_n0001,pg_8671acb3ed3d2c0526_n0010,-1,0,1,"[0.1213299930000001,0.8780000310000005,0.4996700190000001]","[0.878670007,0.5003299810000001,0.1219999689999998]","[-0.2426599860000001,-0.3776700500000003,0.6223299499999997]","[4.428500175501366,1.8664094477701454,-0.014190390407501141]","[[1e-16,-5.113591536864036,-7.095500310266666],[-4.428500175501366,2.556795768432018,-7.095500310266666],[4.428500175501366,2.556795768432018,-7.095500310266666]]",4.805756901708742,distance_enumeration_from_raw_structure,0,0,{},,6.011141610225559,species_reported_hop_q0.950_n95,7d46cde20faa97c9d8f4db8d0ad67baa88774904c3bcca37b767c4aa6890be54
edge_a1fb2197ae7e23dea3a03b,pg_8671acb3ed3d2c0526,em_complete_0420_jid_420,em_complete_0420_jid_420,Na,0.0,1,stored_edge_orientation,Na10Mn2Al2P9O24|Na,0.8841833333333337,0.36119516666666684,0.36119516666666684,1.4071715000000005,1.0459763333333336,0.1440075000000005,0.1440075000000005,1.6243591666666668,1.4803516666666663,0.9358322068856386,ENSEMBLE_DISAGREEMENT_NOT_CALIBRATED_INTERVAL,3.5763936748443643,0.9975961538461539,0.0024038461538461453,1,1,Na87Mn16Al16P72O192|Na;Li15Co16B16O48|Li;Li47P16O64|Li;Ca31Co32O80|Ca;Li63Ni32O64|Li,5,0,LABEL_CALIBRATED_TRANSFER_REQUIRES_EDGE_EXCHANGEABILITY;NETWORK_VALUES_ARE_SENSITIVITY_ENVELOPES_ONLY,0,SENSITIVITY_ENVELOPE_ONLY,OOF_GROUP_PURGED_PERIODIC_NETWORK,3,ExtraTrees,umodel_6a6528a142b33b38f4c0,3395f101552c7bf42574b94fb6ba441ce3d5feef94ad3b5f3edd41d11bc09f8b,leave_formula_plus_migrating_species_out,80e699600f7a3c7249b2642d61c8c3fdd7db140d9b9b20cbf8576d0ff18b6b45,OOF_HELD_OUT_FORMULA_SPECIES_GROUP,0,pg_8671acb3ed3d2c0526_n0001,pg_8671acb3ed3d2c0526_n0009,-1,1,0,"[0.1213299930000001,0.8780000310000005,0.4996700190000001]","[0.8780000310000002,0.4996700189999997,0.1213299930000001]","[-0.24332996199999984,0.6216699879999992,-0.378340026]","[-4.428544522502119,1.8664350515229686,4.884981308350689e-15]","[[1e-16,-5.113591536864036,-7.095500310266666],[-4.428500175501366,2.556795768432018,-7.095500310266666],[4.428500175501366,2.556795768432018,-7.095500310266666]]",4.805786760701839,distance_enumeration_from_raw_structure,0,0,{},,6.011141610225559,species_reported_hop_q0.950_n95,7d46cde20faa97c9d8f4db8d0ad67baa88774904c3bcca37b767c4aa6890be54
edge_a61eedb22f8fae0c73944b,pg_8671acb3ed3d2c0526,em_complete_0420_jid_420,em_complete_0420_jid_420,Na,0.0,1,stored_edge_orientation,Na10Mn2Al2P9O24|Na,0.9398341666666674,0.4168460000000006,0.4168460000000006,1.4628223333333343,1.0459763333333338,0.19965833333333427,0.19965833333333427,1.6800100000000007,1.4803516666666665,0.6743326549876099,ENSEMBLE_DISAGREEMENT_NOT_CALIBRATED_INTERVAL,3.0048368626661177,0.9743589743589745,0.02564102564102555,1,0,Na87Mn16Al16P72O192|Na;Ca31Mn32O80|Ca;Na31Si16Ni16O64|Na;Ca31Co32O80|Ca;Na63Mn32O96|Na,5,0,LABEL_CALIBRATED_TRANSFER_REQUIRES_EDGE_EXCHANGEABILITY;NETWORK_VALUES_ARE_SENSITIVITY_ENVELOPES_ONLY,0,SENSITIVITY_ENVELOPE_ONLY,OOF_GROUP_PURGED_PERIODIC_NETWORK,3,ExtraTrees,umodel_6a6528a142b33b38f4c0,3395f101552c7bf42574b94fb6ba441ce3d5feef94ad3b5f3edd41d11bc09f8b,leave_formula_plus_migrating_species_out,80e699600f7a3c7249b2642d61c8c3fdd7db140d9b9b20cbf8576d0ff18b6b45,OOF_HELD_OUT_FORMULA_SPECIES_GROUP,0,pg_8671acb3ed3d2c0526_n0007,pg_8671acb3ed3d2c0526_n0010,0,-1,0,"[0.6566200056666669,1e-16,0.3433799943333333]","[0.878670007,0.5003299810000001,0.1219999689999998]","[0.22205000133333308,-0.49967001899999997,-0.2213800253333335]","[1.2324072857931063,-2.979050709757966,3.5406549599295825]","[[1e-16,-5.113591536864036,-7.095500310266666],[-4.428500175501366,2.556795768432018,-7.095500310266666],[4.428500175501366,2.556795768432018,-7.095500310266666]]",4.7885079507774995,distance_enumeration_from_raw_structure,0,0,{},,6.011141610225559,species_reported_hop_q0.950_n95,7d46cde20faa97c9d8f4db8d0ad67baa88774904c3bcca37b767c4aa6890be54
edge_a8159781b05f55ab3c717a,pg_8671acb3ed3d2c0526,em_complete_0420_jid_420,em_complete_0420_jid_420,Na,0.0,1,stored_edge_orientation,Na10Mn2Al2P9O24|Na,0.8850158333333336,0.36202766666666675,0.36202766666666675,1.4080040000000005,1.0459763333333338,0.1448400000000004,0.1448400000000004,1.6251916666666668,1.4803516666666665,0.9351595745583716,ENSEMBLE_DISAGREEMENT_NOT_CALIBRATED_INTERVAL,3.5751203287992515,0.9975961538461539,0.0024038461538461453,1,1,Na87Mn16Al16P72O192|Na;Li15Co16B16O48|Li;Li47P16O64|Li;Ca31Co32O80|Ca;Li63Ni32O64|Li,5,0,LABEL_CALIBRATED_TRANSFER_REQUIRES_EDGE_EXCHANGEABILITY;NETWORK_VALUES_ARE_SENSITIVITY_ENVELOPES_ONLY,0,SENSITIVITY_ENVELOPE_ONLY,OOF_GROUP_PURGED_PERIODIC_NETWORK,3,ExtraTrees,umodel_6a6528a142b33b38f4c0,3395f101552c7bf42574b94fb6ba441ce3d5feef94ad3b5f3edd41d11bc09f8b,leave_formula_plus_migrating_species_out,80e699600f7a3c7249b2642d61c8c3fdd7db140d9b9b20cbf8576d0ff18b6b45,OOF_HELD_OUT_FORMULA_SPECIES_GROUP,0,pg_8671acb3ed3d2c0526_n0002,pg_8671acb3ed3d2c0526_n0009,-1,0,1,"[0.1219999689999999,0.8786700070000001,0.5003299810000001]","[0.8780000310000002,0.4996700189999997,0.1213299930000001]","[-0.24399993799999967,-0.3789999880000004,0.6210000119999999]","[4.428500175501368,1.8664606552757932,0.014190390407508247]","[[1e-16,-5.113591536864036,-7.095500310266666],[-4.428500175501366,2.556795768432018,-7.095500310266666],[4.428500175501366,2.556795768432018,-7.095500310266666]]",4.8057767893742325,distance_enumeration_from_raw_structure,0,0,{},,6.011141610225559,species_reported_hop_q0.950_n95,7d46cde20faa97c9d8f4db8d0ad67baa88774904c3bcca37b767c4aa6890be54
edge_a9d41beb77dbea58da43a9,pg_8671acb3ed3d2c0526,em_complete_0420_jid_420,em_complete_0420_jid_420,Na,0.0,1,stored_edge_orientation,Na10Mn2Al2P9O24|Na,0.9882941666666675,0.46530600000000066,0.46530600000000066,1.5112823333333343,1.0459763333333336,0.24811833333333433,0.24811833333333433,1.7284700000000006,1.4803516666666663,0.8598712539253088,ENSEMBLE_DISAGREEMENT_NOT_CALIBRATED_INTERVAL,3.0644412931860585,0.9791666666666667,0.02083333333333326,1,0,Na87Mn16Al16P72O192|Na;Na31Si16Ni16O64|Na;Ca31Mn32O80|Ca;Ca31Co32O80|Ca;Na63Mn32O96|Na,5,0,LABEL_CALIBRATED_TRANSFER_REQUIRES_EDGE_EXCHANGEABILITY;NETWORK_VALUES_ARE_SENSITIVITY_ENVELOPES_ONLY,0,SENSITIVITY_ENVELOPE_ONLY,OOF_GROUP_PURGED_PERIODIC_NETWORK,3,ExtraTrees,umodel_6a6528a142b33b38f4c0,3395f101552c7bf42574b94fb6ba441ce3d5feef94ad3b5f3edd41d11bc09f8b,leave_formula_plus_migrating_species_out,80e699600f7a3c7249b2642d61c8c3fdd7db140d9b9b20cbf8576d0ff18b6b45,OOF_HELD_OUT_FORMULA_SPECIES_GROUP,0,pg_8671acb3ed3d2c0526_n0004,pg_8671acb3ed3d2c0526_n0010,0,0,0,"[0.3433799943333332,0.6566200056666668,0.0]","[0.878670007,0.5003299810000001,0.1219999689999998]","[0.5352900126666668,-0.15629002466666664,0.1219999689999998]","[1.2324072857931063,-2.824927147767942,-3.554845350337086]","[[1e-16,-5.113591536864036,-7.095500310266666],[-4.428500175501366,2.556795768432018,-7.095500310266666],[4.428500175501366,2.556795768432018,-7.095500310266666]]",4.704887519706019,distance_enumeration_from_raw_structure,0,0,{},,6.011141610225559,species_reported_hop_q0.950_n95,7d46cde20faa97c9d8f4db8d0ad67baa88774904c3bcca37b767c4aa6890be54
edge_ada8f2d0b6f4542d5ae54e,pg_8671acb3ed3d2c0526,em_complete_0420_jid_420,em_complete_0420_jid_420,Na,0.0,1,stored_edge_orientation,Na10Mn2Al2P9O24|Na,1.0036875000000007,0.4806993333333339,0.4806993333333339,1.5266756666666677,1.0459763333333338,0.2635116666666676,0.2635116666666676,1.743863333333334,1.4803516666666665,0.5769829647825883,ENSEMBLE_DISAGREEMENT_NOT_CALIBRATED_INTERVAL,1.9566370612154111,0.7732371794871793,0.2267628205128207,0,0,Ca31Mn32O80|Ca;Li23Ru24O48|Li;Na31Si16Ni16O64|Na;Ca31V32O96|Ca;Ca31Co32O80|Ca,5,0,LABEL_CALIBRATED_TRANSFER_REQUIRES_EDGE_EXCHANGEABILITY;NETWORK_VALUES_ARE_SENSITIVITY_ENVELOPES_ONLY,0,SENSITIVITY_ENVELOPE_ONLY,OOF_GROUP_PURGED_PERIODIC_NETWORK,3,ExtraTrees,umodel_6a6528a142b33b38f4c0,3395f101552c7bf42574b94fb6ba441ce3d5feef94ad3b5f3edd41d11bc09f8b,leave_formula_plus_migrating_species_out,80e699600f7a3c7249b2642d61c8c3fdd7db140d9b9b20cbf8576d0ff18b6b45,OOF_HELD_OUT_FORMULA_SPECIES_GROUP,0,pg_8671acb3ed3d2c0526_n0000,pg_8671acb3ed3d2c0526_n0008,-1,0,0,"[0.0,0.3433799943333334,0.6566200056666667]","[0.7494300106666668,0.7494300106666667,0.7494300106666665]","[-0.2505699893333332,0.4060500163333333,0.0928100049999998]","[-1.3871834451637173,2.556795768432017,-1.76174199909212]","[[1e-16,-5.113591536864036,-7.095500310266666],[-4.428500175501366,2.556795768432018,-7.095500310266666],[4.428500175501366,2.556795768432018,-7.095500310266666]]",3.400767175708041,distance_enumeration_from_raw_structure,0,0,{},,6.011141610225559,species_reported_hop_q0.950_n95,7d46cde20faa97c9d8f4db8d0ad67baa88774904c3bcca37b767c4aa6890be54
edge_ae8b8a295ba5308be18aef,pg_8671acb3ed3d2c0526,em_complete_0420_jid_420,em_complete_0420_jid_420,Na,0.0,1,stored_edge_orientation,Na10Mn2Al2P9O24|Na,1.1307600000000009,0.6077718333333341,0.6077718333333341,1.6537481666666678,1.0459763333333338,0.39058416666666773,0.39058416666666773,1.8709358333333341,1.4803516666666665,0.5615194400587471,ENSEMBLE_DISAGREEMENT_NOT_CALIBRATED_INTERVAL,2.824373150661385,0.969551282051282,0.03044871794871795,1,0,Na87Mn16Al16P72O192|Na;Na31Si16Ni16O64|Na;Li15Co16B16O48|Li;Ca31Co32O80|Ca;Ca31Mn32O80|Ca,5,0,LABEL_CALIBRATED_TRANSFER_REQUIRES_EDGE_EXCHANGEABILITY;NETWORK_VALUES_ARE_SENSITIVITY_ENVELOPES_ONLY,0,SENSITIVITY_ENVELOPE_ONLY,OOF_GROUP_PURGED_PERIODIC_NETWORK,3,ExtraTrees,umodel_6a6528a142b33b38f4c0,3395f101552c7bf42574b94fb6ba441ce3d5feef94ad3b5f3edd41d11bc09f8b,leave_formula_plus_migrating_species_out,80e699600f7a3c7249b2642d61c8c3fdd7db140d9b9b20cbf8576d0ff18b6b45,OOF_HELD_OUT_FORMULA_SPECIES_GROUP,0,pg_8671acb3ed3d2c0526_n0002,pg_8671acb3ed3d2c0526_n0007,0,1,0,"[0.1219999689999999,0.8786700070000001,0.5003299810000001]","[0.6566200056666669,1e-16,0.3433799943333333]","[0.534620036666667,0.12132999299999991,-0.15694998666666682]","[-1.2323629387923503,-2.8249015440151184,-3.5406549599295807]","[[1e-16,-5.113591536864036,-7.095500310266666],[-4.428500175501366,2.556795768432018,-7.095500310266666],[4.428500175501366,2.556795768432018,-7.095500310266666]]",4.694147919650792,distance_enumeration_from_raw_structure,0,0,{},,6.011141610225559,species_reported_hop_q0.950_n95,7d46cde20faa97c9d8f4db8d0ad67baa88774904c3bcca37b767c4aa6890be54
edge_b4729d850da1be511f713f,pg_8671acb3ed3d2c0526,em_complete_0420_jid_420,em_complete_0420_jid_420,Na,0.0,1,stored_edge_orientation,Na10Mn2Al2P9O24|Na,0.9605441666666671,0.4375560000000003,0.4375560000000003,1.483532333333334,1.0459763333333336,0.22036833333333394,0.22036833333333394,1.7007200000000002,1.4803516666666663,0.5773883582509695,ENSEMBLE_DISAGREEMENT_NOT_CALIBRATED_INTERVAL,2.848907171080544,0.969551282051282,0.03044871794871795,1,0,Na87Mn16Al16P72O192|Na;Li23Ru24O48|Li;Li31Mn16Si16O64|Li;Na63Mn32O96|Na;Na31Si16Ni16O64|Na,5,0,LABEL_CALIBRATED_TRANSFER_REQUIRES_EDGE_EXCHANGEABILITY;NETWORK_VALUES_ARE_SENSITIVITY_ENVELOPES_ONLY,0,SENSITIVITY_ENVELOPE_ONLY,OOF_GROUP_PURGED_PERIODIC_NETWORK,3,ExtraTrees,umodel_6a6528a142b33b38f4c0,3395f101552c7bf42574b94fb6ba441ce3d5feef94ad3b5f3edd41d11bc09f8b,leave_formula_plus_migrating_species_out,80e699600f7a3c7249b2642d61c8c3fdd7db140d9b9b20cbf8576d0ff18b6b45,OOF_HELD_OUT_FORMULA_SPECIES_GROUP,0,pg_8671acb3ed3d2c0526_n0002,pg_8671acb3ed3d2c0526_n0008,-1,0,0,"[0.1219999689999999,0.8786700070000001,0.5003299810000001]","[0.7494300106666668,0.7494300106666667,0.7494300106666665]","[-0.37256995833333306,-0.12923999633333338,0.24910002966666633]","[1.67547887154019,2.211628211853905,1.7931033512449666]","[[1e-16,-5.113591536864036,-7.095500310266666],[-4.428500175501366,2.556795768432018,-7.095500310266666],[4.428500175501366,2.556795768432018,-7.095500310266666]]",3.3035962865779496,distance_enumeration_from_raw_structure,0,0,{},,6.011141610225559,species_reported_hop_q0.950_n95,7d46cde20faa97c9d8f4db8d0ad67baa88774904c3bcca37b767c4aa6890be54
edge_b5b05e7531f0fd565a0991,pg_8671acb3ed3d2c0526,em_complete_0420_jid_420,em_complete_0420_jid_420,Na,0.0,1,stored_edge_orientation,Na10Mn2Al2P9O24|Na,0.8841833333333337,0.36119516666666684,0.36119516666666684,1.4071715000000005,1.0459763333333336,0.1440075000000005,0.1440075000000005,1.6243591666666668,1.4803516666666663,0.9358322068856386,ENSEMBLE_DISAGREEMENT_NOT_CALIBRATED_INTERVAL,3.576329822944839,0.9975961538461539,0.0024038461538461453,1,1,Na87Mn16Al16P72O192|Na;Li15Co16B16O48|Li;Li47P16O64|Li;Ca31Co32O80|Ca;Li63Ni32O64|Li,5,0,LABEL_CALIBRATED_TRANSFER_REQUIRES_EDGE_EXCHANGEABILITY;NETWORK_VALUES_ARE_SENSITIVITY_ENVELOPES_ONLY,0,SENSITIVITY_ENVELOPE_ONLY,OOF_GROUP_PURGED_PERIODIC_NETWORK,3,ExtraTrees,umodel_6a6528a142b33b38f4c0,3395f101552c7bf42574b94fb6ba441ce3d5feef94ad3b5f3edd41d11bc09f8b,leave_formula_plus_migrating_species_out,80e699600f7a3c7249b2642d61c8c3fdd7db140d9b9b20cbf8576d0ff18b6b45,OOF_HELD_OUT_FORMULA_SPECIES_GROUP,0,pg_8671acb3ed3d2c0526_n0002,pg_8671acb3ed3d2c0526_n0010,-1,1,0,"[0.1219999689999999,0.8786700070000001,0.5003299810000001]","[0.878670007,0.5003299810000001,0.1219999689999998]","[-0.24332996199999993,0.6216599740000001,-0.3783300120000003]","[-4.42845582850061,1.86643505152297,8.881784197001252e-16]","[[1e-16,-5.113591536864036,-7.095500310266666],[-4.428500175501366,2.556795768432018,-7.095500310266666],[4.428500175501366,2.556795768432018,-7.095500310266666]]",4.805705029081017,distance_enumeration_from_raw_structure,0,0,{},,6.011141610225559,species_reported_hop_q0.950_n95,7d46cde20faa97c9d8f4db8d0ad67baa88774904c3bcca37b767c4aa6890be54
edge_b748504a8f3cf009223b8e,pg_8671acb3ed3d2c0526,em_complete_0420_jid_420,em_complete_0420_jid_420,Na,0.0,1,stored_edge_orientation,Na10Mn2Al2P9O24|Na,0.924018333333334,0.40103016666666724,0.40103016666666724,1.447006500000001,1.0459763333333338,0.1838425000000009,0.1838425000000009,1.6641941666666673,1.4803516666666665,0.9473654666714775,ENSEMBLE_DISAGREEMENT_NOT_CALIBRATED_INTERVAL,3.7002223653518334,1.0,0.0,1,1,Na87Mn16Al16P72O192|Na;Li15Co16B16O48|Li;Na31Si16Ni16O64|Na;Ca31Co32O80|Ca;Li47P16O64|Li,5,0,LABEL_CALIBRATED_TRANSFER_REQUIRES_EDGE_EXCHANGEABILITY;NETWORK_VALUES_ARE_SENSITIVITY_ENVELOPES_ONLY,0,SENSITIVITY_ENVELOPE_ONLY,OOF_GROUP_PURGED_PERIODIC_NETWORK,3,ExtraTrees,umodel_6a6528a142b33b38f4c0,3395f101552c7bf42574b94fb6ba441ce3d5feef94ad3b5f3edd41d11bc09f8b,leave_formula_plus_migrating_species_out,80e699600f7a3c7249b2642d61c8c3fdd7db140d9b9b20cbf8576d0ff18b6b45,OOF_HELD_OUT_FORMULA_SPECIES_GROUP,0,pg_8671acb3ed3d2c0526_n0006,pg_8671acb3ed3d2c0526_n0010,0,0,0,"[0.5003299810000001,0.121999969,0.878670007]","[0.878670007,0.5003299810000001,0.1219999689999998]","[0.37834002599999983,0.37833001200000016,-0.7566700380000002]","[-5.026347920619061,-2.9020145325157785,1.7763568394002505e-15]","[[1e-16,-5.113591536864036,-7.095500310266666],[-4.428500175501366,2.556795768432018,-7.095500310266666],[4.428500175501366,2.556795768432018,-7.095500310266666]]",5.8039522539425095,distance_enumeration_from_raw_structure,0,0,{},,6.011141610225559,species_reported_hop_q0.950_n95,7d46cde20faa97c9d8f4db8d0ad67baa88774904c3bcca37b767c4aa6890be54
edge_ba68a9a5f1eaca844d1f4c,pg_8671acb3ed3d2c0526,em_complete_0420_jid_420,em_complete_0420_jid_420,Na,0.0,1,stored_edge_orientation,Na10Mn2Al2P9O24|Na,0.9398341666666674,0.4168460000000006,0.4168460000000006,1.4628223333333343,1.0459763333333338,0.19965833333333427,0.19965833333333427,1.6800100000000007,1.4803516666666665,0.6743326549876099,ENSEMBLE_DISAGREEMENT_NOT_CALIBRATED_INTERVAL,3.005100393090276,0.9743589743589745,0.02564102564102555,1,0,Na87Mn16Al16P72O192|Na;Ca31Mn32O80|Ca;Na31Si16Ni16O64|Na;Ca31Co32O80|Ca;Na63Mn32O96|Na,5,0,LABEL_CALIBRATED_TRANSFER_REQUIRES_EDGE_EXCHANGEABILITY;NETWORK_VALUES_ARE_SENSITIVITY_ENVELOPES_ONLY,0,SENSITIVITY_ENVELOPE_ONLY,OOF_GROUP_PURGED_PERIODIC_NETWORK,3,ExtraTrees,umodel_6a6528a142b33b38f4c0,3395f101552c7bf42574b94fb6ba441ce3d5feef94ad3b5f3edd41d11bc09f8b,leave_formula_plus_migrating_species_out,80e699600f7a3c7249b2642d61c8c3fdd7db140d9b9b20cbf8576d0ff18b6b45,OOF_HELD_OUT_FORMULA_SPECIES_GROUP,0,pg_8671acb3ed3d2c0526_n0000,pg_8671acb3ed3d2c0526_n0005,-1,0,0,"[0.0,0.3433799943333334,0.6566200056666667]","[0.4996700189999997,0.1213299930000002,0.8780000310000002]","[-0.5003299810000004,-0.2220500013333332,0.22138002533333356]","[1.963729950915909,2.556770164679196,3.5548453503370867]","[[1e-16,-5.113591536864036,-7.095500310266666],[-4.428500175501366,2.556795768432018,-7.095500310266666],[4.428500175501366,2.556795768432018,-7.095500310266666]]",4.798982648429882,distance_enumeration_from_raw_structure,0,0,{},,6.011141610225559,species_reported_hop_q0.950_n95,7d46cde20faa97c9d8f4db8d0ad67baa88774904c3bcca37b767c4aa6890be54
edge_be8b1d55c63749070edaab,pg_8671acb3ed3d2c0526,em_complete_0420_jid_420,em_complete_0420_jid_420,Na,0.0,1,stored_edge_orientation,Na10Mn2Al2P9O24|Na,0.9605441666666671,0.4375560000000003,0.4375560000000003,1.483532333333334,1.0459763333333336,0.22036833333333394,0.22036833333333394,1.7007200000000002,1.4803516666666663,0.5773883582509695,ENSEMBLE_DISAGREEMENT_NOT_CALIBRATED_INTERVAL,2.848907171080543,0.969551282051282,0.03044871794871795,1,0,Na87Mn16Al16P72O192|Na;Li23Ru24O48|Li;Li31Mn16Si16O64|Li;Na63Mn32O96|Na;Na31Si16Ni16O64|Na,5,0,LABEL_CALIBRATED_TRANSFER_REQUIRES_EDGE_EXCHANGEABILITY;NETWORK_VALUES_ARE_SENSITIVITY_ENVELOPES_ONLY,0,SENSITIVITY_ENVELOPE_ONLY,OOF_GROUP_PURGED_PERIODIC_NETWORK,3,ExtraTrees,umodel_6a6528a142b33b38f4c0,3395f101552c7bf42574b94fb6ba441ce3d5feef94ad3b5f3edd41d11bc09f8b,leave_formula_plus_migrating_species_out,80e699600f7a3c7249b2642d61c8c3fdd7db140d9b9b20cbf8576d0ff18b6b45,OOF_HELD_OUT_FORMULA_SPECIES_GROUP,0,pg_8671acb3ed3d2c0526_n0006,pg_8671acb3ed3d2c0526_n0008,0,-1,0,"[0.5003299810000001,0.121999969,0.878670007]","[0.7494300106666668,0.7494300106666667,0.7494300106666665]","[0.24910002966666667,-0.3725699583333333,-0.1292399963333335]","[1.0775867794217397,-2.5568213721848436,1.7931033512449668]","[[1e-16,-5.113591536864036,-7.095500310266666],[-4.428500175501366,2.556795768432018,-7.095500310266666],[4.428500175501366,2.556795768432018,-7.095500310266666]]",3.3035962865779522,distance_enumeration_from_raw_structure,0,0,{},,6.011141610225559,species_reported_hop_q0.950_n95,7d46cde20faa97c9d8f4db8d0ad67baa88774904c3bcca37b767c4aa6890be54
edge_c0ba71d0e1378a2bc5e4df,pg_8671acb3ed3d2c0526,em_complete_0420_jid_420,em_complete_0420_jid_420,Na,0.0,1,reversed_to_occupied_start,Na10Mn2Al2P9O24|Na,0.9866081666666666,0.4636199999999998,0.4636199999999998,1.5095963333333335,1.0459763333333338,0.24643233333333348,0.24643233333333348,1.7267839999999999,1.4803516666666665,0.5641765162360044,ENSEMBLE_DISAGREEMENT_NOT_CALIBRATED_INTERVAL,3.1558696893164364,0.9839743589743588,0.01602564102564119,1,0,Na87Mn16Al16P72O192|Na;Na63Mn32O96|Na;Na31Si16Ni16O64|Na;Ca31Mn32O80|Ca;Ca31Co32O80|Ca,5,0,LABEL_CALIBRATED_TRANSFER_REQUIRES_EDGE_EXCHANGEABILITY;NETWORK_VALUES_ARE_SENSITIVITY_ENVELOPES_ONLY,0,SENSITIVITY_ENVELOPE_ONLY,OOF_GROUP_PURGED_PERIODIC_NETWORK,3,ExtraTrees,umodel_6a6528a142b33b38f4c0,3395f101552c7bf42574b94fb6ba441ce3d5feef94ad3b5f3edd41d11bc09f8b,leave_formula_plus_migrating_species_out,80e699600f7a3c7249b2642d61c8c3fdd7db140d9b9b20cbf8576d0ff18b6b45,OOF_HELD_OUT_FORMULA_SPECIES_GROUP,0,pg_8671acb3ed3d2c0526_n0003,pg_8671acb3ed3d2c0526_n0009,-1,0,0,"[0.2505699893333335,0.2505699893333335,0.2505699893333334]","[0.8780000310000002,0.4996700189999997,0.1213299930000001]","[-0.3725699583333333,0.24910002966666617,-0.12923999633333333]","[-1.6754788715401892,2.211628211853906,1.7931033512449692]","[[1e-16,-5.113591536864036,-7.095500310266666],[-4.428500175501366,2.556795768432018,-7.095500310266666],[4.428500175501366,2.556795768432018,-7.095500310266666]]",3.303596286577952,distance_enumeration_from_raw_structure,0,0,{},,6.011141610225559,species_reported_hop_q0.950_n95,7d46cde20faa97c9d8f4db8d0ad67baa88774904c3bcca37b767c4aa6890be54
edge_c8bc49eb7bb56177c0f2cd,pg_8671acb3ed3d2c0526,em_complete_0420_jid_420,em_complete_0420_jid_420,Na,0.0,1,reversed_to_occupied_start,Na10Mn2Al2P9O24|Na,0.9866081666666666,0.4636199999999998,0.4636199999999998,1.5095963333333335,1.0459763333333338,0.24643233333333348,0.24643233333333348,1.7267839999999999,1.4803516666666665,0.5641765162360044,ENSEMBLE_DISAGREEMENT_NOT_CALIBRATED_INTERVAL,3.1549490072017736,0.9839743589743588,0.01602564102564119,1,0,Na87Mn16Al16P72O192|Na;Na63Mn32O96|Na;Na31Si16Ni16O64|Na;Ca31Mn32O80|Ca;Ca31Co32O80|Ca,5,0,LABEL_CALIBRATED_TRANSFER_REQUIRES_EDGE_EXCHANGEABILITY;NETWORK_VALUES_ARE_SENSITIVITY_ENVELOPES_ONLY,0,SENSITIVITY_ENVELOPE_ONLY,OOF_GROUP_PURGED_PERIODIC_NETWORK,3,ExtraTrees,umodel_6a6528a142b33b38f4c0,3395f101552c7bf42574b94fb6ba441ce3d5feef94ad3b5f3edd41d11bc09f8b,leave_formula_plus_migrating_species_out,80e699600f7a3c7249b2642d61c8c3fdd7db140d9b9b20cbf8576d0ff18b6b45,OOF_HELD_OUT_FORMULA_SPECIES_GROUP,0,pg_8671acb3ed3d2c0526_n0003,pg_8671acb3ed3d2c0526_n0006,0,0,-1,"[0.2505699893333335,0.2505699893333335,0.2505699893333334]","[0.5003299810000001,0.121999969,0.878670007]","[0.24975999166666663,-0.12857002033333353,-0.37189998233333343]","[-1.0775867794217402,-2.556770164679194,1.7789129608374616]","[[1e-16,-5.113591536864036,-7.095500310266666],[-4.428500175501366,2.556795768432018,-7.095500310266666],[4.428500175501366,2.556795768432018,-7.095500310266666]]",3.2958759479709934,distance_enumeration_from_raw_structure,0,0,{},,6.011141610225559,species_reported_hop_q0.950_n95,7d46cde20faa97c9d8f4db8d0ad67baa88774904c3bcca37b767c4aa6890be54
edge_c8e37d469542d6ad019df8,pg_8671acb3ed3d2c0526,em_complete_0420_jid_420,em_complete_0420_jid_420,Na,0.0,1,stored_edge_orientation,Na10Mn2Al2P9O24|Na,0.9882941666666675,0.46530600000000066,0.46530600000000066,1.5112823333333343,1.0459763333333336,0.24811833333333433,0.24811833333333433,1.7284700000000006,1.4803516666666663,0.8598712539253088,ENSEMBLE_DISAGREEMENT_NOT_CALIBRATED_INTERVAL,3.0640086053843274,0.9791666666666667,0.02083333333333326,1,0,Na87Mn16Al16P72O192|Na;Na31Si16Ni16O64|Na;Ca31Mn32O80|Ca;Ca31Co32O80|Ca;Na63Mn32O96|Na,5,0,LABEL_CALIBRATED_TRANSFER_REQUIRES_EDGE_EXCHANGEABILITY;NETWORK_VALUES_ARE_SENSITIVITY_ENVELOPES_ONLY,0,SENSITIVITY_ENVELOPE_ONLY,OOF_GROUP_PURGED_PERIODIC_NETWORK,3,ExtraTrees,umodel_6a6528a142b33b38f4c0,3395f101552c7bf42574b94fb6ba441ce3d5feef94ad3b5f3edd41d11bc09f8b,leave_formula_plus_migrating_species_out,80e699600f7a3c7249b2642d61c8c3fdd7db140d9b9b20cbf8576d0ff18b6b45,OOF_HELD_OUT_FORMULA_SPECIES_GROUP,0,pg_8671acb3ed3d2c0526_n0000,pg_8671acb3ed3d2c0526_n0001,0,0,0,"[0.0,0.3433799943333334,0.6566200056666667]","[0.1213299930000001,0.8780000310000005,0.4996700190000001]","[0.1213299930000001,0.5346200366666671,-0.1569499866666666]","[-3.062617969703152,0.34519316033093683,-3.540654959929584]","[[1e-16,-5.113591536864036,-7.095500310266666],[-4.428500175501366,2.556795768432018,-7.095500310266666],[4.428500175501366,2.556795768432018,-7.095500310266666]]",4.694147919650795,distance_enumeration_from_raw_structure,0,0,{},,6.011141610225559,species_reported_hop_q0.950_n95,7d46cde20faa97c9d8f4db8d0ad67baa88774904c3bcca37b767c4aa6890be54
edge_ca4a80954127c9bc74404c,pg_8671acb3ed3d2c0526,em_complete_0420_jid_420,em_complete_0420_jid_420,Na,0.0,1,stored_edge_orientation,Na10Mn2Al2P9O24|Na,0.8768433333333339,0.35385516666666705,0.35385516666666705,1.3998315000000008,1.0459763333333338,0.13666750000000072,0.13666750000000072,1.6170191666666671,1.4803516666666665,0.6426845069359892,ENSEMBLE_DISAGREEMENT_NOT_CALIBRATED_INTERVAL,2.997682996248926,0.9743589743589745,0.02564102564102555,1,0,Na87Mn16Al16P72O192|Na;Ca31Mn32O80|Ca;Ca31Co32O80|Ca;Na31Si16Ni16O64|Na;Na63Mn32O96|Na,5,0,LABEL_CALIBRATED_TRANSFER_REQUIRES_EDGE_EXCHANGEABILITY;NETWORK_VALUES_ARE_SENSITIVITY_ENVELOPES_ONLY,0,SENSITIVITY_ENVELOPE_ONLY,OOF_GROUP_PURGED_PERIODIC_NETWORK,3,ExtraTrees,umodel_6a6528a142b33b38f4c0,3395f101552c7bf42574b94fb6ba441ce3d5feef94ad3b5f3edd41d11bc09f8b,leave_formula_plus_migrating_species_out,80e699600f7a3c7249b2642d61c8c3fdd7db140d9b9b20cbf8576d0ff18b6b45,OOF_HELD_OUT_FORMULA_SPECIES_GROUP,0,pg_8671acb3ed3d2c0526_n0000,pg_8671acb3ed3d2c0526_n0001,0,-1,0,"[0.0,0.3433799943333334,0.6566200056666667]","[0.1213299930000001,0.8780000310000005,0.4996700190000001]","[0.1213299930000001,-0.4653799633333329,-0.1569499866666666]","[1.365882205798214,-2.2116026081010816,3.5548453503370823]","[[1e-16,-5.113591536864036,-7.095500310266666],[-4.428500175501366,2.556795768432018,-7.095500310266666],[4.428500175501366,2.556795768432018,-7.095500310266666]]",4.403833075979251,distance_enumeration_from_raw_structure,0,0,{},,6.011141610225559,species_reported_hop_q0.950_n95,7d46cde20faa97c9d8f4db8d0ad67baa88774904c3bcca37b767c4aa6890be54
edge_cd363143c18790a9fd8ed7,pg_8671acb3ed3d2c0526,em_complete_0420_jid_420,em_complete_0420_jid_420,Na,0.0,1,stored_edge_orientation,Na10Mn2Al2P9O24|Na,0.8841833333333337,0.36119516666666684,0.36119516666666684,1.4071715000000005,1.0459763333333336,0.1440075000000005,0.1440075000000005,1.6243591666666668,1.4803516666666663,0.9358322068856386,ENSEMBLE_DISAGREEMENT_NOT_CALIBRATED_INTERVAL,3.576362978788947,0.9975961538461539,0.0024038461538461453,1,1,Na87Mn16Al16P72O192|Na;Li15Co16B16O48|Li;Li47P16O64|Li;Ca31Co32O80|Ca;Li63Ni32O64|Li,5,0,LABEL_CALIBRATED_TRANSFER_REQUIRES_EDGE_EXCHANGEABILITY;NETWORK_VALUES_ARE_SENSITIVITY_ENVELOPES_ONLY,0,SENSITIVITY_ENVELOPE_ONLY,OOF_GROUP_PURGED_PERIODIC_NETWORK,3,ExtraTrees,umodel_6a6528a142b33b38f4c0,3395f101552c7bf42574b94fb6ba441ce3d5feef94ad3b5f3edd41d11bc09f8b,leave_formula_plus_migrating_species_out,80e699600f7a3c7249b2642d61c8c3fdd7db140d9b9b20cbf8576d0ff18b6b45,OOF_HELD_OUT_FORMULA_SPECIES_GROUP,0,pg_8671acb3ed3d2c0526_n0002,pg_8671acb3ed3d2c0526_n0009,-1,1,0,"[0.1219999689999999,0.8786700070000001,0.5003299810000001]","[0.8780000310000002,0.4996700189999997,0.1213299930000001]","[-0.24399993799999967,0.6210000119999995,-0.37899998800000007]","[-4.428500175501364,1.8664606552757932,0.01419039040750869]","[[1e-16,-5.113591536864036,-7.095500310266666],[-4.428500175501366,2.556795768432018,-7.095500310266666],[4.428500175501366,2.556795768432018,-7.095500310266666]]",4.80577678937423,distance_enumeration_from_raw_structure,0,0,{},,6.011141610225559,species_reported_hop_q0.950_n95,7d46cde20faa97c9d8f4db8d0ad67baa88774904c3bcca37b767c4aa6890be54
edge_ceef50b9ef0ce4272600d6,pg_8671acb3ed3d2c0526,em_complete_0420_jid_420,em_complete_0420_jid_420,Na,0.0,1,stored_edge_orientation,Na10Mn2Al2P9O24|Na,0.8841833333333337,0.36119516666666684,0.36119516666666684,1.4071715000000005,1.0459763333333336,0.1440075000000005,0.1440075000000005,1.6243591666666668,1.4803516666666663,0.9358322068856386,ENSEMBLE_DISAGREEMENT_NOT_CALIBRATED_INTERVAL,3.5753099680035243,0.9975961538461539,0.0024038461538461453,1,1,Na87Mn16Al16P72O192|Na;Li15Co16B16O48|Li;Li47P16O64|Li;Ca31Co32O80|Ca;Li63Ni32O64|Li,5,0,LABEL_CALIBRATED_TRANSFER_REQUIRES_EDGE_EXCHANGEABILITY;NETWORK_VALUES_ARE_SENSITIVITY_ENVELOPES_ONLY,0,SENSITIVITY_ENVELOPE_ONLY,OOF_GROUP_PURGED_PERIODIC_NETWORK,3,ExtraTrees,umodel_6a6528a142b33b38f4c0,3395f101552c7bf42574b94fb6ba441ce3d5feef94ad3b5f3edd41d11bc09f8b,leave_formula_plus_migrating_species_out,80e699600f7a3c7249b2642d61c8c3fdd7db140d9b9b20cbf8576d0ff18b6b45,OOF_HELD_OUT_FORMULA_SPECIES_GROUP,0,pg_8671acb3ed3d2c0526_n0002,pg_8671acb3ed3d2c0526_n0010,-1,0,1,"[0.1219999689999999,0.8786700070000001,0.5003299810000001]","[0.878670007,0.5003299810000001,0.1219999689999998]","[-0.24332996199999993,-0.37834002599999994,0.6216699879999996]","[4.428544522502122,1.86643505152297,8.881784197001252e-16]","[[1e-16,-5.113591536864036,-7.095500310266666],[-4.428500175501366,2.556795768432018,-7.095500310266666],[4.428500175501366,2.556795768432018,-7.095500310266666]]",4.805786760701841,distance_enumeration_from_raw_structure,0,0,{},,6.011141610225559,species_reported_hop_q0.950_n95,7d46cde20faa97c9d8f4db8d0ad67baa88774904c3bcca37b767c4aa6890be54
edge_cfbc0d11e0954514542afe,pg_8671acb3ed3d2c0526,em_complete_0420_jid_420,em_complete_0420_jid_420,Na,0.0,1,stored_edge_orientation,Na10Mn2Al2P9O24|Na,0.8841833333333337,0.36119516666666684,0.36119516666666684,1.4071715000000005,1.0459763333333336,0.1440075000000005,0.1440075000000005,1.6243591666666668,1.4803516666666663,0.9358322068856386,ENSEMBLE_DISAGREEMENT_NOT_CALIBRATED_INTERVAL,3.576358239970376,0.9975961538461539,0.0024038461538461453,1,1,Na87Mn16Al16P72O192|Na;Li15Co16B16O48|Li;Li47P16O64|Li;Ca31Co32O80|Ca;Li63Ni32O64|Li,5,0,LABEL_CALIBRATED_TRANSFER_REQUIRES_EDGE_EXCHANGEABILITY;NETWORK_VALUES_ARE_SENSITIVITY_ENVELOPES_ONLY,0,SENSITIVITY_ENVELOPE_ONLY,OOF_GROUP_PURGED_PERIODIC_NETWORK,3,ExtraTrees,umodel_6a6528a142b33b38f4c0,3395f101552c7bf42574b94fb6ba441ce3d5feef94ad3b5f3edd41d11bc09f8b,leave_formula_plus_migrating_species_out,80e699600f7a3c7249b2642d61c8c3fdd7db140d9b9b20cbf8576d0ff18b6b45,OOF_HELD_OUT_FORMULA_SPECIES_GROUP,0,pg_8671acb3ed3d2c0526_n0006,pg_8671acb3ed3d2c0526_n0009,-1,0,1,"[0.5003299810000001,0.121999969,0.878670007]","[0.8780000310000002,0.4996700189999997,0.1213299930000001]","[-0.6223299499999999,0.3776700499999997,0.24265998600000005]","[-0.5978920921184492,4.768398376533099,0.01419039040750758]","[[1e-16,-5.113591536864036,-7.095500310266666],[-4.428500175501366,2.556795768432018,-7.095500310266666],[4.428500175501366,2.556795768432018,-7.095500310266666]]",4.80575690170874,distance_enumeration_from_raw_structure,0,0,{},,6.011141610225559,species_reported_hop_q0.950_n95,7d46cde20faa97c9d8f4db8d0ad67baa88774904c3bcca37b767c4aa6890be54
edge_d2c1cae196e75cd0e5e488,pg_8671acb3ed3d2c0526,em_complete_0420_jid_420,em_complete_0420_jid_420,Na,0.0,1,stored_edge_orientation,Na10Mn2Al2P9O24|Na,0.9470391666666673,0.4240510000000005,0.4240510000000005,1.4700273333333342,1.0459763333333338,0.20686333333333418,0.20686333333333418,1.6872150000000006,1.4803516666666665,0.6993218411387921,ENSEMBLE_DISAGREEMENT_NOT_CALIBRATED_INTERVAL,3.0579326705528675,0.9791666666666667,0.02083333333333326,1,0,Na87Mn16Al16P72O192|Na;Na31Si16Ni16O64|Na;Ca31Mn32O80|Ca;Ca31Co32O80|Ca;Na63Mn32O96|Na,5,0,LABEL_CALIBRATED_TRANSFER_REQUIRES_EDGE_EXCHANGEABILITY;NETWORK_VALUES_ARE_SENSITIVITY_ENVELOPES_ONLY,0,SENSITIVITY_ENVELOPE_ONLY,OOF_GROUP_PURGED_PERIODIC_NETWORK,3,ExtraTrees,umodel_6a6528a142b33b38f4c0,3395f101552c7bf42574b94fb6ba441ce3d5feef94ad3b5f3edd41d11bc09f8b,leave_formula_plus_migrating_species_out,80e699600f7a3c7249b2642d61c8c3fdd7db140d9b9b20cbf8576d0ff18b6b45,OOF_HELD_OUT_FORMULA_SPECIES_GROUP,0,pg_8671acb3ed3d2c0526_n0000,pg_8671acb3ed3d2c0526_n0010,-1,0,0,"[0.0,0.3433799943333334,0.6566200056666667]","[0.878670007,0.5003299810000001,0.1219999689999998]","[-0.12132999300000002,0.15694998666666676,-0.5346200366666669]","[-3.062617969703152,-0.34519316033093617,3.540654959929581]","[[1e-16,-5.113591536864036,-7.095500310266666],[-4.428500175501366,2.556795768432018,-7.095500310266666],[4.428500175501366,2.556795768432018,-7.095500310266666]]",4.694147919650792,distance_enumeration_from_raw_structure,0,0,{},,6.011141610225559,species_reported_hop_q0.950_n95,7d46cde20faa97c9d8f4db8d0ad67baa88774904c3bcca37b767c4aa6890be54
edge_d2c8e88c49d17bdffbca6e,pg_8671acb3ed3d2c0526,em_complete_0420_jid_420,em_complete_0420_jid_420,Na,0.0,1,stored_edge_orientation,Na10Mn2Al2P9O24|Na,1.1963091666666674,0.6733210000000006,0.6733210000000006,1.7192973333333343,1.0459763333333338,0.4561333333333343,0.4561333333333343,1.9364850000000007,1.4803516666666665,0.7113644713872651,ENSEMBLE_DISAGREEMENT_NOT_CALIBRATED_INTERVAL,1.8705720060242985,0.7475961538461539,0.25240384615384615,0,0,Ca31Mn32O80|Ca;Na31Si16Ni16O64|Na;Ca31Co32O80|Ca;Ca15Mn16P32O112|Ca;Ca23Mn16Si24O96|Ca,5,0,LABEL_CALIBRATED_TRANSFER_REQUIRES_EDGE_EXCHANGEABILITY;NETWORK_VALUES_ARE_SENSITIVITY_ENVELOPES_ONLY,0,SENSITIVITY_ENVELOPE_ONLY,OOF_GROUP_PURGED_PERIODIC_NETWORK,3,ExtraTrees,umodel_6a6528a142b33b38f4c0,3395f101552c7bf42574b94fb6ba441ce3d5feef94ad3b5f3edd41d11bc09f8b,leave_formula_plus_migrating_species_out,80e699600f7a3c7249b2642d61c8c3fdd7db140d9b9b20cbf8576d0ff18b6b45,OOF_HELD_OUT_FORMULA_SPECIES_GROUP,0,pg_8671acb3ed3d2c0526_n0004,pg_8671acb3ed3d2c0526_n0007,0,1,-1,"[0.3433799943333332,0.6566200056666668,0.0]","[0.6566200056666669,1e-16,0.3433799943333333]","[0.3132400113333337,0.3433799943333332,-0.6566200056666667]","[-4.428500175501366,-2.402672206441994,-1.7763568394002505e-15]","[[1e-16,-5.113591536864036,-7.095500310266666],[-4.428500175501366,2.556795768432018,-7.095500310266666],[4.428500175501366,2.556795768432018,-7.095500310266666]]",5.038298079314528,distance_enumeration_from_raw_structure,0,0,{},,6.011141610225559,species_reported_hop_q0.950_n95,7d46cde20faa97c9d8f4db8d0ad67baa88774904c3bcca37b767c4aa6890be54
edge_d2cb5aeb49869572787a89,pg_8671acb3ed3d2c0526,em_complete_0420_jid_420,em_complete_0420_jid_420,Na,0.0,1,stored_edge_orientation,Na10Mn2Al2P9O24|Na,0.9882941666666675,0.46530600000000066,0.46530600000000066,1.5112823333333343,1.0459763333333336,0.24811833333333433,0.24811833333333433,1.7284700000000006,1.4803516666666663,0.8598712539253088,ENSEMBLE_DISAGREEMENT_NOT_CALIBRATED_INTERVAL,3.064008605384326,0.9791666666666667,0.02083333333333326,1,0,Na87Mn16Al16P72O192|Na;Na31Si16Ni16O64|Na;Ca31Mn32O80|Ca;Ca31Co32O80|Ca;Na63Mn32O96|Na,5,0,LABEL_CALIBRATED_TRANSFER_REQUIRES_EDGE_EXCHANGEABILITY;NETWORK_VALUES_ARE_SENSITIVITY_ENVELOPES_ONLY,0,SENSITIVITY_ENVELOPE_ONLY,OOF_GROUP_PURGED_PERIODIC_NETWORK,3,ExtraTrees,umodel_6a6528a142b33b38f4c0,3395f101552c7bf42574b94fb6ba441ce3d5feef94ad3b5f3edd41d11bc09f8b,leave_formula_plus_migrating_species_out,80e699600f7a3c7249b2642d61c8c3fdd7db140d9b9b20cbf8576d0ff18b6b45,OOF_HELD_OUT_FORMULA_SPECIES_GROUP,0,pg_8671acb3ed3d2c0526_n0004,pg_8671acb3ed3d2c0526_n0009,0,0,0,"[0.3433799943333332,0.6566200056666668,0.0]","[0.8780000310000002,0.4996700189999997,0.1213299930000001]","[0.534620036666667,-0.1569499866666671,0.1213299930000001]","[1.232362938792352,-2.824901544015119,-3.5406549599295802]","[[1e-16,-5.113591536864036,-7.095500310266666],[-4.428500175501366,2.556795768432018,-7.095500310266666],[4.428500175501366,2.556795768432018,-7.095500310266666]]",4.694147919650792,distance_enumeration_from_raw_structure,0,0,{},,6.011141610225559,species_reported_hop_q0.950_n95,7d46cde20faa97c9d8f4db8d0ad67baa88774904c3bcca37b767c4aa6890be54
edge_d4f3d78b1460f9eaea515d,pg_8671acb3ed3d2c0526,em_complete_0420_jid_420,em_complete_0420_jid_420,Na,0.0,1,stored_edge_orientation,Na10Mn2Al2P9O24|Na,0.9510441666666672,0.42805600000000044,0.42805600000000044,1.474032333333334,1.0459763333333336,0.2108683333333341,0.2108683333333341,1.6912200000000004,1.4803516666666663,0.7004460498452041,ENSEMBLE_DISAGREEMENT_NOT_CALIBRATED_INTERVAL,3.0586842279722393,0.9791666666666667,0.02083333333333326,1,0,Na87Mn16Al16P72O192|Na;Na31Si16Ni16O64|Na;Ca31Mn32O80|Ca;Ca31Co32O80|Ca;Na63Mn32O96|Na,5,0,LABEL_CALIBRATED_TRANSFER_REQUIRES_EDGE_EXCHANGEABILITY;NETWORK_VALUES_ARE_SENSITIVITY_ENVELOPES_ONLY,0,SENSITIVITY_ENVELOPE_ONLY,OOF_GROUP_PURGED_PERIODIC_NETWORK,3,ExtraTrees,umodel_6a6528a142b33b38f4c0,3395f101552c7bf42574b94fb6ba441ce3d5feef94ad3b5f3edd41d11bc09f8b,leave_formula_plus_migrating_species_out,80e699600f7a3c7249b2642d61c8c3fdd7db140d9b9b20cbf8576d0ff18b6b45,OOF_HELD_OUT_FORMULA_SPECIES_GROUP,0,pg_8671acb3ed3d2c0526_n0004,pg_8671acb3ed3d2c0526_n0005,0,0,-1,"[0.3433799943333332,0.6566200056666668,0.0]","[0.4996700189999997,0.1213299930000002,0.8780000310000002]","[0.15629002466666647,-0.5352900126666665,-0.12199996899999976]","[1.830255030910801,-2.4797595911898282,3.554845350337085]","[[1e-16,-5.113591536864036,-7.095500310266666],[-4.428500175501366,2.556795768432018,-7.095500310266666],[4.428500175501366,2.556795768432018,-7.095500310266666]]",4.704887519706016,distance_enumeration_from_raw_structure,0,0,{},,6.011141610225559,species_reported_hop_q0.950_n95,7d46cde20faa97c9d8f4db8d0ad67baa88774904c3bcca37b767c4aa6890be54
edge_d5b7e1bdac55cc0c5e5056,pg_8671acb3ed3d2c0526,em_complete_0420_jid_420,em_complete_0420_jid_420,Na,0.0,1,stored_edge_orientation,Na10Mn2Al2P9O24|Na,1.0693216666666674,0.5463335000000006,0.5463335000000006,1.592309833333334,1.0459763333333334,0.32914583333333425,0.32914583333333425,1.8094975000000004,1.480351666666666,0.6269207993704893,ENSEMBLE_DISAGREEMENT_NOT_CALIBRATED_INTERVAL,2.8301958737127,0.969551282051282,0.03044871794871795,1,0,Na87Mn16Al16P72O192|Na;Li15Co16B16O48|Li;Li47P16O64|Li;Na31Si16Ni16O64|Na;Ca31Co32O80|Ca,5,0,LABEL_CALIBRATED_TRANSFER_REQUIRES_EDGE_EXCHANGEABILITY;NETWORK_VALUES_ARE_SENSITIVITY_ENVELOPES_ONLY,0,SENSITIVITY_ENVELOPE_ONLY,OOF_GROUP_PURGED_PERIODIC_NETWORK,3,ExtraTrees,umodel_6a6528a142b33b38f4c0,3395f101552c7bf42574b94fb6ba441ce3d5feef94ad3b5f3edd41d11bc09f8b,leave_formula_plus_migrating_species_out,80e699600f7a3c7249b2642d61c8c3fdd7db140d9b9b20cbf8576d0ff18b6b45,OOF_HELD_OUT_FORMULA_SPECIES_GROUP,0,pg_8671acb3ed3d2c0526_n0009,pg_8671acb3ed3d2c0526_n0010,0,0,0,"[0.8780000310000002,0.4996700189999997,0.1213299930000001]","[0.878670007,0.5003299810000001,0.1219999689999998]","[0.000669975999999739,0.000659962000000458,0.0006699759999997112]","[4.4347000754163795e-05,-2.5603752823310762e-05,-0.014190390407505998]","[[1e-16,-5.113591536864036,-7.095500310266666],[-4.428500175501366,2.556795768432018,-7.095500310266666],[4.428500175501366,2.556795768432018,-7.095500310266666]]",0.014190482801020999,distance_enumeration_from_raw_structure,0,0,{},,6.011141610225559,species_reported_hop_q0.950_n95,7d46cde20faa97c9d8f4db8d0ad67baa88774904c3bcca37b767c4aa6890be54
edge_d828b1a06df8b5455b3f29,pg_8671acb3ed3d2c0526,em_complete_0420_jid_420,em_complete_0420_jid_420,Na,0.0,1,stored_edge_orientation,Na10Mn2Al2P9O24|Na,0.924018333333334,0.40103016666666724,0.40103016666666724,1.447006500000001,1.0459763333333338,0.1838425000000009,0.1838425000000009,1.6641941666666673,1.4803516666666665,0.9473654666714775,ENSEMBLE_DISAGREEMENT_NOT_CALIBRATED_INTERVAL,3.7002274782539923,1.0,0.0,1,1,Na87Mn16Al16P72O192|Na;Li15Co16B16O48|Li;Na31Si16Ni16O64|Na;Ca31Co32O80|Ca;Li47P16O64|Li,5,0,LABEL_CALIBRATED_TRANSFER_REQUIRES_EDGE_EXCHANGEABILITY;NETWORK_VALUES_ARE_SENSITIVITY_ENVELOPES_ONLY,0,SENSITIVITY_ENVELOPE_ONLY,OOF_GROUP_PURGED_PERIODIC_NETWORK,3,ExtraTrees,umodel_6a6528a142b33b38f4c0,3395f101552c7bf42574b94fb6ba441ce3d5feef94ad3b5f3edd41d11bc09f8b,leave_formula_plus_migrating_species_out,80e699600f7a3c7249b2642d61c8c3fdd7db140d9b9b20cbf8576d0ff18b6b45,OOF_HELD_OUT_FORMULA_SPECIES_GROUP,0,pg_8671acb3ed3d2c0526_n0002,pg_8671acb3ed3d2c0526_n0009,0,0,0,"[0.1219999689999999,0.8786700070000001,0.5003299810000001]","[0.8780000310000002,0.4996700189999997,0.1213299930000001]","[0.7560000620000004,-0.3789999880000004,-0.37899998800000007]","[1.5543122344752192e-15,-5.803926650020261,0.014190390407506914]","[[1e-16,-5.113591536864036,-7.095500310266666],[-4.428500175501366,2.556795768432018,-7.095500310266666],[4.428500175501366,2.556795768432018,-7.095500310266666]]",5.803943997489581,distance_enumeration_from_raw_structure,0,0,{},,6.011141610225559,species_reported_hop_q0.950_n95,7d46cde20faa97c9d8f4db8d0ad67baa88774904c3bcca37b767c4aa6890be54
edge_df213dcb68b838a9e4bd50,pg_8671acb3ed3d2c0526,em_complete_0420_jid_420,em_complete_0420_jid_420,Na,0.0,1,stored_edge_orientation,Na10Mn2Al2P9O24|Na,1.1611516666666675,0.6381635000000007,0.6381635000000007,1.6841398333333344,1.0459763333333338,0.4209758333333343,0.4209758333333343,1.9013275000000007,1.4803516666666665,0.6153528554008666,ENSEMBLE_DISAGREEMENT_NOT_CALIBRATED_INTERVAL,1.8558846287393773,0.7475961538461539,0.25240384615384615,0,0,Ca31Mn32O80|Ca;Na31Si16Ni16O64|Na;Ca31Co32O80|Ca;Ca15Mn16P32O112|Ca;Ca23Mn16Si24O96|Ca,5,0,LABEL_CALIBRATED_TRANSFER_REQUIRES_EDGE_EXCHANGEABILITY;NETWORK_VALUES_ARE_SENSITIVITY_ENVELOPES_ONLY,0,SENSITIVITY_ENVELOPE_ONLY,OOF_GROUP_PURGED_PERIODIC_NETWORK,3,ExtraTrees,umodel_6a6528a142b33b38f4c0,3395f101552c7bf42574b94fb6ba441ce3d5feef94ad3b5f3edd41d11bc09f8b,leave_formula_plus_migrating_species_out,80e699600f7a3c7249b2642d61c8c3fdd7db140d9b9b20cbf8576d0ff18b6b45,OOF_HELD_OUT_FORMULA_SPECIES_GROUP,0,pg_8671acb3ed3d2c0526_n0004,pg_8671acb3ed3d2c0526_n0007,0,0,0,"[0.3433799943333332,0.6566200056666668,0.0]","[0.6566200056666669,1e-16,0.3433799943333333]","[0.3132400113333337,-0.6566200056666667,0.3433799943333333]","[4.428500175501366,-2.402672206441994,-2.6645352591003757e-15]","[[1e-16,-5.113591536864036,-7.095500310266666],[-4.428500175501366,2.556795768432018,-7.095500310266666],[4.428500175501366,2.556795768432018,-7.095500310266666]]",5.038298079314528,distance_enumeration_from_raw_structure,0,0,{},,6.011141610225559,species_reported_hop_q0.950_n95,7d46cde20faa97c9d8f4db8d0ad67baa88774904c3bcca37b767c4aa6890be54
edge_e1e29378acca730eb28240,pg_8671acb3ed3d2c0526,em_complete_0420_jid_420,em_complete_0420_jid_420,Na,0.0,1,reversed_to_occupied_start,Na10Mn2Al2P9O24|Na,0.7444006666666665,0.22141249999999968,0.22141249999999968,1.2673888333333334,1.0459763333333338,0.004224833333333344,0.004224833333333344,1.4845764999999997,1.4803516666666665,0.4300344425477258,ENSEMBLE_DISAGREEMENT_NOT_CALIBRATED_INTERVAL,1.0300947280188972,0.3139423076923076,0.6860576923076924,0,0,Na31Mn32P32O128|Na;Na31Fe32P32O128|Na;Na31Mn16Si16O64|Na;Na47Fe16P16C16O112|Na;Ca31V32O96|Ca,5,0,LABEL_CALIBRATED_TRANSFER_REQUIRES_EDGE_EXCHANGEABILITY;NETWORK_VALUES_ARE_SENSITIVITY_ENVELOPES_ONLY,0,SENSITIVITY_ENVELOPE_ONLY,OOF_GROUP_PURGED_PERIODIC_NETWORK,3,ExtraTrees,umodel_6a6528a142b33b38f4c0,3395f101552c7bf42574b94fb6ba441ce3d5feef94ad3b5f3edd41d11bc09f8b,leave_formula_plus_migrating_species_out,80e699600f7a3c7249b2642d61c8c3fdd7db140d9b9b20cbf8576d0ff18b6b45,OOF_HELD_OUT_FORMULA_SPECIES_GROUP,0,pg_8671acb3ed3d2c0526_n0003,pg_8671acb3ed3d2c0526_n0004,0,0,0,"[0.2505699893333335,0.2505699893333335,0.2505699893333334]","[0.3433799943333332,0.6566200056666668,0.0]","[0.0928100049999997,0.40605001633333326,-0.2505699893333334]","[-2.907841810332541,-0.07706178099501182,-1.7617419990921173]","[[1e-16,-5.113591536864036,-7.095500310266666],[-4.428500175501366,2.556795768432018,-7.095500310266666],[4.428500175501366,2.556795768432018,-7.095500310266666]]",3.40076717570804,distance_enumeration_from_raw_structure,0,0,{},,6.011141610225559,species_reported_hop_q0.950_n95,7d46cde20faa97c9d8f4db8d0ad67baa88774904c3bcca37b767c4aa6890be54
edge_e523724c393df9464c09f8,pg_8671acb3ed3d2c0526,em_complete_0420_jid_420,em_complete_0420_jid_420,Na,0.0,1,stored_edge_orientation,Na10Mn2Al2P9O24|Na,0.9398341666666674,0.4168460000000006,0.4168460000000006,1.4628223333333343,1.0459763333333338,0.19965833333333427,0.19965833333333427,1.6800100000000007,1.4803516666666665,0.6743326549876099,ENSEMBLE_DISAGREEMENT_NOT_CALIBRATED_INTERVAL,3.004839402678902,0.9743589743589745,0.02564102564102555,1,0,Na87Mn16Al16P72O192|Na;Ca31Mn32O80|Ca;Na31Si16Ni16O64|Na;Ca31Co32O80|Ca;Na63Mn32O96|Na,5,0,LABEL_CALIBRATED_TRANSFER_REQUIRES_EDGE_EXCHANGEABILITY;NETWORK_VALUES_ARE_SENSITIVITY_ENVELOPES_ONLY,0,SENSITIVITY_ENVELOPE_ONLY,OOF_GROUP_PURGED_PERIODIC_NETWORK,3,ExtraTrees,umodel_6a6528a142b33b38f4c0,3395f101552c7bf42574b94fb6ba441ce3d5feef94ad3b5f3edd41d11bc09f8b,leave_formula_plus_migrating_species_out,80e699600f7a3c7249b2642d61c8c3fdd7db140d9b9b20cbf8576d0ff18b6b45,OOF_HELD_OUT_FORMULA_SPECIES_GROUP,0,pg_8671acb3ed3d2c0526_n0000,pg_8671acb3ed3d2c0526_n0005,0,0,0,"[0.0,0.3433799943333334,0.6566200056666667]","[0.4996700189999997,0.1213299930000002,0.8780000310000002]","[0.4996700189999997,-0.2220500013333332,0.22138002533333356]","[1.963729950915909,-2.5568213721848405,-3.5406549599295802]","[[1e-16,-5.113591536864036,-7.095500310266666],[-4.428500175501366,2.556795768432018,-7.095500310266666],[4.428500175501366,2.556795768432018,-7.095500310266666]]",4.788507950777498,distance_enumeration_from_raw_structure,0,0,{},,6.011141610225559,species_reported_hop_q0.950_n95,7d46cde20faa97c9d8f4db8d0ad67baa88774904c3bcca37b767c4aa6890be54
edge_e68bec6cac1b3d1e0f3e32,pg_8671acb3ed3d2c0526,em_complete_0420_jid_420,em_complete_0420_jid_420,Na,0.0,1,stored_edge_orientation,Na10Mn2Al2P9O24|Na,1.0202405000000003,0.4972523333333335,0.4972523333333335,1.5432286666666672,1.0459763333333338,0.2800646666666672,0.2800646666666672,1.7604163333333336,1.4803516666666665,0.5627476635089212,ENSEMBLE_DISAGREEMENT_NOT_CALIBRATED_INTERVAL,2.7828557370905163,0.9671474358974358,0.03285256410256421,1,0,Na87Mn16Al16P72O192|Na;Na31Si16Ni16O64|Na;Li15Co16B16O48|Li;Ca31Co32O80|Ca;Ca31Mn32O80|Ca,5,0,LABEL_CALIBRATED_TRANSFER_REQUIRES_EDGE_EXCHANGEABILITY;NETWORK_VALUES_ARE_SENSITIVITY_ENVELOPES_ONLY,0,SENSITIVITY_ENVELOPE_ONLY,OOF_GROUP_PURGED_PERIODIC_NETWORK,3,ExtraTrees,umodel_6a6528a142b33b38f4c0,3395f101552c7bf42574b94fb6ba441ce3d5feef94ad3b5f3edd41d11bc09f8b,leave_formula_plus_migrating_species_out,80e699600f7a3c7249b2642d61c8c3fdd7db140d9b9b20cbf8576d0ff18b6b45,OOF_HELD_OUT_FORMULA_SPECIES_GROUP,0,pg_8671acb3ed3d2c0526_n0002,pg_8671acb3ed3d2c0526_n0004,0,0,1,"[0.1219999689999999,0.8786700070000001,0.5003299810000001]","[0.3433799943333332,0.6566200056666668,0.0]","[0.2213800253333333,-0.2220500013333333,0.49967001899999985]","[3.1961372367090153,-0.4222293375731241,-3.5406549599295785]","[[1e-16,-5.113591536864036,-7.095500310266666],[-4.428500175501366,2.556795768432018,-7.095500310266666],[4.428500175501366,2.556795768432018,-7.095500310266666]]",4.788507950777497,distance_enumeration_from_raw_structure,0,0,{},,6.011141610225559,species_reported_hop_q0.950_n95,7d46cde20faa97c9d8f4db8d0ad67baa88774904c3bcca37b767c4aa6890be54
edge_e9deb1ae59711b4e46b80b,pg_8671acb3ed3d2c0526,em_complete_0420_jid_420,em_complete_0420_jid_420,Na,0.0,1,stored_edge_orientation,Na10Mn2Al2P9O24|Na,1.1764741666666674,0.6534860000000006,0.6534860000000006,1.6994623333333343,1.0459763333333338,0.43629833333333423,0.43629833333333423,1.9166500000000006,1.4803516666666665,0.7536403635185058,ENSEMBLE_DISAGREEMENT_NOT_CALIBRATED_INTERVAL,2.8341393335293774,0.969551282051282,0.03044871794871795,1,0,Na87Mn16Al16P72O192|Na;Na31Si16Ni16O64|Na;Li15Co16B16O48|Li;Ca31Co32O80|Ca;Ca31Mn32O80|Ca,5,0,LABEL_CALIBRATED_TRANSFER_REQUIRES_EDGE_EXCHANGEABILITY;NETWORK_VALUES_ARE_SENSITIVITY_ENVELOPES_ONLY,0,SENSITIVITY_ENVELOPE_ONLY,OOF_GROUP_PURGED_PERIODIC_NETWORK,3,ExtraTrees,umodel_6a6528a142b33b38f4c0,3395f101552c7bf42574b94fb6ba441ce3d5feef94ad3b5f3edd41d11bc09f8b,leave_formula_plus_migrating_species_out,80e699600f7a3c7249b2642d61c8c3fdd7db140d9b9b20cbf8576d0ff18b6b45,OOF_HELD_OUT_FORMULA_SPECIES_GROUP,0,pg_8671acb3ed3d2c0526_n0005,pg_8671acb3ed3d2c0526_n0007,0,0,0,"[0.4996700189999997,0.1213299930000002,0.8780000310000002]","[0.6566200056666669,1e-16,0.3433799943333333]","[0.1569499866666672,-0.12132999300000011,-0.5346200366666669]","[-1.830255030910801,-2.4797083836841836,3.5406549599295785]","[[1e-16,-5.113591536864036,-7.095500310266666],[-4.428500175501366,2.556795768432018,-7.095500310266666],[4.428500175501366,2.556795768432018,-7.095500310266666]]",4.694147919650791,distance_enumeration_from_raw_structure,0,0,{},,6.011141610225559,species_reported_hop_q0.950_n95,7d46cde20faa97c9d8f4db8d0ad67baa88774904c3bcca37b767c4aa6890be54
edge_ec704acd12232fe748b821,pg_8671acb3ed3d2c0526,em_complete_0420_jid_420,em_complete_0420_jid_420,Na,0.0,1,stored_edge_orientation,Na10Mn2Al2P9O24|Na,0.9398341666666674,0.4168460000000006,0.4168460000000006,1.4628223333333343,1.0459763333333338,0.19965833333333427,0.19965833333333427,1.6800100000000007,1.4803516666666665,0.6743326549876099,ENSEMBLE_DISAGREEMENT_NOT_CALIBRATED_INTERVAL,3.005100393090276,0.9743589743589745,0.02564102564102555,1,0,Na87Mn16Al16P72O192|Na;Ca31Mn32O80|Ca;Na31Si16Ni16O64|Na;Ca31Co32O80|Ca;Na63Mn32O96|Na,5,0,LABEL_CALIBRATED_TRANSFER_REQUIRES_EDGE_EXCHANGEABILITY;NETWORK_VALUES_ARE_SENSITIVITY_ENVELOPES_ONLY,0,SENSITIVITY_ENVELOPE_ONLY,OOF_GROUP_PURGED_PERIODIC_NETWORK,3,ExtraTrees,umodel_6a6528a142b33b38f4c0,3395f101552c7bf42574b94fb6ba441ce3d5feef94ad3b5f3edd41d11bc09f8b,leave_formula_plus_migrating_species_out,80e699600f7a3c7249b2642d61c8c3fdd7db140d9b9b20cbf8576d0ff18b6b45,OOF_HELD_OUT_FORMULA_SPECIES_GROUP,0,pg_8671acb3ed3d2c0526_n0007,pg_8671acb3ed3d2c0526_n0009,0,-1,0,"[0.6566200056666669,1e-16,0.3433799943333333]","[0.8780000310000002,0.4996700189999997,0.1213299930000001]","[0.22138002533333334,-0.5003299810000005,-0.22205000133333325]","[1.2323629387923525,-2.9790251060051434,3.5548453503370894]","[[1e-16,-5.113591536864036,-7.095500310266666],[-4.428500175501366,2.556795768432018,-7.095500310266666],[4.428500175501366,2.556795768432018,-7.095500310266666]]",4.798982648429884,distance_enumeration_from_raw_structure,0,0,{},,6.011141610225559,species_reported_hop_q0.950_n95,7d46cde20faa97c9d8f4db8d0ad67baa88774904c3bcca37b767c4aa6890be54
edge_eeca0110831b02a1063500,pg_8671acb3ed3d2c0526,em_complete_0420_jid_420,em_complete_0420_jid_420,Na,0.0,1,stored_edge_orientation,Na10Mn2Al2P9O24|Na,1.0202405000000003,0.4972523333333335,0.4972523333333335,1.5432286666666672,1.0459763333333338,0.2800646666666672,0.2800646666666672,1.7604163333333336,1.4803516666666665,0.5627476635089212,ENSEMBLE_DISAGREEMENT_NOT_CALIBRATED_INTERVAL,2.7825703392854875,0.9671474358974358,0.03285256410256421,1,0,Na87Mn16Al16P72O192|Na;Na31Si16Ni16O64|Na;Li15Co16B16O48|Li;Ca31Co32O80|Ca;Ca31Mn32O80|Ca,5,0,LABEL_CALIBRATED_TRANSFER_REQUIRES_EDGE_EXCHANGEABILITY;NETWORK_VALUES_ARE_SENSITIVITY_ENVELOPES_ONLY,0,SENSITIVITY_ENVELOPE_ONLY,OOF_GROUP_PURGED_PERIODIC_NETWORK,3,ExtraTrees,umodel_6a6528a142b33b38f4c0,3395f101552c7bf42574b94fb6ba441ce3d5feef94ad3b5f3edd41d11bc09f8b,leave_formula_plus_migrating_species_out,80e699600f7a3c7249b2642d61c8c3fdd7db140d9b9b20cbf8576d0ff18b6b45,OOF_HELD_OUT_FORMULA_SPECIES_GROUP,0,pg_8671acb3ed3d2c0526_n0002,pg_8671acb3ed3d2c0526_n0004,0,0,0,"[0.1219999689999999,0.8786700070000001,0.5003299810000001]","[0.3433799943333332,0.6566200056666668,0.0]","[0.2213800253333333,-0.2220500013333333,-0.5003299810000001]","[-1.2323629387923507,-2.9790251060051425,3.5548453503370876]","[[1e-16,-5.113591536864036,-7.095500310266666],[-4.428500175501366,2.556795768432018,-7.095500310266666],[4.428500175501366,2.556795768432018,-7.095500310266666]]",4.798982648429882,distance_enumeration_from_raw_structure,0,0,{},,6.011141610225559,species_reported_hop_q0.950_n95,7d46cde20faa97c9d8f4db8d0ad67baa88774904c3bcca37b767c4aa6890be54
edge_eed6b40be5096a79a06b26,pg_8671acb3ed3d2c0526,em_complete_0420_jid_420,em_complete_0420_jid_420,Na,0.0,1,stored_edge_orientation,Na10Mn2Al2P9O24|Na,0.8841833333333337,0.36119516666666684,0.36119516666666684,1.4071715000000005,1.0459763333333336,0.1440075000000005,0.1440075000000005,1.6243591666666668,1.4803516666666663,0.9358322068856386,ENSEMBLE_DISAGREEMENT_NOT_CALIBRATED_INTERVAL,3.575310457909084,0.9975961538461539,0.0024038461538461453,1,1,Na87Mn16Al16P72O192|Na;Li15Co16B16O48|Li;Li47P16O64|Li;Ca31Co32O80|Ca;Li63Ni32O64|Li,5,0,LABEL_CALIBRATED_TRANSFER_REQUIRES_EDGE_EXCHANGEABILITY;NETWORK_VALUES_ARE_SENSITIVITY_ENVELOPES_ONLY,0,SENSITIVITY_ENVELOPE_ONLY,OOF_GROUP_PURGED_PERIODIC_NETWORK,3,ExtraTrees,umodel_6a6528a142b33b38f4c0,3395f101552c7bf42574b94fb6ba441ce3d5feef94ad3b5f3edd41d11bc09f8b,leave_formula_plus_migrating_species_out,80e699600f7a3c7249b2642d61c8c3fdd7db140d9b9b20cbf8576d0ff18b6b45,OOF_HELD_OUT_FORMULA_SPECIES_GROUP,0,pg_8671acb3ed3d2c0526_n0006,pg_8671acb3ed3d2c0526_n0010,0,-1,1,"[0.5003299810000001,0.121999969,0.878670007]","[0.878670007,0.5003299810000001,0.1219999689999998]","[0.37834002599999983,-0.6216699879999998,0.2433299619999998]","[3.830652430383671,-2.9020145325157785,1.1102230246251565e-15]","[[1e-16,-5.113591536864036,-7.095500310266666],[-4.428500175501366,2.556795768432018,-7.095500310266666],[4.428500175501366,2.556795768432018,-7.095500310266666]]",4.805786760701841,distance_enumeration_from_raw_structure,0,0,{},,6.011141610225559,species_reported_hop_q0.950_n95,7d46cde20faa97c9d8f4db8d0ad67baa88774904c3bcca37b767c4aa6890be54
edge_f40249a8326dbf6cee8e43,pg_8671acb3ed3d2c0526,em_complete_0420_jid_420,em_complete_0420_jid_420,Na,0.0,1,stored_edge_orientation,Na10Mn2Al2P9O24|Na,0.8768433333333339,0.35385516666666705,0.35385516666666705,1.3998315000000008,1.0459763333333338,0.13666750000000072,0.13666750000000072,1.6170191666666671,1.4803516666666665,0.6426845069359892,ENSEMBLE_DISAGREEMENT_NOT_CALIBRATED_INTERVAL,2.997107355692982,0.9743589743589745,0.02564102564102555,1,0,Na87Mn16Al16P72O192|Na;Ca31Mn32O80|Ca;Ca31Co32O80|Ca;Na31Si16Ni16O64|Na;Na63Mn32O96|Na,5,0,LABEL_CALIBRATED_TRANSFER_REQUIRES_EDGE_EXCHANGEABILITY;NETWORK_VALUES_ARE_SENSITIVITY_ENVELOPES_ONLY,0,SENSITIVITY_ENVELOPE_ONLY,OOF_GROUP_PURGED_PERIODIC_NETWORK,3,ExtraTrees,umodel_6a6528a142b33b38f4c0,3395f101552c7bf42574b94fb6ba441ce3d5feef94ad3b5f3edd41d11bc09f8b,leave_formula_plus_migrating_species_out,80e699600f7a3c7249b2642d61c8c3fdd7db140d9b9b20cbf8576d0ff18b6b45,OOF_HELD_OUT_FORMULA_SPECIES_GROUP,0,pg_8671acb3ed3d2c0526_n0004,pg_8671acb3ed3d2c0526_n0005,0,1,-1,"[0.3433799943333332,0.6566200056666668,0.0]","[0.4996700189999997,0.1213299930000002,0.8780000310000002]","[0.15629002466666647,0.46470998733333346,-0.12199996899999976]","[-2.5982451445905648,0.07703617724218975,-3.5406549599295802]","[[1e-16,-5.113591536864036,-7.095500310266666],[-4.428500175501366,2.556795768432018,-7.095500310266666],[4.428500175501366,2.556795768432018,-7.095500310266666]]",4.392385450898688,distance_enumeration_from_raw_structure,0,0,{},,6.011141610225559,species_reported_hop_q0.950_n95,7d46cde20faa97c9d8f4db8d0ad67baa88774904c3bcca37b767c4aa6890be54
edge_f6575fed784976c823b7d2,pg_8671acb3ed3d2c0526,em_complete_0420_jid_420,em_complete_0420_jid_420,Na,0.0,1,stored_edge_orientation,Na10Mn2Al2P9O24|Na,1.0202405000000003,0.4972523333333335,0.4972523333333335,1.5432286666666672,1.0459763333333338,0.2800646666666672,0.2800646666666672,1.7604163333333336,1.4803516666666665,0.5627476635089212,ENSEMBLE_DISAGREEMENT_NOT_CALIBRATED_INTERVAL,2.782857148976233,0.9671474358974358,0.03285256410256421,1,0,Na87Mn16Al16P72O192|Na;Na31Si16Ni16O64|Na;Li15Co16B16O48|Li;Ca31Co32O80|Ca;Ca31Mn32O80|Ca,5,0,LABEL_CALIBRATED_TRANSFER_REQUIRES_EDGE_EXCHANGEABILITY;NETWORK_VALUES_ARE_SENSITIVITY_ENVELOPES_ONLY,0,SENSITIVITY_ENVELOPE_ONLY,OOF_GROUP_PURGED_PERIODIC_NETWORK,3,ExtraTrees,umodel_6a6528a142b33b38f4c0,3395f101552c7bf42574b94fb6ba441ce3d5feef94ad3b5f3edd41d11bc09f8b,leave_formula_plus_migrating_species_out,80e699600f7a3c7249b2642d61c8c3fdd7db140d9b9b20cbf8576d0ff18b6b45,OOF_HELD_OUT_FORMULA_SPECIES_GROUP,0,pg_8671acb3ed3d2c0526_n0001,pg_8671acb3ed3d2c0526_n0004,0,0,0,"[0.1213299930000001,0.8780000310000005,0.4996700190000001]","[0.3433799943333332,0.6566200056666668,0.0]","[0.22205000133333314,-0.22138002533333367,-0.4996700190000001]","[-1.2324072857931063,-2.979050709757967,3.540654959929584]","[[1e-16,-5.113591536864036,-7.095500310266666],[-4.428500175501366,2.556795768432018,-7.095500310266666],[4.428500175501366,2.556795768432018,-7.095500310266666]]",4.7885079507775,distance_enumeration_from_raw_structure,0,0,{},,6.011141610225559,species_reported_hop_q0.950_n95,7d46cde20faa97c9d8f4db8d0ad67baa88774904c3bcca37b767c4aa6890be54
edge_f70068e176bd4be3fe2a91,pg_8671acb3ed3d2c0526,em_complete_0420_jid_420,em_complete_0420_jid_420,Na,0.0,1,reversed_to_occupied_start,Na10Mn2Al2P9O24|Na,0.7444006666666665,0.22141249999999968,0.22141249999999968,1.2673888333333334,1.0459763333333338,0.004224833333333344,0.004224833333333344,1.4845764999999997,1.4803516666666665,0.4300344425477258,ENSEMBLE_DISAGREEMENT_NOT_CALIBRATED_INTERVAL,1.0300947280188968,0.3139423076923076,0.6860576923076924,0,0,Na31Mn32P32O128|Na;Na31Fe32P32O128|Na;Na31Mn16Si16O64|Na;Na47Fe16P16C16O112|Na;Ca31V32O96|Ca,5,0,LABEL_CALIBRATED_TRANSFER_REQUIRES_EDGE_EXCHANGEABILITY;NETWORK_VALUES_ARE_SENSITIVITY_ENVELOPES_ONLY,0,SENSITIVITY_ENVELOPE_ONLY,OOF_GROUP_PURGED_PERIODIC_NETWORK,3,ExtraTrees,umodel_6a6528a142b33b38f4c0,3395f101552c7bf42574b94fb6ba441ce3d5feef94ad3b5f3edd41d11bc09f8b,leave_formula_plus_migrating_species_out,80e699600f7a3c7249b2642d61c8c3fdd7db140d9b9b20cbf8576d0ff18b6b45,OOF_HELD_OUT_FORMULA_SPECIES_GROUP,0,pg_8671acb3ed3d2c0526_n0003,pg_8671acb3ed3d2c0526_n0007,0,0,0,"[0.2505699893333335,0.2505699893333335,0.2505699893333334]","[0.6566200056666669,1e-16,0.3433799943333333]","[0.4060500163333334,-0.2505699893333334,0.09281000499999992]","[1.5206583651688246,-2.479733987437006,-1.7617419990921197]","[[1e-16,-5.113591536864036,-7.095500310266666],[-4.428500175501366,2.556795768432018,-7.095500310266666],[4.428500175501366,2.556795768432018,-7.095500310266666]]",3.400767175708042,distance_enumeration_from_raw_structure,0,0,{},,6.011141610225559,species_reported_hop_q0.950_n95,7d46cde20faa97c9d8f4db8d0ad67baa88774904c3bcca37b767c4aa6890be54
edge_f843345b56765a82178e6c,pg_8671acb3ed3d2c0526,em_complete_0420_jid_420,em_complete_0420_jid_420,Na,0.0,1,stored_edge_orientation,Na10Mn2Al2P9O24|Na,1.1764741666666674,0.6534860000000006,0.6534860000000006,1.6994623333333343,1.0459763333333338,0.43629833333333423,0.43629833333333423,1.9166500000000006,1.4803516666666665,0.7536403635185058,ENSEMBLE_DISAGREEMENT_NOT_CALIBRATED_INTERVAL,2.8334511825084623,0.969551282051282,0.03044871794871795,1,0,Na87Mn16Al16P72O192|Na;Na31Si16Ni16O64|Na;Li15Co16B16O48|Li;Ca31Co32O80|Ca;Ca31Mn32O80|Ca,5,0,LABEL_CALIBRATED_TRANSFER_REQUIRES_EDGE_EXCHANGEABILITY;NETWORK_VALUES_ARE_SENSITIVITY_ENVELOPES_ONLY,0,SENSITIVITY_ENVELOPE_ONLY,OOF_GROUP_PURGED_PERIODIC_NETWORK,3,ExtraTrees,umodel_6a6528a142b33b38f4c0,3395f101552c7bf42574b94fb6ba441ce3d5feef94ad3b5f3edd41d11bc09f8b,leave_formula_plus_migrating_species_out,80e699600f7a3c7249b2642d61c8c3fdd7db140d9b9b20cbf8576d0ff18b6b45,OOF_HELD_OUT_FORMULA_SPECIES_GROUP,0,pg_8671acb3ed3d2c0526_n0006,pg_8671acb3ed3d2c0526_n0007,0,0,0,"[0.5003299810000001,0.121999969,0.878670007]","[0.6566200056666669,1e-16,0.3433799943333333]","[0.15629002466666675,-0.1219999689999999,-0.5352900126666666]","[-1.8302550309108008,-2.4797595911898305,3.554845350337085]","[[1e-16,-5.113591536864036,-7.095500310266666],[-4.428500175501366,2.556795768432018,-7.095500310266666],[4.428500175501366,2.556795768432018,-7.095500310266666]]",4.704887519706018,distance_enumeration_from_raw_structure,0,0,{},,6.011141610225559,species_reported_hop_q0.950_n95,7d46cde20faa97c9d8f4db8d0ad67baa88774904c3bcca37b767c4aa6890be54
edge_f85182f26b909a53e22ecd,pg_8671acb3ed3d2c0526,em_complete_0420_jid_420,em_complete_0420_jid_420,Na,0.0,1,reversed_to_occupied_start,Na10Mn2Al2P9O24|Na,0.9866081666666666,0.4636199999999998,0.4636199999999998,1.5095963333333335,1.0459763333333338,0.24643233333333348,0.24643233333333348,1.7267839999999999,1.4803516666666665,0.5641765162360044,ENSEMBLE_DISAGREEMENT_NOT_CALIBRATED_INTERVAL,3.154949007201773,0.9839743589743588,0.01602564102564119,1,0,Na87Mn16Al16P72O192|Na;Na63Mn32O96|Na;Na31Si16Ni16O64|Na;Ca31Mn32O80|Ca;Ca31Co32O80|Ca,5,0,LABEL_CALIBRATED_TRANSFER_REQUIRES_EDGE_EXCHANGEABILITY;NETWORK_VALUES_ARE_SENSITIVITY_ENVELOPES_ONLY,0,SENSITIVITY_ENVELOPE_ONLY,OOF_GROUP_PURGED_PERIODIC_NETWORK,3,ExtraTrees,umodel_6a6528a142b33b38f4c0,3395f101552c7bf42574b94fb6ba441ce3d5feef94ad3b5f3edd41d11bc09f8b,leave_formula_plus_migrating_species_out,80e699600f7a3c7249b2642d61c8c3fdd7db140d9b9b20cbf8576d0ff18b6b45,OOF_HELD_OUT_FORMULA_SPECIES_GROUP,0,pg_8671acb3ed3d2c0526_n0003,pg_8671acb3ed3d2c0526_n0010,-1,0,0,"[0.2505699893333335,0.2505699893333335,0.2505699893333334]","[0.878670007,0.5003299810000001,0.1219999689999998]","[-0.37189998233333355,0.24975999166666663,-0.1285700203333336]","[-1.6754345245394349,2.2116026081010824,1.778912960837463]","[[1e-16,-5.113591536864036,-7.095500310266666],[-4.428500175501366,2.556795768432018,-7.095500310266666],[4.428500175501366,2.556795768432018,-7.095500310266666]]",3.2958759479709943,distance_enumeration_from_raw_structure,0,0,{},,6.011141610225559,species_reported_hop_q0.950_n95,7d46cde20faa97c9d8f4db8d0ad67baa88774904c3bcca37b767c4aa6890be54
edge_fd89b22259f6cd8f13b3fa,pg_8671acb3ed3d2c0526,em_complete_0420_jid_420,em_complete_0420_jid_420,Na,0.0,1,stored_edge_orientation,Na10Mn2Al2P9O24|Na,0.924018333333334,0.40103016666666724,0.40103016666666724,1.447006500000001,1.0459763333333338,0.1838425000000009,0.1838425000000009,1.6641941666666673,1.4803516666666665,0.9473654666714775,ENSEMBLE_DISAGREEMENT_NOT_CALIBRATED_INTERVAL,3.700230182914306,1.0,0.0,1,1,Na87Mn16Al16P72O192|Na;Li15Co16B16O48|Li;Na31Si16Ni16O64|Na;Ca31Co32O80|Ca;Li47P16O64|Li,5,0,LABEL_CALIBRATED_TRANSFER_REQUIRES_EDGE_EXCHANGEABILITY;NETWORK_VALUES_ARE_SENSITIVITY_ENVELOPES_ONLY,0,SENSITIVITY_ENVELOPE_ONLY,OOF_GROUP_PURGED_PERIODIC_NETWORK,3,ExtraTrees,umodel_6a6528a142b33b38f4c0,3395f101552c7bf42574b94fb6ba441ce3d5feef94ad3b5f3edd41d11bc09f8b,leave_formula_plus_migrating_species_out,80e699600f7a3c7249b2642d61c8c3fdd7db140d9b9b20cbf8576d0ff18b6b45,OOF_HELD_OUT_FORMULA_SPECIES_GROUP,0,pg_8671acb3ed3d2c0526_n0001,pg_8671acb3ed3d2c0526_n0005,0,0,0,"[0.1213299930000001,0.8780000310000005,0.4996700190000001]","[0.4996700189999997,0.1213299930000002,0.8780000310000002]","[0.3783400259999996,-0.7566700380000002,0.37833001200000016]","[5.026347920619061,-2.902014532515777,3.552713678800501e-15]","[[1e-16,-5.113591536864036,-7.095500310266666],[-4.428500175501366,2.556795768432018,-7.095500310266666],[4.428500175501366,2.556795768432018,-7.095500310266666]]",5.803952253942509,distance_enumeration_from_raw_structure,0,0,{},,6.011141610225559,species_reported_hop_q0.950_n95,7d46cde20faa97c9d8f4db8d0ad67baa88774904c3bcca37b767c4aa6890be54
edge_ffa0d6b9086518e5eb71c1,pg_8671acb3ed3d2c0526,em_complete_0420_jid_420,em_complete_0420_jid_420,Na,0.0,1,stored_edge_orientation,Na10Mn2Al2P9O24|Na,0.8805008333333335,0.3575126666666667,0.3575126666666667,1.4034890000000004,1.0459763333333338,0.14032500000000037,0.14032500000000037,1.6206766666666668,1.4803516666666665,0.9357930821705164,ENSEMBLE_DISAGREEMENT_NOT_CALIBRATED_INTERVAL,3.574932953862123,0.9975961538461539,0.0024038461538461453,1,1,Na87Mn16Al16P72O192|Na;Li15Co16B16O48|Li;Li47P16O64|Li;Ca31Co32O80|Ca;Li63Ni32O64|Li,5,0,LABEL_CALIBRATED_TRANSFER_REQUIRES_EDGE_EXCHANGEABILITY;NETWORK_VALUES_ARE_SENSITIVITY_ENVELOPES_ONLY,0,SENSITIVITY_ENVELOPE_ONLY,OOF_GROUP_PURGED_PERIODIC_NETWORK,3,ExtraTrees,umodel_6a6528a142b33b38f4c0,3395f101552c7bf42574b94fb6ba441ce3d5feef94ad3b5f3edd41d11bc09f8b,leave_formula_plus_migrating_species_out,80e699600f7a3c7249b2642d61c8c3fdd7db140d9b9b20cbf8576d0ff18b6b45,OOF_HELD_OUT_FORMULA_SPECIES_GROUP,0,pg_8671acb3ed3d2c0526_n0001,pg_8671acb3ed3d2c0526_n0005,-1,1,0,"[0.1213299930000001,0.8780000310000005,0.4996700190000001]","[0.4996700189999997,0.1213299930000002,0.8780000310000002]","[-0.6216599740000005,0.2433299619999998,0.37833001200000016]","[0.5978477451176949,4.768372772780278,3.9968028886505635e-15]","[[1e-16,-5.113591536864036,-7.095500310266666],[-4.428500175501366,2.556795768432018,-7.095500310266666],[4.428500175501366,2.556795768432018,-7.095500310266666]]",4.805705029081018,distance_enumeration_from_raw_structure,0,0,{},,6.011141610225559,species_reported_hop_q0.950_n95,7d46cde20faa97c9d8f4db8d0ad67baa88774904c3bcca37b767c4aa6890be54
