edge_uid,graph_id,formula_species_group,source_record_id,representative_structure_record_id,migrating_species,oof_predicted_barrier_eV,conformal_80_lower_eV,conformal_80_lower_physical_eV,conformal_80_upper_eV,conformal_80_width_raw_eV,conformal_90_lower_eV,conformal_90_lower_physical_eV,conformal_90_upper_eV,conformal_90_width_raw_eV,ensemble_disagreement_eV,ensemble_disagreement_status,ood_distance_d5,ood_percentile_group_equal,applicability_score,ood_warning_95,ood_warning_99,nearest_training_groups,candidate_interval_transfer_status,candidate_edge_interval_coverage_validated,validation_id,validation_role,outer_fold_id,fold_selected_model_id,fold_seed,proper_train_n,calibration_n,test_n,split_sha256,fold_model_uid,fold_pipeline_sha256,candidate_features_sha256,prediction_status,node_i,node_j,image_shift_a,image_shift_b,image_shift_c,start_frac_coords,end_frac_coords,displacement_frac,displacement_cart,lattice_matrix,hop_distance_A,edge_source,is_labeled,forced_reported_edge,reported_barrier_eV,predicted_barrier_eV,candidate_distance_threshold_A,candidate_threshold_source,start_atom_match_distance_A,start_atom_removed_from_environment,feature_orientation,graph_formula,graph_reduced_formula,graph_migrating_species,structure_ini_hash,structure_fin_hash,positive_network_impact,screen_status,exactly_recomputed,point_critical_directions,point_winding_rank_critical,winding_rank_loss,baseline_periodic_dimensionality,removed_periodic_dimensionality,delta_Eperc_a,delta_Eperc_b,delta_Eperc_c,direction_lost_a,direction_lost_b,direction_lost_c,model_feature_signature,model_feature_duplicate_of_labeled,covered_labeled_edge_uids,model_feature_signature_group_size,full_model_predicted_barrier_eV,full_model_ensemble_disagreement_eV,full_model_id,full_model_uid,full_model_pipeline_sha256,full_model_status,full_model_used_for_validation_network,oof_model_status,ensemble_disagreement_interpretation,recommendation_eligible,recommendation_exclusion_reason,impact_delta_a_objective_eV,impact_direction_loss_a_objective,impact_delta_b_objective_eV,impact_direction_loss_b_objective,impact_delta_c_objective_eV,impact_direction_loss_c_objective,likely_low_barrier_pareto_front,category_likely_low_barrier,periodic_critical_edge_pareto_front,category_periodic_critical_edge,high_uncertainty_network_impact_pareto_front,category_high_uncertainty_but_high_network_impact,ood_warning_pareto_front,category_ood_warning,category_diversity_selected_candidate,diversity_selection_method,diversity_selection_budget,pareto_category,single_weighted_objective_used,recommendation_status,prediction_provenance_status
edge_16cb7b6bf4c688018a2aec,pg_20a00349bb6ec6a266,Na23Se8Cl8|Na,em_complete_0029_jid_29,em_complete_0029_jid_29,Na,1.7108525833333343,1.3351950833333344,1.3351950833333344,2.0865100833333345,0.75131500000000018,1.1326240000000012,1.1326240000000012,2.2890811666666675,1.1564571666666663,2.5690581809931921,AVAILABLE_DIAGNOSTIC_NOT_CALIBRATED_INTERVAL,2.9333354917307126,0.97195512820512819,0.028044871794871806,1,0,Na23Cl8O8|Na;Na23Br8O8|Na;Li47P16S64|Li;Li23S8I8|Li;Na23I8O8|Na,LABEL_CALIBRATED_TRANSFER_REQUIRES_EDGE_EXCHANGEABILITY_OOD_WARNING,0,leave_formula_plus_migrating_species_out,OOF_GROUP_PURGED_PERIODIC_NETWORK,2,ExtraTrees,1972499985,302,69,97,5b8192d8c990191389a3d6dcae19bfd2a2136cd9e24eceed64bdb4fa859d51b5,umodel_468e482f3d871493a887,8660ce48a1c8baae6d1ec6eb9dcf77ee4ff9ff35220bead4402896e45877eafc,1025f74909b9594efd388980687dedb81fef72652561eceb2dea72348f5d6838,OOF_GROUP_PURGED_VALIDATION_MODEL,pg_20a00349bb6ec6a266_n0000,pg_20a00349bb6ec6a266_n0002,0,-1,0,"[0.2499999668271248,3.13149957e-08,0.2500000055347851]","[0.2499999668271248,0.5000000313149956,0.2500000055347851]","[0.0,-0.5000000000000001,0.0]","[-3.2759191700000006e-07,-5.435319472163292,4.935049827000001e-07]","[[10.870643612396739,6.55999229e-07,1.786060468e-07],[6.55183834e-07,10.870638944326583,-9.870099654e-07],[1.7374369e-07,-9.913998146e-07,10.870640607742873]]",5.4353194721633242,distance_enumeration_from_raw_structure,0,0,{},,6.0111416102255584,species_reported_hop_q0.950_n95,0,1,stored_edge_orientation,Na23 Se8 Cl8,Na23Se8Cl8,Na,d16e2bfb87d59cd908332ae0753433722ee3dc7ac605960cd66e80c8f8c382ec,45ba80ae55a295361f52a5db4358e012817dc7ff67d5467e17f39a5f1b338b6e,0,NONCRITICAL_ZERO_SCREENED,False,[],False,0,3D,3D,0,0,0,False,False,False,fsig_83dce8ad25c7e85a7dfa,0,,1,0.53129833333333376,1.1154388677083313,ExtraTrees,fullmodel_253436d2d0be9f4a0e03,7f2cdf24e8baf50094c9eee85d5aabef357e1695572278cd624b47f0d1d88ba3,FULL_MODEL_PROSPECTIVE_ONLY_SOURCE_MATERIAL_SEEN,0,OOF_GROUP_PURGED_NETWORK_AND_INTERVAL_SOURCE,DIAGNOSTIC_NOT_A_CALIBRATED_INTERVAL,1,,0,0,0,0,0,0,,0,,0,,0,1,1,0,FULL_STRICT_X_ONLY_BALANCED_PCA_FARTHEST_FIRST_GRAPH_ROUND_ROBIN,19,OOD warning,0,PROSPECTIVE_NEB_CANDIDATE_NOT_YET_CALCULATED,OOF_INTERVAL_AND_NETWORK_PLUS_FULL_MODEL_PROSPECTIVE_POINT
edge_16fc51fcf384fdeee5f54f,pg_20a00349bb6ec6a266,Na23Se8Cl8|Na,em_complete_0029_jid_29,em_complete_0029_jid_29,Na,1.716862583333334,1.341205083333334,1.341205083333334,2.0925200833333339,0.75131499999999996,1.1386340000000008,1.1386340000000008,2.2950911666666673,1.1564571666666665,2.5686607890448245,AVAILABLE_DIAGNOSTIC_NOT_CALIBRATED_INTERVAL,2.9660745958806682,0.97195512820512819,0.028044871794871806,1,0,Na23Cl8O8|Na;Na23Br8O8|Na;Li47P16S64|Li;Li23S8I8|Li;Na23I8O8|Na,LABEL_CALIBRATED_TRANSFER_REQUIRES_EDGE_EXCHANGEABILITY_OOD_WARNING,0,leave_formula_plus_migrating_species_out,OOF_GROUP_PURGED_PERIODIC_NETWORK,2,ExtraTrees,1972499985,302,69,97,5b8192d8c990191389a3d6dcae19bfd2a2136cd9e24eceed64bdb4fa859d51b5,umodel_468e482f3d871493a887,8660ce48a1c8baae6d1ec6eb9dcf77ee4ff9ff35220bead4402896e45877eafc,1025f74909b9594efd388980687dedb81fef72652561eceb2dea72348f5d6838,OOF_GROUP_PURGED_VALIDATION_MODEL,pg_20a00349bb6ec6a266_n0004,pg_20a00349bb6ec6a266_n0005,0,0,0,"[0.2499999845579139,0.2500000779313236,1.46051778e-08]","[0.2499999845579138,0.2500000779313236,0.5000000146051777]","[-8.326672684688674e-17,0.0,0.49999999999999994]","[8.687184409483708e-08,-4.956999073e-07,5.4353203038714355]","[[10.870643612396739,6.55999229e-07,1.786060468e-07],[6.55183834e-07,10.870638944326583,-9.870099654e-07],[1.7374369e-07,-9.913998146e-07,10.870640607742873]]",5.4353203038714586,distance_enumeration_from_raw_structure,0,0,{},,6.0111416102255584,species_reported_hop_q0.950_n95,0,1,stored_edge_orientation,Na23 Se8 Cl8,Na23Se8Cl8,Na,d16e2bfb87d59cd908332ae0753433722ee3dc7ac605960cd66e80c8f8c382ec,45ba80ae55a295361f52a5db4358e012817dc7ff67d5467e17f39a5f1b338b6e,0,NONCRITICAL_ZERO_SCREENED,False,[],False,0,3D,3D,0,0,0,False,False,False,fsig_31758e356a3b79b8a2a1,0,,1,0.53607916666666711,1.1139746478373309,ExtraTrees,fullmodel_253436d2d0be9f4a0e03,7f2cdf24e8baf50094c9eee85d5aabef357e1695572278cd624b47f0d1d88ba3,FULL_MODEL_PROSPECTIVE_ONLY_SOURCE_MATERIAL_SEEN,0,OOF_GROUP_PURGED_NETWORK_AND_INTERVAL_SOURCE,DIAGNOSTIC_NOT_A_CALIBRATED_INTERVAL,1,,0,0,0,0,0,0,,0,,0,,0,1,1,0,FULL_STRICT_X_ONLY_BALANCED_PCA_FARTHEST_FIRST_GRAPH_ROUND_ROBIN,19,OOD warning,0,PROSPECTIVE_NEB_CANDIDATE_NOT_YET_CALCULATED,OOF_INTERVAL_AND_NETWORK_PLUS_FULL_MODEL_PROSPECTIVE_POINT
edge_193981c02ed634ab246840,pg_20a00349bb6ec6a266,Na23Se8Cl8|Na,em_complete_0029_jid_29,em_complete_0029_jid_29,Na,1.7108525833333343,1.3351950833333344,1.3351950833333344,2.0865100833333345,0.75131500000000018,1.1326240000000012,1.1326240000000012,2.2890811666666675,1.1564571666666663,2.5690581809931921,AVAILABLE_DIAGNOSTIC_NOT_CALIBRATED_INTERVAL,2.9333355398395771,0.97195512820512819,0.028044871794871806,1,0,Na23Cl8O8|Na;Na23Br8O8|Na;Li47P16S64|Li;Li23S8I8|Li;Na23I8O8|Na,LABEL_CALIBRATED_TRANSFER_REQUIRES_EDGE_EXCHANGEABILITY_OOD_WARNING,0,leave_formula_plus_migrating_species_out,OOF_GROUP_PURGED_PERIODIC_NETWORK,2,ExtraTrees,1972499985,302,69,97,5b8192d8c990191389a3d6dcae19bfd2a2136cd9e24eceed64bdb4fa859d51b5,umodel_468e482f3d871493a887,8660ce48a1c8baae6d1ec6eb9dcf77ee4ff9ff35220bead4402896e45877eafc,1025f74909b9594efd388980687dedb81fef72652561eceb2dea72348f5d6838,OOF_GROUP_PURGED_VALIDATION_MODEL,pg_20a00349bb6ec6a266_n0012,pg_20a00349bb6ec6a266_n0014,0,0,0,"[0.7499999668271247,3.13149957e-08,0.2500000055347851]","[0.7499999668271246,0.5000000313149956,0.2500000055347851]","[-1.1102230246251565e-16,0.4999999999999999,0.0]","[3.2759191579311607e-07,5.4353194721632905,-4.935049826999999e-07]","[[10.870643612396739,6.55999229e-07,1.786060468e-07],[6.55183834e-07,10.870638944326583,-9.870099654e-07],[1.7374369e-07,-9.913998146e-07,10.870640607742873]]",5.4353194721633225,distance_enumeration_from_raw_structure,0,0,{},,6.0111416102255584,species_reported_hop_q0.950_n95,0,1,stored_edge_orientation,Na23 Se8 Cl8,Na23Se8Cl8,Na,d16e2bfb87d59cd908332ae0753433722ee3dc7ac605960cd66e80c8f8c382ec,45ba80ae55a295361f52a5db4358e012817dc7ff67d5467e17f39a5f1b338b6e,0,NONCRITICAL_ZERO_SCREENED,False,[],False,0,3D,3D,0,0,0,False,False,False,fsig_1ac58b8614c2a16627e5,0,,1,0.53129833333333376,1.1154388677083313,ExtraTrees,fullmodel_253436d2d0be9f4a0e03,7f2cdf24e8baf50094c9eee85d5aabef357e1695572278cd624b47f0d1d88ba3,FULL_MODEL_PROSPECTIVE_ONLY_SOURCE_MATERIAL_SEEN,0,OOF_GROUP_PURGED_NETWORK_AND_INTERVAL_SOURCE,DIAGNOSTIC_NOT_A_CALIBRATED_INTERVAL,1,,0,0,0,0,0,0,,0,,0,,0,1,1,0,FULL_STRICT_X_ONLY_BALANCED_PCA_FARTHEST_FIRST_GRAPH_ROUND_ROBIN,19,OOD warning,0,PROSPECTIVE_NEB_CANDIDATE_NOT_YET_CALCULATED,OOF_INTERVAL_AND_NETWORK_PLUS_FULL_MODEL_PROSPECTIVE_POINT
edge_1fd43ce95da2b34f3e299b,pg_20a00349bb6ec6a266,Na23Se8Cl8|Na,em_complete_0029_jid_29,em_complete_0029_jid_29,Na,1.7108525833333343,1.3351950833333344,1.3351950833333344,2.0865100833333345,0.75131500000000018,1.1326240000000012,1.1326240000000012,2.2890811666666675,1.1564571666666663,2.5690581809931921,AVAILABLE_DIAGNOSTIC_NOT_CALIBRATED_INTERVAL,2.9333354917151251,0.97195512820512819,0.028044871794871806,1,0,Na23Cl8O8|Na;Na23Br8O8|Na;Li47P16S64|Li;Li23S8I8|Li;Na23I8O8|Na,LABEL_CALIBRATED_TRANSFER_REQUIRES_EDGE_EXCHANGEABILITY_OOD_WARNING,0,leave_formula_plus_migrating_species_out,OOF_GROUP_PURGED_PERIODIC_NETWORK,2,ExtraTrees,1972499985,302,69,97,5b8192d8c990191389a3d6dcae19bfd2a2136cd9e24eceed64bdb4fa859d51b5,umodel_468e482f3d871493a887,8660ce48a1c8baae6d1ec6eb9dcf77ee4ff9ff35220bead4402896e45877eafc,1025f74909b9594efd388980687dedb81fef72652561eceb2dea72348f5d6838,OOF_GROUP_PURGED_VALIDATION_MODEL,pg_20a00349bb6ec6a266_n0012,pg_20a00349bb6ec6a266_n0014,0,-1,0,"[0.7499999668271247,3.13149957e-08,0.2500000055347851]","[0.7499999668271246,0.5000000313149956,0.2500000055347851]","[-1.1102230246251565e-16,-0.5000000000000001,0.0]","[-3.2759191820688394e-07,-5.435319472163292,4.935049827000001e-07]","[[10.870643612396739,6.55999229e-07,1.786060468e-07],[6.55183834e-07,10.870638944326583,-9.870099654e-07],[1.7374369e-07,-9.913998146e-07,10.870640607742873]]",5.4353194721633242,distance_enumeration_from_raw_structure,0,0,{},,6.0111416102255584,species_reported_hop_q0.950_n95,0,1,stored_edge_orientation,Na23 Se8 Cl8,Na23Se8Cl8,Na,d16e2bfb87d59cd908332ae0753433722ee3dc7ac605960cd66e80c8f8c382ec,45ba80ae55a295361f52a5db4358e012817dc7ff67d5467e17f39a5f1b338b6e,0,NONCRITICAL_ZERO_SCREENED,False,[],False,0,3D,3D,0,0,0,False,False,False,fsig_9f13f7ae7723b2933640,0,,1,0.53129833333333376,1.1154388677083313,ExtraTrees,fullmodel_253436d2d0be9f4a0e03,7f2cdf24e8baf50094c9eee85d5aabef357e1695572278cd624b47f0d1d88ba3,FULL_MODEL_PROSPECTIVE_ONLY_SOURCE_MATERIAL_SEEN,0,OOF_GROUP_PURGED_NETWORK_AND_INTERVAL_SOURCE,DIAGNOSTIC_NOT_A_CALIBRATED_INTERVAL,1,,0,0,0,0,0,0,,0,,0,,0,1,1,0,FULL_STRICT_X_ONLY_BALANCED_PCA_FARTHEST_FIRST_GRAPH_ROUND_ROBIN,19,OOD warning,0,PROSPECTIVE_NEB_CANDIDATE_NOT_YET_CALCULATED,OOF_INTERVAL_AND_NETWORK_PLUS_FULL_MODEL_PROSPECTIVE_POINT
edge_328d7c3315127800c7f730,pg_20a00349bb6ec6a266,Na23Se8Cl8|Na,em_complete_0029_jid_29,em_complete_0029_jid_29,Na,1.7108525833333343,1.3351950833333344,1.3351950833333344,2.0865100833333345,0.75131500000000018,1.1326240000000012,1.1326240000000012,2.2890811666666675,1.1564571666666663,2.5690581809931921,AVAILABLE_DIAGNOSTIC_NOT_CALIBRATED_INTERVAL,2.9331882519477523,0.97195512820512819,0.028044871794871806,1,0,Na23Cl8O8|Na;Na23Br8O8|Na;Li47P16S64|Li;Li23S8I8|Li;Na23I8O8|Na,LABEL_CALIBRATED_TRANSFER_REQUIRES_EDGE_EXCHANGEABILITY_OOD_WARNING,0,leave_formula_plus_migrating_species_out,OOF_GROUP_PURGED_PERIODIC_NETWORK,2,ExtraTrees,1972499985,302,69,97,5b8192d8c990191389a3d6dcae19bfd2a2136cd9e24eceed64bdb4fa859d51b5,umodel_468e482f3d871493a887,8660ce48a1c8baae6d1ec6eb9dcf77ee4ff9ff35220bead4402896e45877eafc,1025f74909b9594efd388980687dedb81fef72652561eceb2dea72348f5d6838,OOF_GROUP_PURGED_VALIDATION_MODEL,pg_20a00349bb6ec6a266_n0011,pg_20a00349bb6ec6a266_n0023,0,0,0,"[0.4999999668280345,0.7500000419963119,0.7499999772577247]","[0.9999999668280345,0.750000041996312,0.7499999772577247]","[0.5,1.1102230246251565e-16,0.0]","[5.4353218061983695,3.2799961570688336e-07,8.93030233999999e-08]","[[10.870643612396739,6.55999229e-07,1.786060468e-07],[6.55183834e-07,10.870638944326583,-9.870099654e-07],[1.7374369e-07,-9.913998146e-07,10.870640607742873]]",5.4353218061983801,distance_enumeration_from_raw_structure,0,0,{},,6.0111416102255584,species_reported_hop_q0.950_n95,0,1,stored_edge_orientation,Na23 Se8 Cl8,Na23Se8Cl8,Na,d16e2bfb87d59cd908332ae0753433722ee3dc7ac605960cd66e80c8f8c382ec,45ba80ae55a295361f52a5db4358e012817dc7ff67d5467e17f39a5f1b338b6e,0,NONCRITICAL_ZERO_SCREENED,False,[],False,0,3D,3D,0,0,0,False,False,False,fsig_8ab74debffc4d2897d68,0,,1,0.53129833333333376,1.1154388677083313,ExtraTrees,fullmodel_253436d2d0be9f4a0e03,7f2cdf24e8baf50094c9eee85d5aabef357e1695572278cd624b47f0d1d88ba3,FULL_MODEL_PROSPECTIVE_ONLY_SOURCE_MATERIAL_SEEN,0,OOF_GROUP_PURGED_NETWORK_AND_INTERVAL_SOURCE,DIAGNOSTIC_NOT_A_CALIBRATED_INTERVAL,1,,0,0,0,0,0,0,,0,,0,,0,1,1,0,FULL_STRICT_X_ONLY_BALANCED_PCA_FARTHEST_FIRST_GRAPH_ROUND_ROBIN,19,OOD warning,0,PROSPECTIVE_NEB_CANDIDATE_NOT_YET_CALCULATED,OOF_INTERVAL_AND_NETWORK_PLUS_FULL_MODEL_PROSPECTIVE_POINT
edge_5009000180bb5b3c3fb94d,pg_20a00349bb6ec6a266,Na23Se8Cl8|Na,em_complete_0029_jid_29,em_complete_0029_jid_29,Na,1.716862583333334,1.341205083333334,1.341205083333334,2.0925200833333339,0.75131499999999996,1.1386340000000008,1.1386340000000008,2.2950911666666673,1.1564571666666665,2.5686607890448245,AVAILABLE_DIAGNOSTIC_NOT_CALIBRATED_INTERVAL,2.9660745870566259,0.97195512820512819,0.028044871794871806,1,0,Na23Cl8O8|Na;Na23Br8O8|Na;Li47P16S64|Li;Li23S8I8|Li;Na23I8O8|Na,LABEL_CALIBRATED_TRANSFER_REQUIRES_EDGE_EXCHANGEABILITY_OOD_WARNING,0,leave_formula_plus_migrating_species_out,OOF_GROUP_PURGED_PERIODIC_NETWORK,2,ExtraTrees,1972499985,302,69,97,5b8192d8c990191389a3d6dcae19bfd2a2136cd9e24eceed64bdb4fa859d51b5,umodel_468e482f3d871493a887,8660ce48a1c8baae6d1ec6eb9dcf77ee4ff9ff35220bead4402896e45877eafc,1025f74909b9594efd388980687dedb81fef72652561eceb2dea72348f5d6838,OOF_GROUP_PURGED_VALIDATION_MODEL,pg_20a00349bb6ec6a266_n0016,pg_20a00349bb6ec6a266_n0017,0,0,0,"[0.7499999845579136,0.2500000779313237,1.46051778e-08]","[0.7499999845579136,0.2500000779313237,0.5000000146051778]","[0.0,0.0,0.5]","[8.6871845e-08,-4.956999073e-07,5.435320303871436]","[[10.870643612396739,6.55999229e-07,1.786060468e-07],[6.55183834e-07,10.870638944326583,-9.870099654e-07],[1.7374369e-07,-9.913998146e-07,10.870640607742873]]",5.4353203038714604,distance_enumeration_from_raw_structure,0,0,{},,6.0111416102255584,species_reported_hop_q0.950_n95,0,1,stored_edge_orientation,Na23 Se8 Cl8,Na23Se8Cl8,Na,d16e2bfb87d59cd908332ae0753433722ee3dc7ac605960cd66e80c8f8c382ec,45ba80ae55a295361f52a5db4358e012817dc7ff67d5467e17f39a5f1b338b6e,0,NONCRITICAL_ZERO_SCREENED,False,[],False,0,3D,3D,0,0,0,False,False,False,fsig_0a56e876b97d3da19f0e,0,,1,0.53607916666666711,1.1139746478373309,ExtraTrees,fullmodel_253436d2d0be9f4a0e03,7f2cdf24e8baf50094c9eee85d5aabef357e1695572278cd624b47f0d1d88ba3,FULL_MODEL_PROSPECTIVE_ONLY_SOURCE_MATERIAL_SEEN,0,OOF_GROUP_PURGED_NETWORK_AND_INTERVAL_SOURCE,DIAGNOSTIC_NOT_A_CALIBRATED_INTERVAL,1,,0,0,0,0,0,0,,0,,0,,0,1,1,0,FULL_STRICT_X_ONLY_BALANCED_PCA_FARTHEST_FIRST_GRAPH_ROUND_ROBIN,19,OOD warning,0,PROSPECTIVE_NEB_CANDIDATE_NOT_YET_CALCULATED,OOF_INTERVAL_AND_NETWORK_PLUS_FULL_MODEL_PROSPECTIVE_POINT
edge_5bf946790df1cdf58c3257,pg_20a00349bb6ec6a266,Na23Se8Cl8|Na,em_complete_0029_jid_29,em_complete_0029_jid_29,Na,1.7108525833333343,1.3351950833333344,1.3351950833333344,2.0865100833333345,0.75131500000000018,1.1326240000000012,1.1326240000000012,2.2890811666666675,1.1564571666666663,2.5690581809931921,AVAILABLE_DIAGNOSTIC_NOT_CALIBRATED_INTERVAL,2.9333399292069542,0.97195512820512819,0.028044871794871806,1,0,Na23Cl8O8|Na;Na23Br8O8|Na;Li47P16S64|Li;Li23S8I8|Li;Na23I8O8|Na,LABEL_CALIBRATED_TRANSFER_REQUIRES_EDGE_EXCHANGEABILITY_OOD_WARNING,0,leave_formula_plus_migrating_species_out,OOF_GROUP_PURGED_PERIODIC_NETWORK,2,ExtraTrees,1972499985,302,69,97,5b8192d8c990191389a3d6dcae19bfd2a2136cd9e24eceed64bdb4fa859d51b5,umodel_468e482f3d871493a887,8660ce48a1c8baae6d1ec6eb9dcf77ee4ff9ff35220bead4402896e45877eafc,1025f74909b9594efd388980687dedb81fef72652561eceb2dea72348f5d6838,OOF_GROUP_PURGED_VALIDATION_MODEL,pg_20a00349bb6ec6a266_n0006,pg_20a00349bb6ec6a266_n0007,0,0,-1,"[0.2499999845579138,0.7500000779313235,1.46051778e-08]","[0.2499999845579139,0.7500000779313235,0.5000000146051777]","[8.326672684688674e-17,0.0,-0.5000000000000001]","[-8.68718440948371e-08,4.956999073000002e-07,-5.435320303871437]","[[10.870643612396739,6.55999229e-07,1.786060468e-07],[6.55183834e-07,10.870638944326583,-9.870099654e-07],[1.7374369e-07,-9.913998146e-07,10.870640607742873]]",5.4353203038714604,distance_enumeration_from_raw_structure,0,0,{},,6.0111416102255584,species_reported_hop_q0.950_n95,0,1,stored_edge_orientation,Na23 Se8 Cl8,Na23Se8Cl8,Na,d16e2bfb87d59cd908332ae0753433722ee3dc7ac605960cd66e80c8f8c382ec,45ba80ae55a295361f52a5db4358e012817dc7ff67d5467e17f39a5f1b338b6e,0,NONCRITICAL_ZERO_SCREENED,False,[],False,0,3D,3D,0,0,0,False,False,False,fsig_ba85fad0c2059cc57437,0,,1,0.53129833333333376,1.1154388677083313,ExtraTrees,fullmodel_253436d2d0be9f4a0e03,7f2cdf24e8baf50094c9eee85d5aabef357e1695572278cd624b47f0d1d88ba3,FULL_MODEL_PROSPECTIVE_ONLY_SOURCE_MATERIAL_SEEN,0,OOF_GROUP_PURGED_NETWORK_AND_INTERVAL_SOURCE,DIAGNOSTIC_NOT_A_CALIBRATED_INTERVAL,1,,0,0,0,0,0,0,,0,,0,,0,1,1,0,FULL_STRICT_X_ONLY_BALANCED_PCA_FARTHEST_FIRST_GRAPH_ROUND_ROBIN,19,OOD warning,0,PROSPECTIVE_NEB_CANDIDATE_NOT_YET_CALCULATED,OOF_INTERVAL_AND_NETWORK_PLUS_FULL_MODEL_PROSPECTIVE_POINT
edge_5ceb33ccee5913914d5ecf,pg_20a00349bb6ec6a266,Na23Se8Cl8|Na,em_complete_0029_jid_29,em_complete_0029_jid_29,Na,1.7108525833333343,1.3351950833333344,1.3351950833333344,2.0865100833333345,0.75131500000000018,1.1326240000000012,1.1326240000000012,2.2890811666666675,1.1564571666666663,2.5690581809931921,AVAILABLE_DIAGNOSTIC_NOT_CALIBRATED_INTERVAL,2.9333399181151756,0.97195512820512819,0.028044871794871806,1,0,Na23Cl8O8|Na;Na23Br8O8|Na;Li47P16S64|Li;Li23S8I8|Li;Na23I8O8|Na,LABEL_CALIBRATED_TRANSFER_REQUIRES_EDGE_EXCHANGEABILITY_OOD_WARNING,0,leave_formula_plus_migrating_species_out,OOF_GROUP_PURGED_PERIODIC_NETWORK,2,ExtraTrees,1972499985,302,69,97,5b8192d8c990191389a3d6dcae19bfd2a2136cd9e24eceed64bdb4fa859d51b5,umodel_468e482f3d871493a887,8660ce48a1c8baae6d1ec6eb9dcf77ee4ff9ff35220bead4402896e45877eafc,1025f74909b9594efd388980687dedb81fef72652561eceb2dea72348f5d6838,OOF_GROUP_PURGED_VALIDATION_MODEL,pg_20a00349bb6ec6a266_n0018,pg_20a00349bb6ec6a266_n0019,0,0,0,"[0.7499999845579137,0.7500000779313234,1.46051778e-08]","[0.7499999845579137,0.7500000779313234,0.5000000146051778]","[0.0,0.0,0.5]","[8.6871845e-08,-4.956999073e-07,5.435320303871436]","[[10.870643612396739,6.55999229e-07,1.786060468e-07],[6.55183834e-07,10.870638944326583,-9.870099654e-07],[1.7374369e-07,-9.913998146e-07,10.870640607742873]]",5.4353203038714604,distance_enumeration_from_raw_structure,0,0,{},,6.0111416102255584,species_reported_hop_q0.950_n95,0,1,stored_edge_orientation,Na23 Se8 Cl8,Na23Se8Cl8,Na,d16e2bfb87d59cd908332ae0753433722ee3dc7ac605960cd66e80c8f8c382ec,45ba80ae55a295361f52a5db4358e012817dc7ff67d5467e17f39a5f1b338b6e,0,NONCRITICAL_ZERO_SCREENED,False,[],False,0,3D,3D,0,0,0,False,False,False,fsig_fa49636b8b2934b5b91b,0,,1,0.53129833333333376,1.1154388677083313,ExtraTrees,fullmodel_253436d2d0be9f4a0e03,7f2cdf24e8baf50094c9eee85d5aabef357e1695572278cd624b47f0d1d88ba3,FULL_MODEL_PROSPECTIVE_ONLY_SOURCE_MATERIAL_SEEN,0,OOF_GROUP_PURGED_NETWORK_AND_INTERVAL_SOURCE,DIAGNOSTIC_NOT_A_CALIBRATED_INTERVAL,1,,0,0,0,0,0,0,,0,,0,,0,1,1,0,FULL_STRICT_X_ONLY_BALANCED_PCA_FARTHEST_FIRST_GRAPH_ROUND_ROBIN,19,OOD warning,0,PROSPECTIVE_NEB_CANDIDATE_NOT_YET_CALCULATED,OOF_INTERVAL_AND_NETWORK_PLUS_FULL_MODEL_PROSPECTIVE_POINT
edge_7865a1ab5777fbc22da7a6,pg_20a00349bb6ec6a266,Na23Se8Cl8|Na,em_complete_0029_jid_29,em_complete_0029_jid_29,Na,1.7108525833333343,1.3351950833333344,1.3351950833333344,2.0865100833333345,0.75131500000000018,1.1326240000000012,1.1326240000000012,2.2890811666666675,1.1564571666666663,2.5690581809931921,AVAILABLE_DIAGNOSTIC_NOT_CALIBRATED_INTERVAL,2.9331882525319544,0.97195512820512819,0.028044871794871806,1,0,Na23Cl8O8|Na;Na23Br8O8|Na;Li47P16S64|Li;Li23S8I8|Li;Na23I8O8|Na,LABEL_CALIBRATED_TRANSFER_REQUIRES_EDGE_EXCHANGEABILITY_OOD_WARNING,0,leave_formula_plus_migrating_species_out,OOF_GROUP_PURGED_PERIODIC_NETWORK,2,ExtraTrees,1972499985,302,69,97,5b8192d8c990191389a3d6dcae19bfd2a2136cd9e24eceed64bdb4fa859d51b5,umodel_468e482f3d871493a887,8660ce48a1c8baae6d1ec6eb9dcf77ee4ff9ff35220bead4402896e45877eafc,1025f74909b9594efd388980687dedb81fef72652561eceb2dea72348f5d6838,OOF_GROUP_PURGED_VALIDATION_MODEL,pg_20a00349bb6ec6a266_n0008,pg_20a00349bb6ec6a266_n0020,0,0,0,"[0.4999999668280344,0.2500000419963122,0.2499999772577247]","[0.9999999668280346,0.2500000419963124,0.2499999772577247]","[0.5000000000000002,2.220446049250313e-16,0.0]","[5.435321806198372,3.2799961691376687e-07,8.930302339999981e-08]","[[10.870643612396739,6.55999229e-07,1.786060468e-07],[6.55183834e-07,10.870638944326583,-9.870099654e-07],[1.7374369e-07,-9.913998146e-07,10.870640607742873]]",5.4353218061983828,distance_enumeration_from_raw_structure,0,0,{},,6.0111416102255584,species_reported_hop_q0.950_n95,0,1,stored_edge_orientation,Na23 Se8 Cl8,Na23Se8Cl8,Na,d16e2bfb87d59cd908332ae0753433722ee3dc7ac605960cd66e80c8f8c382ec,45ba80ae55a295361f52a5db4358e012817dc7ff67d5467e17f39a5f1b338b6e,0,NONCRITICAL_ZERO_SCREENED,False,[],False,0,3D,3D,0,0,0,False,False,False,fsig_dab82123cd1a2a7f7e6b,0,,1,0.53129833333333376,1.1154388677083313,ExtraTrees,fullmodel_253436d2d0be9f4a0e03,7f2cdf24e8baf50094c9eee85d5aabef357e1695572278cd624b47f0d1d88ba3,FULL_MODEL_PROSPECTIVE_ONLY_SOURCE_MATERIAL_SEEN,0,OOF_GROUP_PURGED_NETWORK_AND_INTERVAL_SOURCE,DIAGNOSTIC_NOT_A_CALIBRATED_INTERVAL,1,,0,0,0,0,0,0,,0,,0,,0,1,1,0,FULL_STRICT_X_ONLY_BALANCED_PCA_FARTHEST_FIRST_GRAPH_ROUND_ROBIN,19,OOD warning,0,PROSPECTIVE_NEB_CANDIDATE_NOT_YET_CALCULATED,OOF_INTERVAL_AND_NETWORK_PLUS_FULL_MODEL_PROSPECTIVE_POINT
edge_82630f8753862d0654b275,pg_20a00349bb6ec6a266,Na23Se8Cl8|Na,em_complete_0029_jid_29,em_complete_0029_jid_29,Na,1.7108525833333343,1.3351950833333344,1.3351950833333344,2.0865100833333345,0.75131500000000018,1.1326240000000012,1.1326240000000012,2.2890811666666675,1.1564571666666663,2.5690581809931921,AVAILABLE_DIAGNOSTIC_NOT_CALIBRATED_INTERVAL,2.9333399292238553,0.97195512820512819,0.028044871794871806,1,0,Na23Cl8O8|Na;Na23Br8O8|Na;Li47P16S64|Li;Li23S8I8|Li;Na23I8O8|Na,LABEL_CALIBRATED_TRANSFER_REQUIRES_EDGE_EXCHANGEABILITY_OOD_WARNING,0,leave_formula_plus_migrating_species_out,OOF_GROUP_PURGED_PERIODIC_NETWORK,2,ExtraTrees,1972499985,302,69,97,5b8192d8c990191389a3d6dcae19bfd2a2136cd9e24eceed64bdb4fa859d51b5,umodel_468e482f3d871493a887,8660ce48a1c8baae6d1ec6eb9dcf77ee4ff9ff35220bead4402896e45877eafc,1025f74909b9594efd388980687dedb81fef72652561eceb2dea72348f5d6838,OOF_GROUP_PURGED_VALIDATION_MODEL,pg_20a00349bb6ec6a266_n0018,pg_20a00349bb6ec6a266_n0019,0,0,-1,"[0.7499999845579137,0.7500000779313234,1.46051778e-08]","[0.7499999845579137,0.7500000779313234,0.5000000146051778]","[0.0,0.0,-0.49999999999999994]","[-8.687184499999999e-08,4.956999072999999e-07,-5.4353203038714355]","[[10.870643612396739,6.55999229e-07,1.786060468e-07],[6.55183834e-07,10.870638944326583,-9.870099654e-07],[1.7374369e-07,-9.913998146e-07,10.870640607742873]]",5.4353203038714586,distance_enumeration_from_raw_structure,0,0,{},,6.0111416102255584,species_reported_hop_q0.950_n95,0,1,stored_edge_orientation,Na23 Se8 Cl8,Na23Se8Cl8,Na,d16e2bfb87d59cd908332ae0753433722ee3dc7ac605960cd66e80c8f8c382ec,45ba80ae55a295361f52a5db4358e012817dc7ff67d5467e17f39a5f1b338b6e,0,NONCRITICAL_ZERO_SCREENED,False,[],False,0,3D,3D,0,0,0,False,False,False,fsig_947b5ec945f583884f09,0,,1,0.53129833333333376,1.1154388677083313,ExtraTrees,fullmodel_253436d2d0be9f4a0e03,7f2cdf24e8baf50094c9eee85d5aabef357e1695572278cd624b47f0d1d88ba3,FULL_MODEL_PROSPECTIVE_ONLY_SOURCE_MATERIAL_SEEN,0,OOF_GROUP_PURGED_NETWORK_AND_INTERVAL_SOURCE,DIAGNOSTIC_NOT_A_CALIBRATED_INTERVAL,1,,0,0,0,0,0,0,,0,,0,,0,1,1,0,FULL_STRICT_X_ONLY_BALANCED_PCA_FARTHEST_FIRST_GRAPH_ROUND_ROBIN,19,OOD warning,0,PROSPECTIVE_NEB_CANDIDATE_NOT_YET_CALCULATED,OOF_INTERVAL_AND_NETWORK_PLUS_FULL_MODEL_PROSPECTIVE_POINT
edge_82997cc103e5bb3d8b9238,pg_20a00349bb6ec6a266,Na23Se8Cl8|Na,em_complete_0029_jid_29,em_complete_0029_jid_29,Na,1.716862583333334,1.341205083333334,1.341205083333334,2.0925200833333339,0.75131499999999996,1.1386340000000008,1.1386340000000008,2.2950911666666673,1.1564571666666665,2.5686607890448245,AVAILABLE_DIAGNOSTIC_NOT_CALIBRATED_INTERVAL,2.9660675487785717,0.97195512820512819,0.028044871794871806,1,0,Na23Cl8O8|Na;Na23Br8O8|Na;Li47P16S64|Li;Li23S8I8|Li;Na23I8O8|Na,LABEL_CALIBRATED_TRANSFER_REQUIRES_EDGE_EXCHANGEABILITY_OOD_WARNING,0,leave_formula_plus_migrating_species_out,OOF_GROUP_PURGED_PERIODIC_NETWORK,2,ExtraTrees,1972499985,302,69,97,5b8192d8c990191389a3d6dcae19bfd2a2136cd9e24eceed64bdb4fa859d51b5,umodel_468e482f3d871493a887,8660ce48a1c8baae6d1ec6eb9dcf77ee4ff9ff35220bead4402896e45877eafc,1025f74909b9594efd388980687dedb81fef72652561eceb2dea72348f5d6838,OOF_GROUP_PURGED_VALIDATION_MODEL,pg_20a00349bb6ec6a266_n0001,pg_20a00349bb6ec6a266_n0003,0,-1,0,"[0.2499999668271248,3.13149957e-08,0.750000005534785]","[0.2499999668271248,0.5000000313149956,0.7500000055347851]","[0.0,-0.5000000000000001,1.1102230246251565e-16]","[-3.2759191700000006e-07,-5.435319472163292,4.935049839068836e-07]","[[10.870643612396739,6.55999229e-07,1.786060468e-07],[6.55183834e-07,10.870638944326583,-9.870099654e-07],[1.7374369e-07,-9.913998146e-07,10.870640607742873]]",5.4353194721633242,distance_enumeration_from_raw_structure,0,0,{},,6.0111416102255584,species_reported_hop_q0.950_n95,0,1,stored_edge_orientation,Na23 Se8 Cl8,Na23Se8Cl8,Na,d16e2bfb87d59cd908332ae0753433722ee3dc7ac605960cd66e80c8f8c382ec,45ba80ae55a295361f52a5db4358e012817dc7ff67d5467e17f39a5f1b338b6e,0,NONCRITICAL_ZERO_SCREENED,False,[],False,0,3D,3D,0,0,0,False,False,False,fsig_6c91f94c4d4e9a5456f0,0,,1,0.53607916666666711,1.1139746478373309,ExtraTrees,fullmodel_253436d2d0be9f4a0e03,7f2cdf24e8baf50094c9eee85d5aabef357e1695572278cd624b47f0d1d88ba3,FULL_MODEL_PROSPECTIVE_ONLY_SOURCE_MATERIAL_SEEN,0,OOF_GROUP_PURGED_NETWORK_AND_INTERVAL_SOURCE,DIAGNOSTIC_NOT_A_CALIBRATED_INTERVAL,1,,0,0,0,0,0,0,,0,,0,,0,1,1,0,FULL_STRICT_X_ONLY_BALANCED_PCA_FARTHEST_FIRST_GRAPH_ROUND_ROBIN,19,OOD warning,0,PROSPECTIVE_NEB_CANDIDATE_NOT_YET_CALCULATED,OOF_INTERVAL_AND_NETWORK_PLUS_FULL_MODEL_PROSPECTIVE_POINT
edge_a62be5041e215000f61643,pg_20a00349bb6ec6a266,Na23Se8Cl8|Na,em_complete_0029_jid_29,em_complete_0029_jid_29,Na,1.7108525833333343,1.3351950833333344,1.3351950833333344,2.0865100833333345,0.75131500000000018,1.1326240000000012,1.1326240000000012,2.2890811666666675,1.1564571666666663,2.5690581809931921,AVAILABLE_DIAGNOSTIC_NOT_CALIBRATED_INTERVAL,2.9331883090007729,0.97195512820512819,0.028044871794871806,1,0,Na23Cl8O8|Na;Na23Br8O8|Na;Li47P16S64|Li;Li23S8I8|Li;Na23I8O8|Na,LABEL_CALIBRATED_TRANSFER_REQUIRES_EDGE_EXCHANGEABILITY_OOD_WARNING,0,leave_formula_plus_migrating_species_out,OOF_GROUP_PURGED_PERIODIC_NETWORK,2,ExtraTrees,1972499985,302,69,97,5b8192d8c990191389a3d6dcae19bfd2a2136cd9e24eceed64bdb4fa859d51b5,umodel_468e482f3d871493a887,8660ce48a1c8baae6d1ec6eb9dcf77ee4ff9ff35220bead4402896e45877eafc,1025f74909b9594efd388980687dedb81fef72652561eceb2dea72348f5d6838,OOF_GROUP_PURGED_VALIDATION_MODEL,pg_20a00349bb6ec6a266_n0008,pg_20a00349bb6ec6a266_n0020,-1,0,0,"[0.4999999668280344,0.2500000419963122,0.2499999772577247]","[0.9999999668280346,0.2500000419963124,0.2499999772577247]","[-0.4999999999999998,2.220446049250313e-16,0.0]","[-5.435321806198367,-3.2799961208623314e-07,-8.930302340000019e-08]","[[10.870643612396739,6.55999229e-07,1.786060468e-07],[6.55183834e-07,10.870638944326583,-9.870099654e-07],[1.7374369e-07,-9.913998146e-07,10.870640607742873]]",5.4353218061983775,distance_enumeration_from_raw_structure,0,0,{},,6.0111416102255584,species_reported_hop_q0.950_n95,0,1,stored_edge_orientation,Na23 Se8 Cl8,Na23Se8Cl8,Na,d16e2bfb87d59cd908332ae0753433722ee3dc7ac605960cd66e80c8f8c382ec,45ba80ae55a295361f52a5db4358e012817dc7ff67d5467e17f39a5f1b338b6e,0,NONCRITICAL_ZERO_SCREENED,False,[],False,0,3D,3D,0,0,0,False,False,False,fsig_e96892a440fb1ad8e1d0,0,,1,0.53129833333333376,1.1154388677083313,ExtraTrees,fullmodel_253436d2d0be9f4a0e03,7f2cdf24e8baf50094c9eee85d5aabef357e1695572278cd624b47f0d1d88ba3,FULL_MODEL_PROSPECTIVE_ONLY_SOURCE_MATERIAL_SEEN,0,OOF_GROUP_PURGED_NETWORK_AND_INTERVAL_SOURCE,DIAGNOSTIC_NOT_A_CALIBRATED_INTERVAL,1,,0,0,0,0,0,0,,0,,0,,0,1,1,0,FULL_STRICT_X_ONLY_BALANCED_PCA_FARTHEST_FIRST_GRAPH_ROUND_ROBIN,19,OOD warning,0,PROSPECTIVE_NEB_CANDIDATE_NOT_YET_CALCULATED,OOF_INTERVAL_AND_NETWORK_PLUS_FULL_MODEL_PROSPECTIVE_POINT
edge_adbc222c7d88547e33b574,pg_20a00349bb6ec6a266,Na23Se8Cl8|Na,em_complete_0029_jid_29,em_complete_0029_jid_29,Na,1.716862583333334,1.341205083333334,1.341205083333334,2.0925200833333339,0.75131499999999996,1.1386340000000008,1.1386340000000008,2.2950911666666673,1.1564571666666665,2.5686607890448245,AVAILABLE_DIAGNOSTIC_NOT_CALIBRATED_INTERVAL,2.9660674985858404,0.97195512820512819,0.028044871794871806,1,0,Na23Cl8O8|Na;Na23Br8O8|Na;Li47P16S64|Li;Li23S8I8|Li;Na23I8O8|Na,LABEL_CALIBRATED_TRANSFER_REQUIRES_EDGE_EXCHANGEABILITY_OOD_WARNING,0,leave_formula_plus_migrating_species_out,OOF_GROUP_PURGED_PERIODIC_NETWORK,2,ExtraTrees,1972499985,302,69,97,5b8192d8c990191389a3d6dcae19bfd2a2136cd9e24eceed64bdb4fa859d51b5,umodel_468e482f3d871493a887,8660ce48a1c8baae6d1ec6eb9dcf77ee4ff9ff35220bead4402896e45877eafc,1025f74909b9594efd388980687dedb81fef72652561eceb2dea72348f5d6838,OOF_GROUP_PURGED_VALIDATION_MODEL,pg_20a00349bb6ec6a266_n0013,pg_20a00349bb6ec6a266_n0015,0,-1,0,"[0.7499999668271247,3.13149957e-08,0.7500000055347852]","[0.7499999668271246,0.5000000313149956,0.750000005534785]","[-1.1102230246251565e-16,-0.5000000000000001,-2.220446049250313e-16]","[-3.27591918206884e-07,-5.435319472163292,4.93504980286233e-07]","[[10.870643612396739,6.55999229e-07,1.786060468e-07],[6.55183834e-07,10.870638944326583,-9.870099654e-07],[1.7374369e-07,-9.913998146e-07,10.870640607742873]]",5.4353194721633242,distance_enumeration_from_raw_structure,0,0,{},,6.0111416102255584,species_reported_hop_q0.950_n95,0,1,stored_edge_orientation,Na23 Se8 Cl8,Na23Se8Cl8,Na,d16e2bfb87d59cd908332ae0753433722ee3dc7ac605960cd66e80c8f8c382ec,45ba80ae55a295361f52a5db4358e012817dc7ff67d5467e17f39a5f1b338b6e,0,NONCRITICAL_ZERO_SCREENED,False,[],False,0,3D,3D,0,0,0,False,False,False,fsig_5d1ae32edba8a07f5fee,0,,1,0.53607916666666711,1.1139746478373309,ExtraTrees,fullmodel_253436d2d0be9f4a0e03,7f2cdf24e8baf50094c9eee85d5aabef357e1695572278cd624b47f0d1d88ba3,FULL_MODEL_PROSPECTIVE_ONLY_SOURCE_MATERIAL_SEEN,0,OOF_GROUP_PURGED_NETWORK_AND_INTERVAL_SOURCE,DIAGNOSTIC_NOT_A_CALIBRATED_INTERVAL,1,,0,0,0,0,0,0,,0,,0,,0,1,1,0,FULL_STRICT_X_ONLY_BALANCED_PCA_FARTHEST_FIRST_GRAPH_ROUND_ROBIN,19,OOD warning,0,PROSPECTIVE_NEB_CANDIDATE_NOT_YET_CALCULATED,OOF_INTERVAL_AND_NETWORK_PLUS_FULL_MODEL_PROSPECTIVE_POINT
edge_c86e78d712625ee0cd8341,pg_20a00349bb6ec6a266,Na23Se8Cl8|Na,em_complete_0029_jid_29,em_complete_0029_jid_29,Na,1.7108525833333343,1.3351950833333344,1.3351950833333344,2.0865100833333345,0.75131500000000018,1.1326240000000012,1.1326240000000012,2.2890811666666675,1.1564571666666663,2.5690581809931921,AVAILABLE_DIAGNOSTIC_NOT_CALIBRATED_INTERVAL,2.9331883084165704,0.97195512820512819,0.028044871794871806,1,0,Na23Cl8O8|Na;Na23Br8O8|Na;Li47P16S64|Li;Li23S8I8|Li;Na23I8O8|Na,LABEL_CALIBRATED_TRANSFER_REQUIRES_EDGE_EXCHANGEABILITY_OOD_WARNING,0,leave_formula_plus_migrating_species_out,OOF_GROUP_PURGED_PERIODIC_NETWORK,2,ExtraTrees,1972499985,302,69,97,5b8192d8c990191389a3d6dcae19bfd2a2136cd9e24eceed64bdb4fa859d51b5,umodel_468e482f3d871493a887,8660ce48a1c8baae6d1ec6eb9dcf77ee4ff9ff35220bead4402896e45877eafc,1025f74909b9594efd388980687dedb81fef72652561eceb2dea72348f5d6838,OOF_GROUP_PURGED_VALIDATION_MODEL,pg_20a00349bb6ec6a266_n0011,pg_20a00349bb6ec6a266_n0023,-1,0,0,"[0.4999999668280345,0.7500000419963119,0.7499999772577247]","[0.9999999668280345,0.750000041996312,0.7499999772577247]","[-0.5,1.1102230246251565e-16,0.0]","[-5.4353218061983695,-3.2799961329311665e-07,-8.93030234000001e-08]","[[10.870643612396739,6.55999229e-07,1.786060468e-07],[6.55183834e-07,10.870638944326583,-9.870099654e-07],[1.7374369e-07,-9.913998146e-07,10.870640607742873]]",5.4353218061983801,distance_enumeration_from_raw_structure,0,0,{},,6.0111416102255584,species_reported_hop_q0.950_n95,0,1,stored_edge_orientation,Na23 Se8 Cl8,Na23Se8Cl8,Na,d16e2bfb87d59cd908332ae0753433722ee3dc7ac605960cd66e80c8f8c382ec,45ba80ae55a295361f52a5db4358e012817dc7ff67d5467e17f39a5f1b338b6e,0,NONCRITICAL_ZERO_SCREENED,False,[],False,0,3D,3D,0,0,0,False,False,False,fsig_7b933a67aeb5b6e360d5,0,,1,0.53129833333333376,1.1154388677083313,ExtraTrees,fullmodel_253436d2d0be9f4a0e03,7f2cdf24e8baf50094c9eee85d5aabef357e1695572278cd624b47f0d1d88ba3,FULL_MODEL_PROSPECTIVE_ONLY_SOURCE_MATERIAL_SEEN,0,OOF_GROUP_PURGED_NETWORK_AND_INTERVAL_SOURCE,DIAGNOSTIC_NOT_A_CALIBRATED_INTERVAL,1,,0,0,0,0,0,0,,0,,0,,0,1,1,0,FULL_STRICT_X_ONLY_BALANCED_PCA_FARTHEST_FIRST_GRAPH_ROUND_ROBIN,19,OOD warning,0,PROSPECTIVE_NEB_CANDIDATE_NOT_YET_CALCULATED,OOF_INTERVAL_AND_NETWORK_PLUS_FULL_MODEL_PROSPECTIVE_POINT
edge_d0e0a29b7146ea85d57e8a,pg_20a00349bb6ec6a266,Na23Se8Cl8|Na,em_complete_0029_jid_29,em_complete_0029_jid_29,Na,1.7108525833333343,1.3351950833333344,1.3351950833333344,2.0865100833333345,0.75131500000000018,1.1326240000000012,1.1326240000000012,2.2890811666666675,1.1564571666666663,2.5690581809931921,AVAILABLE_DIAGNOSTIC_NOT_CALIBRATED_INTERVAL,2.9333667435991488,0.97195512820512819,0.028044871794871806,1,0,Na23Cl8O8|Na;Na23Br8O8|Na;Li47P16S64|Li;Li23S8I8|Li;Na23I8O8|Na,LABEL_CALIBRATED_TRANSFER_REQUIRES_EDGE_EXCHANGEABILITY_OOD_WARNING,0,leave_formula_plus_migrating_species_out,OOF_GROUP_PURGED_PERIODIC_NETWORK,2,ExtraTrees,1972499985,302,69,97,5b8192d8c990191389a3d6dcae19bfd2a2136cd9e24eceed64bdb4fa859d51b5,umodel_468e482f3d871493a887,8660ce48a1c8baae6d1ec6eb9dcf77ee4ff9ff35220bead4402896e45877eafc,1025f74909b9594efd388980687dedb81fef72652561eceb2dea72348f5d6838,OOF_GROUP_PURGED_VALIDATION_MODEL,pg_20a00349bb6ec6a266_n0010,pg_20a00349bb6ec6a266_n0022,0,0,0,"[0.4999999668280345,0.7500000419963119,0.2499999772577247]","[0.9999999668280343,0.7500000419963121,0.2499999772577247]","[0.4999999999999998,2.220446049250313e-16,0.0]","[5.435321806198367,3.2799961691376655e-07,8.930302339999974e-08]","[[10.870643612396739,6.55999229e-07,1.786060468e-07],[6.55183834e-07,10.870638944326583,-9.870099654e-07],[1.7374369e-07,-9.913998146e-07,10.870640607742873]]",5.4353218061983775,distance_enumeration_from_raw_structure,0,0,{},,6.0111416102255584,species_reported_hop_q0.950_n95,0,1,stored_edge_orientation,Na23 Se8 Cl8,Na23Se8Cl8,Na,d16e2bfb87d59cd908332ae0753433722ee3dc7ac605960cd66e80c8f8c382ec,45ba80ae55a295361f52a5db4358e012817dc7ff67d5467e17f39a5f1b338b6e,0,NONCRITICAL_ZERO_SCREENED,False,[],False,0,3D,3D,0,0,0,False,False,False,fsig_73968534ec0d925c8f5e,0,,1,0.53129833333333376,1.1154388677083313,ExtraTrees,fullmodel_253436d2d0be9f4a0e03,7f2cdf24e8baf50094c9eee85d5aabef357e1695572278cd624b47f0d1d88ba3,FULL_MODEL_PROSPECTIVE_ONLY_SOURCE_MATERIAL_SEEN,0,OOF_GROUP_PURGED_NETWORK_AND_INTERVAL_SOURCE,DIAGNOSTIC_NOT_A_CALIBRATED_INTERVAL,1,,0,0,0,0,0,0,,0,,0,,0,1,1,0,FULL_STRICT_X_ONLY_BALANCED_PCA_FARTHEST_FIRST_GRAPH_ROUND_ROBIN,19,OOD warning,0,PROSPECTIVE_NEB_CANDIDATE_NOT_YET_CALCULATED,OOF_INTERVAL_AND_NETWORK_PLUS_FULL_MODEL_PROSPECTIVE_POINT
edge_ddea9fcbd0ba65776befb4,pg_20a00349bb6ec6a266,Na23Se8Cl8|Na,em_complete_0029_jid_29,em_complete_0029_jid_29,Na,1.7108525833333343,1.3351950833333344,1.3351950833333344,2.0865100833333345,0.75131500000000018,1.1326240000000012,1.1326240000000012,2.2890811666666675,1.1564571666666663,2.5690581809931921,AVAILABLE_DIAGNOSTIC_NOT_CALIBRATED_INTERVAL,2.9333355398551642,0.97195512820512819,0.028044871794871806,1,0,Na23Cl8O8|Na;Na23Br8O8|Na;Li47P16S64|Li;Li23S8I8|Li;Na23I8O8|Na,LABEL_CALIBRATED_TRANSFER_REQUIRES_EDGE_EXCHANGEABILITY_OOD_WARNING,0,leave_formula_plus_migrating_species_out,OOF_GROUP_PURGED_PERIODIC_NETWORK,2,ExtraTrees,1972499985,302,69,97,5b8192d8c990191389a3d6dcae19bfd2a2136cd9e24eceed64bdb4fa859d51b5,umodel_468e482f3d871493a887,8660ce48a1c8baae6d1ec6eb9dcf77ee4ff9ff35220bead4402896e45877eafc,1025f74909b9594efd388980687dedb81fef72652561eceb2dea72348f5d6838,OOF_GROUP_PURGED_VALIDATION_MODEL,pg_20a00349bb6ec6a266_n0000,pg_20a00349bb6ec6a266_n0002,0,0,0,"[0.2499999668271248,3.13149957e-08,0.2500000055347851]","[0.2499999668271248,0.5000000313149956,0.2500000055347851]","[0.0,0.4999999999999999,0.0]","[3.2759191699999995e-07,5.4353194721632905,-4.935049826999999e-07]","[[10.870643612396739,6.55999229e-07,1.786060468e-07],[6.55183834e-07,10.870638944326583,-9.870099654e-07],[1.7374369e-07,-9.913998146e-07,10.870640607742873]]",5.4353194721633225,distance_enumeration_from_raw_structure,0,0,{},,6.0111416102255584,species_reported_hop_q0.950_n95,0,1,stored_edge_orientation,Na23 Se8 Cl8,Na23Se8Cl8,Na,d16e2bfb87d59cd908332ae0753433722ee3dc7ac605960cd66e80c8f8c382ec,45ba80ae55a295361f52a5db4358e012817dc7ff67d5467e17f39a5f1b338b6e,0,NONCRITICAL_ZERO_SCREENED,False,[],False,0,3D,3D,0,0,0,False,False,False,fsig_32f20f67c96c2b3176ca,0,,1,0.53129833333333376,1.1154388677083313,ExtraTrees,fullmodel_253436d2d0be9f4a0e03,7f2cdf24e8baf50094c9eee85d5aabef357e1695572278cd624b47f0d1d88ba3,FULL_MODEL_PROSPECTIVE_ONLY_SOURCE_MATERIAL_SEEN,0,OOF_GROUP_PURGED_NETWORK_AND_INTERVAL_SOURCE,DIAGNOSTIC_NOT_A_CALIBRATED_INTERVAL,1,,0,0,0,0,0,0,,0,,0,,0,1,1,0,FULL_STRICT_X_ONLY_BALANCED_PCA_FARTHEST_FIRST_GRAPH_ROUND_ROBIN,19,OOD warning,0,PROSPECTIVE_NEB_CANDIDATE_NOT_YET_CALCULATED,OOF_INTERVAL_AND_NETWORK_PLUS_FULL_MODEL_PROSPECTIVE_POINT
edge_e848e15cec78349268c087,pg_20a00349bb6ec6a266,Na23Se8Cl8|Na,em_complete_0029_jid_29,em_complete_0029_jid_29,Na,1.7108525833333343,1.3351950833333344,1.3351950833333344,2.0865100833333345,0.75131500000000018,1.1326240000000012,1.1326240000000012,2.2890811666666675,1.1564571666666663,2.5690581809931921,AVAILABLE_DIAGNOSTIC_NOT_CALIBRATED_INTERVAL,2.9333399180982744,0.97195512820512819,0.028044871794871806,1,0,Na23Cl8O8|Na;Na23Br8O8|Na;Li47P16S64|Li;Li23S8I8|Li;Na23I8O8|Na,LABEL_CALIBRATED_TRANSFER_REQUIRES_EDGE_EXCHANGEABILITY_OOD_WARNING,0,leave_formula_plus_migrating_species_out,OOF_GROUP_PURGED_PERIODIC_NETWORK,2,ExtraTrees,1972499985,302,69,97,5b8192d8c990191389a3d6dcae19bfd2a2136cd9e24eceed64bdb4fa859d51b5,umodel_468e482f3d871493a887,8660ce48a1c8baae6d1ec6eb9dcf77ee4ff9ff35220bead4402896e45877eafc,1025f74909b9594efd388980687dedb81fef72652561eceb2dea72348f5d6838,OOF_GROUP_PURGED_VALIDATION_MODEL,pg_20a00349bb6ec6a266_n0006,pg_20a00349bb6ec6a266_n0007,0,0,0,"[0.2499999845579138,0.7500000779313235,1.46051778e-08]","[0.2499999845579139,0.7500000779313235,0.5000000146051777]","[8.326672684688674e-17,0.0,0.49999999999999994]","[8.68718459051629e-08,-4.956999072999998e-07,5.4353203038714355]","[[10.870643612396739,6.55999229e-07,1.786060468e-07],[6.55183834e-07,10.870638944326583,-9.870099654e-07],[1.7374369e-07,-9.913998146e-07,10.870640607742873]]",5.4353203038714586,distance_enumeration_from_raw_structure,0,0,{},,6.0111416102255584,species_reported_hop_q0.950_n95,0,1,stored_edge_orientation,Na23 Se8 Cl8,Na23Se8Cl8,Na,d16e2bfb87d59cd908332ae0753433722ee3dc7ac605960cd66e80c8f8c382ec,45ba80ae55a295361f52a5db4358e012817dc7ff67d5467e17f39a5f1b338b6e,0,NONCRITICAL_ZERO_SCREENED,False,[],False,0,3D,3D,0,0,0,False,False,False,fsig_b05811c5dc3cc77215bc,0,,1,0.53129833333333376,1.1154388677083313,ExtraTrees,fullmodel_253436d2d0be9f4a0e03,7f2cdf24e8baf50094c9eee85d5aabef357e1695572278cd624b47f0d1d88ba3,FULL_MODEL_PROSPECTIVE_ONLY_SOURCE_MATERIAL_SEEN,0,OOF_GROUP_PURGED_NETWORK_AND_INTERVAL_SOURCE,DIAGNOSTIC_NOT_A_CALIBRATED_INTERVAL,1,,0,0,0,0,0,0,,0,,0,,0,1,1,0,FULL_STRICT_X_ONLY_BALANCED_PCA_FARTHEST_FIRST_GRAPH_ROUND_ROBIN,19,OOD warning,0,PROSPECTIVE_NEB_CANDIDATE_NOT_YET_CALCULATED,OOF_INTERVAL_AND_NETWORK_PLUS_FULL_MODEL_PROSPECTIVE_POINT
edge_014d724092d56d13c446eb,pg_20a00349bb6ec6a266,Na23Se8Cl8|Na,em_complete_0029_jid_29,em_complete_0029_jid_29,Na,1.7108525833333343,1.3351950833333344,1.3351950833333344,2.0865100833333345,0.75131500000000018,1.1326240000000012,1.1326240000000012,2.2890811666666675,1.1564571666666663,2.5690581809931921,AVAILABLE_DIAGNOSTIC_NOT_CALIBRATED_INTERVAL,2.9333668000666657,0.97195512820512819,0.028044871794871806,1,0,Na23Cl8O8|Na;Na23Br8O8|Na;Li47P16S64|Li;Li23S8I8|Li;Na23I8O8|Na,LABEL_CALIBRATED_TRANSFER_REQUIRES_EDGE_EXCHANGEABILITY_OOD_WARNING,0,leave_formula_plus_migrating_species_out,OOF_GROUP_PURGED_PERIODIC_NETWORK,2,ExtraTrees,1972499985,302,69,97,5b8192d8c990191389a3d6dcae19bfd2a2136cd9e24eceed64bdb4fa859d51b5,umodel_468e482f3d871493a887,8660ce48a1c8baae6d1ec6eb9dcf77ee4ff9ff35220bead4402896e45877eafc,1025f74909b9594efd388980687dedb81fef72652561eceb2dea72348f5d6838,OOF_GROUP_PURGED_VALIDATION_MODEL,pg_20a00349bb6ec6a266_n0010,pg_20a00349bb6ec6a266_n0022,-1,0,0,"[0.4999999668280345,0.7500000419963119,0.2499999772577247]","[0.9999999668280343,0.7500000419963121,0.2499999772577247]","[-0.5000000000000002,2.220446049250313e-16,0.0]","[-5.435321806198372,-3.2799961208623345e-07,-8.930302340000026e-08]","[[10.870643612396739,6.55999229e-07,1.786060468e-07],[6.55183834e-07,10.870638944326583,-9.870099654e-07],[1.7374369e-07,-9.913998146e-07,10.870640607742873]]",5.4353218061983828,distance_enumeration_from_raw_structure,0,0,{},,6.0111416102255584,species_reported_hop_q0.950_n95,0,1,stored_edge_orientation,Na23 Se8 Cl8,Na23Se8Cl8,Na,d16e2bfb87d59cd908332ae0753433722ee3dc7ac605960cd66e80c8f8c382ec,45ba80ae55a295361f52a5db4358e012817dc7ff67d5467e17f39a5f1b338b6e,0,NONCRITICAL_ZERO_SCREENED,False,[],False,0,3D,3D,0,0,0,False,False,False,fsig_a19532995490df52d359,0,,1,0.53129833333333376,1.1154388677083313,ExtraTrees,fullmodel_253436d2d0be9f4a0e03,7f2cdf24e8baf50094c9eee85d5aabef357e1695572278cd624b47f0d1d88ba3,FULL_MODEL_PROSPECTIVE_ONLY_SOURCE_MATERIAL_SEEN,0,OOF_GROUP_PURGED_NETWORK_AND_INTERVAL_SOURCE,DIAGNOSTIC_NOT_A_CALIBRATED_INTERVAL,1,,0,0,0,0,0,0,,0,,0,,0,1,1,1,FULL_STRICT_X_ONLY_BALANCED_PCA_FARTHEST_FIRST_GRAPH_ROUND_ROBIN,19,OOD warning;diversity-selected candidate,0,PROSPECTIVE_NEB_CANDIDATE_NOT_YET_CALCULATED,OOF_INTERVAL_AND_NETWORK_PLUS_FULL_MODEL_PROSPECTIVE_POINT
edge_005437a256ad2954f466af,pg_20a00349bb6ec6a266,Na23Se8Cl8|Na,em_complete_0029_jid_29,em_complete_0029_jid_29,Na,1.6201605000000014,1.2445030000000015,1.2445030000000015,1.9958180000000014,0.75131499999999996,1.0419319166666683,1.0419319166666683,2.1983890833333346,1.1564571666666663,2.5915963148625587,AVAILABLE_DIAGNOSTIC_NOT_CALIBRATED_INTERVAL,2.8559176716779864,0.96955128205128194,0.030448717948718063,1,0,Na23Cl8O8|Na;Li23Se8Cl8|Li;Na23Br8O8|Na;Li47P16S64|Li;Na23I8O8|Na,LABEL_CALIBRATED_TRANSFER_REQUIRES_EDGE_EXCHANGEABILITY_OOD_WARNING,0,leave_formula_plus_migrating_species_out,OOF_GROUP_PURGED_PERIODIC_NETWORK,2,ExtraTrees,1972499985,302,69,97,5b8192d8c990191389a3d6dcae19bfd2a2136cd9e24eceed64bdb4fa859d51b5,umodel_468e482f3d871493a887,8660ce48a1c8baae6d1ec6eb9dcf77ee4ff9ff35220bead4402896e45877eafc,1025f74909b9594efd388980687dedb81fef72652561eceb2dea72348f5d6838,OOF_GROUP_PURGED_VALIDATION_MODEL,pg_20a00349bb6ec6a266_n0004,pg_20a00349bb6ec6a266_n0020,-1,0,0,"[0.2499999845579139,0.2500000779313236,1.46051778e-08]","[0.9999999668280346,0.2500000419963124,0.2499999772577247]","[-0.2500000177298793,-3.5935011188925614e-08,0.2499999626525469]","[-2.717661052398491,-8.024862675996754e-07,2.7176597012934987]","[[10.870643612396739,6.55999229e-07,1.786060468e-07],[6.55183834e-07,10.870638944326583,-9.870099654e-07],[1.7374369e-07,-9.913998146e-07,10.870640607742873]]",3.8433521628597851,distance_enumeration_from_raw_structure,0,0,{},,6.0111416102255584,species_reported_hop_q0.950_n95,0,1,stored_edge_orientation,Na23 Se8 Cl8,Na23Se8Cl8,Na,d16e2bfb87d59cd908332ae0753433722ee3dc7ac605960cd66e80c8f8c382ec,45ba80ae55a295361f52a5db4358e012817dc7ff67d5467e17f39a5f1b338b6e,0,NONCRITICAL_ZERO_SCREENED,False,[],False,0,3D,3D,0,0,0,False,False,False,fsig_128179eb03c5ebae3706,0,,1,0.51196358333333369,1.1237879617640381,ExtraTrees,fullmodel_253436d2d0be9f4a0e03,7f2cdf24e8baf50094c9eee85d5aabef357e1695572278cd624b47f0d1d88ba3,FULL_MODEL_PROSPECTIVE_ONLY_SOURCE_MATERIAL_SEEN,0,OOF_GROUP_PURGED_NETWORK_AND_INTERVAL_SOURCE,DIAGNOSTIC_NOT_A_CALIBRATED_INTERVAL,1,,0,0,0,0,0,0,,0,,0,,0,3,0,1,FULL_STRICT_X_ONLY_BALANCED_PCA_FARTHEST_FIRST_GRAPH_ROUND_ROBIN,19,diversity-selected candidate,0,PROSPECTIVE_NEB_CANDIDATE_NOT_YET_CALCULATED,OOF_INTERVAL_AND_NETWORK_PLUS_FULL_MODEL_PROSPECTIVE_POINT
edge_c56f72bce8155960364ce5,pg_20a00349bb6ec6a266,Na23Se8Cl8|Na,em_complete_0029_jid_29,em_complete_0029_jid_29,Na,1.4323371666666673,1.0566796666666673,1.0566796666666673,1.8079946666666673,0.75131499999999996,0.85410858333333417,0.85410858333333417,2.0105657500000005,1.1564571666666663,2.4768846172290413,AVAILABLE_DIAGNOSTIC_NOT_CALIBRATED_INTERVAL,2.9773516099303388,0.97195512820512819,0.028044871794871806,1,0,Na23Cl8O8|Na;Li23Se8Cl8|Li;Li23S8I8|Li;Li47P16S64|Li;Na23I8O8|Na,LABEL_CALIBRATED_TRANSFER_REQUIRES_EDGE_EXCHANGEABILITY_OOD_WARNING,0,leave_formula_plus_migrating_species_out,OOF_GROUP_PURGED_PERIODIC_NETWORK,2,ExtraTrees,1972499985,302,69,97,5b8192d8c990191389a3d6dcae19bfd2a2136cd9e24eceed64bdb4fa859d51b5,umodel_468e482f3d871493a887,8660ce48a1c8baae6d1ec6eb9dcf77ee4ff9ff35220bead4402896e45877eafc,1025f74909b9594efd388980687dedb81fef72652561eceb2dea72348f5d6838,OOF_GROUP_PURGED_VALIDATION_MODEL,pg_20a00349bb6ec6a266_n0008,pg_20a00349bb6ec6a266_n0010,0,-1,0,"[0.4999999668280344,0.2500000419963122,0.2499999772577247]","[0.4999999668280345,0.7500000419963119,0.2499999772577247]","[1.1102230246251565e-16,-0.5000000000000003,0.0]","[-3.2759191579311633e-07,-5.435319472163295,4.935049827000003e-07]","[[10.870643612396739,6.55999229e-07,1.786060468e-07],[6.55183834e-07,10.870638944326583,-9.870099654e-07],[1.7374369e-07,-9.913998146e-07,10.870640607742873]]",5.4353194721633269,distance_enumeration_from_raw_structure,0,0,{},,6.0111416102255584,species_reported_hop_q0.950_n95,0,1,stored_edge_orientation,Na23 Se8 Cl8,Na23Se8Cl8,Na,d16e2bfb87d59cd908332ae0753433722ee3dc7ac605960cd66e80c8f8c382ec,45ba80ae55a295361f52a5db4358e012817dc7ff67d5467e17f39a5f1b338b6e,0,NONCRITICAL_ZERO_SCREENED,False,[],False,0,3D,3D,0,0,0,False,False,False,fsig_bf88a8591e428e1c639e,0,,1,0.4358916666666669,1.0705691934278072,ExtraTrees,fullmodel_253436d2d0be9f4a0e03,7f2cdf24e8baf50094c9eee85d5aabef357e1695572278cd624b47f0d1d88ba3,FULL_MODEL_PROSPECTIVE_ONLY_SOURCE_MATERIAL_SEEN,0,OOF_GROUP_PURGED_NETWORK_AND_INTERVAL_SOURCE,DIAGNOSTIC_NOT_A_CALIBRATED_INTERVAL,1,,0,0,0,0,0,0,,0,,0,,0,2,0,1,FULL_STRICT_X_ONLY_BALANCED_PCA_FARTHEST_FIRST_GRAPH_ROUND_ROBIN,19,diversity-selected candidate,0,PROSPECTIVE_NEB_CANDIDATE_NOT_YET_CALCULATED,OOF_INTERVAL_AND_NETWORK_PLUS_FULL_MODEL_PROSPECTIVE_POINT
edge_34fdf6b7dfcd703ceb220a,pg_20a00349bb6ec6a266,Na23Se8Cl8|Na,em_complete_0029_jid_29,em_complete_0029_jid_29,Na,0.25095233333333339,-0.12470516666666659,0,0.62660983333333342,0.75131499999999996,-0.32727624999999977,0,0.8291809166666666,1.1564571666666663,0.15365829707901296,AVAILABLE_DIAGNOSTIC_NOT_CALIBRATED_INTERVAL,2.3682943471924496,0.90665064102564097,0.093349358974359031,0,0,Na23Cl8O8|Na;Na47P16Se64|Na;Li47P16S64|Li;Li23S8I8|Li;Na23I8O8|Na,LABEL_CALIBRATED_TRANSFER_REQUIRES_EDGE_EXCHANGEABILITY_OOD_WARNING,0,leave_formula_plus_migrating_species_out,OOF_GROUP_PURGED_PERIODIC_NETWORK,2,ExtraTrees,1972499985,302,69,97,5b8192d8c990191389a3d6dcae19bfd2a2136cd9e24eceed64bdb4fa859d51b5,umodel_468e482f3d871493a887,8660ce48a1c8baae6d1ec6eb9dcf77ee4ff9ff35220bead4402896e45877eafc,1025f74909b9594efd388980687dedb81fef72652561eceb2dea72348f5d6838,OOF_GROUP_PURGED_VALIDATION_MODEL,pg_20a00349bb6ec6a266_n0004,pg_20a00349bb6ec6a266_n0021,-1,0,-1,"[0.2499999845579139,0.2500000779313236,1.46051778e-08]","[0.9999999668280345,0.2500000419963124,0.7499999772577247]","[-0.2500000177298794,-3.5935011188925614e-08,-0.2500000373474531]","[-2.7176611392703376,-3.0678636029967543e-07,-2.7176606025779377]","[[10.870643612396739,6.55999229e-07,1.786060468e-07],[6.55183834e-07,10.870638944326583,-9.870099654e-07],[1.7374369e-07,-9.913998146e-07,10.870640607742873]]",3.8433528615916241,distance_enumeration_from_raw_structure,0,0,{},,6.0111416102255584,species_reported_hop_q0.950_n95,0,1,stored_edge_orientation,Na23 Se8 Cl8,Na23Se8Cl8,Na,d16e2bfb87d59cd908332ae0753433722ee3dc7ac605960cd66e80c8f8c382ec,45ba80ae55a295361f52a5db4358e012817dc7ff67d5467e17f39a5f1b338b6e,0,NONCRITICAL_ZERO_SCREENED,False,[],False,0,3D,3D,0,0,0,False,False,False,fsig_f07dd82bceaaee732366,0,,1,0.15889625000000002,0.098141246177207694,ExtraTrees,fullmodel_253436d2d0be9f4a0e03,7f2cdf24e8baf50094c9eee85d5aabef357e1695572278cd624b47f0d1d88ba3,FULL_MODEL_PROSPECTIVE_ONLY_SOURCE_MATERIAL_SEEN,0,OOF_GROUP_PURGED_NETWORK_AND_INTERVAL_SOURCE,DIAGNOSTIC_NOT_A_CALIBRATED_INTERVAL,1,,0,0,0,0,0,0,1,1,,0,,0,,0,0,FULL_STRICT_X_ONLY_BALANCED_PCA_FARTHEST_FIRST_GRAPH_ROUND_ROBIN,19,likely low barrier,0,PROSPECTIVE_NEB_CANDIDATE_NOT_YET_CALCULATED,OOF_INTERVAL_AND_NETWORK_PLUS_FULL_MODEL_PROSPECTIVE_POINT
edge_364d64701a2ad96fc8f080,pg_20a00349bb6ec6a266,Na23Se8Cl8|Na,em_complete_0029_jid_29,em_complete_0029_jid_29,Na,0.25095233333333339,-0.12470516666666659,0,0.62660983333333342,0.75131499999999996,-0.32727624999999977,0,0.8291809166666666,1.1564571666666663,0.15365829707901296,AVAILABLE_DIAGNOSTIC_NOT_CALIBRATED_INTERVAL,2.3682946407627905,0.90665064102564097,0.093349358974359031,0,0,Na23Cl8O8|Na;Na47P16Se64|Na;Li47P16S64|Li;Li23S8I8|Li;Na23I8O8|Na,LABEL_CALIBRATED_TRANSFER_REQUIRES_EDGE_EXCHANGEABILITY_OOD_WARNING,0,leave_formula_plus_migrating_species_out,OOF_GROUP_PURGED_PERIODIC_NETWORK,2,ExtraTrees,1972499985,302,69,97,5b8192d8c990191389a3d6dcae19bfd2a2136cd9e24eceed64bdb4fa859d51b5,umodel_468e482f3d871493a887,8660ce48a1c8baae6d1ec6eb9dcf77ee4ff9ff35220bead4402896e45877eafc,1025f74909b9594efd388980687dedb81fef72652561eceb2dea72348f5d6838,OOF_GROUP_PURGED_VALIDATION_MODEL,pg_20a00349bb6ec6a266_n0017,pg_20a00349bb6ec6a266_n0021,0,0,0,"[0.7499999845579136,0.2500000779313237,0.5000000146051778]","[0.9999999668280345,0.2500000419963124,0.7499999772577247]","[0.24999998227012088,-3.5935011299947917e-08,0.24999996265254687]","[2.7176607537998803,-4.7448665430655853e-07,2.7176597905965214]","[[10.870643612396739,6.55999229e-07,1.786060468e-07],[6.55183834e-07,10.870638944326583,-9.870099654e-07],[1.7374369e-07,-9.913998146e-07,10.870640607742873]]",3.8433520148653417,distance_enumeration_from_raw_structure,0,0,{},,6.0111416102255584,species_reported_hop_q0.950_n95,0,1,stored_edge_orientation,Na23 Se8 Cl8,Na23Se8Cl8,Na,d16e2bfb87d59cd908332ae0753433722ee3dc7ac605960cd66e80c8f8c382ec,45ba80ae55a295361f52a5db4358e012817dc7ff67d5467e17f39a5f1b338b6e,0,NONCRITICAL_ZERO_SCREENED,False,[],False,0,3D,3D,0,0,0,False,False,False,fsig_74f9e275f39c8ebd643a,0,,1,0.15889625000000002,0.098141246177207694,ExtraTrees,fullmodel_253436d2d0be9f4a0e03,7f2cdf24e8baf50094c9eee85d5aabef357e1695572278cd624b47f0d1d88ba3,FULL_MODEL_PROSPECTIVE_ONLY_SOURCE_MATERIAL_SEEN,0,OOF_GROUP_PURGED_NETWORK_AND_INTERVAL_SOURCE,DIAGNOSTIC_NOT_A_CALIBRATED_INTERVAL,1,,0,0,0,0,0,0,1,1,,0,,0,,0,0,FULL_STRICT_X_ONLY_BALANCED_PCA_FARTHEST_FIRST_GRAPH_ROUND_ROBIN,19,likely low barrier,0,PROSPECTIVE_NEB_CANDIDATE_NOT_YET_CALCULATED,OOF_INTERVAL_AND_NETWORK_PLUS_FULL_MODEL_PROSPECTIVE_POINT
edge_862a363c2cf9911d6fcba3,pg_20a00349bb6ec6a266,Na23Se8Cl8|Na,em_complete_0029_jid_29,em_complete_0029_jid_29,Na,0.25095233333333339,-0.12470516666666659,0,0.62660983333333342,0.75131499999999996,-0.32727624999999977,0,0.8291809166666666,1.1564571666666663,0.15365829707901296,AVAILABLE_DIAGNOSTIC_NOT_CALIBRATED_INTERVAL,2.3682904725803748,0.90665064102564097,0.093349358974359031,0,0,Na23Cl8O8|Na;Na47P16Se64|Na;Li47P16S64|Li;Li23S8I8|Li;Na23I8O8|Na,LABEL_CALIBRATED_TRANSFER_REQUIRES_EDGE_EXCHANGEABILITY_OOD_WARNING,0,leave_formula_plus_migrating_species_out,OOF_GROUP_PURGED_PERIODIC_NETWORK,2,ExtraTrees,1972499985,302,69,97,5b8192d8c990191389a3d6dcae19bfd2a2136cd9e24eceed64bdb4fa859d51b5,umodel_468e482f3d871493a887,8660ce48a1c8baae6d1ec6eb9dcf77ee4ff9ff35220bead4402896e45877eafc,1025f74909b9594efd388980687dedb81fef72652561eceb2dea72348f5d6838,OOF_GROUP_PURGED_VALIDATION_MODEL,pg_20a00349bb6ec6a266_n0003,pg_20a00349bb6ec6a266_n0021,-1,0,0,"[0.2499999668271248,0.5000000313149956,0.7500000055347851]","[0.9999999668280345,0.2500000419963124,0.7499999772577247]","[-0.2499999999990903,-0.24999998931868317,-2.8277060359904738e-08]","[-2.717661066885252,-2.7176597839686862,-1.0528879150838041e-07]","[[10.870643612396739,6.55999229e-07,1.786060468e-07],[6.55183834e-07,10.870638944326583,-9.870099654e-07],[1.7374369e-07,-9.913998146e-07,10.870640607742873]]",3.8433522315635642,distance_enumeration_from_raw_structure,0,0,{},,6.0111416102255584,species_reported_hop_q0.950_n95,0,1,stored_edge_orientation,Na23 Se8 Cl8,Na23Se8Cl8,Na,d16e2bfb87d59cd908332ae0753433722ee3dc7ac605960cd66e80c8f8c382ec,45ba80ae55a295361f52a5db4358e012817dc7ff67d5467e17f39a5f1b338b6e,0,NONCRITICAL_ZERO_SCREENED,False,[],False,0,3D,3D,0,0,0,False,False,False,fsig_4c82eabf286a82e86509,0,,1,0.15889625000000002,0.098141246177207694,ExtraTrees,fullmodel_253436d2d0be9f4a0e03,7f2cdf24e8baf50094c9eee85d5aabef357e1695572278cd624b47f0d1d88ba3,FULL_MODEL_PROSPECTIVE_ONLY_SOURCE_MATERIAL_SEEN,0,OOF_GROUP_PURGED_NETWORK_AND_INTERVAL_SOURCE,DIAGNOSTIC_NOT_A_CALIBRATED_INTERVAL,1,,0,0,0,0,0,0,1,1,,0,,0,,0,0,FULL_STRICT_X_ONLY_BALANCED_PCA_FARTHEST_FIRST_GRAPH_ROUND_ROBIN,19,likely low barrier,0,PROSPECTIVE_NEB_CANDIDATE_NOT_YET_CALCULATED,OOF_INTERVAL_AND_NETWORK_PLUS_FULL_MODEL_PROSPECTIVE_POINT
edge_9943113347a27fbf11e10c,pg_20a00349bb6ec6a266,Na23Se8Cl8|Na,em_complete_0029_jid_29,em_complete_0029_jid_29,Na,0.25095233333333339,-0.12470516666666659,0,0.62660983333333342,0.75131499999999996,-0.32727624999999977,0,0.8291809166666666,1.1564571666666663,0.15365829707901296,AVAILABLE_DIAGNOSTIC_NOT_CALIBRATED_INTERVAL,2.3682909137906698,0.90665064102564097,0.093349358974359031,0,0,Na23Cl8O8|Na;Na47P16Se64|Na;Li47P16S64|Li;Li23S8I8|Li;Na23I8O8|Na,LABEL_CALIBRATED_TRANSFER_REQUIRES_EDGE_EXCHANGEABILITY_OOD_WARNING,0,leave_formula_plus_migrating_species_out,OOF_GROUP_PURGED_PERIODIC_NETWORK,2,ExtraTrees,1972499985,302,69,97,5b8192d8c990191389a3d6dcae19bfd2a2136cd9e24eceed64bdb4fa859d51b5,umodel_468e482f3d871493a887,8660ce48a1c8baae6d1ec6eb9dcf77ee4ff9ff35220bead4402896e45877eafc,1025f74909b9594efd388980687dedb81fef72652561eceb2dea72348f5d6838,OOF_GROUP_PURGED_VALIDATION_MODEL,pg_20a00349bb6ec6a266_n0013,pg_20a00349bb6ec6a266_n0021,0,0,0,"[0.7499999668271247,3.13149957e-08,0.7500000055347852]","[0.9999999668280345,0.2500000419963124,0.7499999772577247]","[0.25000000000090983,0.2500000106813167,-2.827706047092704e-08]","[2.717661066905036,2.7176600161942184,-5.094907520152638e-07]","[[10.870643612396739,6.55999229e-07,1.786060468e-07],[6.55183834e-07,10.870638944326583,-9.870099654e-07],[1.7374369e-07,-9.913998146e-07,10.870640607742873]]",3.8433523957857982,distance_enumeration_from_raw_structure,0,0,{},,6.0111416102255584,species_reported_hop_q0.950_n95,0,1,stored_edge_orientation,Na23 Se8 Cl8,Na23Se8Cl8,Na,d16e2bfb87d59cd908332ae0753433722ee3dc7ac605960cd66e80c8f8c382ec,45ba80ae55a295361f52a5db4358e012817dc7ff67d5467e17f39a5f1b338b6e,0,NONCRITICAL_ZERO_SCREENED,False,[],False,0,3D,3D,0,0,0,False,False,False,fsig_81924552d817961ee5a4,0,,1,0.15889625000000002,0.098141246177207694,ExtraTrees,fullmodel_253436d2d0be9f4a0e03,7f2cdf24e8baf50094c9eee85d5aabef357e1695572278cd624b47f0d1d88ba3,FULL_MODEL_PROSPECTIVE_ONLY_SOURCE_MATERIAL_SEEN,0,OOF_GROUP_PURGED_NETWORK_AND_INTERVAL_SOURCE,DIAGNOSTIC_NOT_A_CALIBRATED_INTERVAL,1,,0,0,0,0,0,0,1,1,,0,,0,,0,0,FULL_STRICT_X_ONLY_BALANCED_PCA_FARTHEST_FIRST_GRAPH_ROUND_ROBIN,19,likely low barrier,0,PROSPECTIVE_NEB_CANDIDATE_NOT_YET_CALCULATED,OOF_INTERVAL_AND_NETWORK_PLUS_FULL_MODEL_PROSPECTIVE_POINT
edge_9c3b0e91e740daae4eb8fa,pg_20a00349bb6ec6a266,Na23Se8Cl8|Na,em_complete_0029_jid_29,em_complete_0029_jid_29,Na,0.25095233333333339,-0.12470516666666659,0,0.62660983333333342,0.75131499999999996,-0.32727624999999977,0,0.8291809166666666,1.1564571666666663,0.15365829707901296,AVAILABLE_DIAGNOSTIC_NOT_CALIBRATED_INTERVAL,2.3682946069776705,0.90665064102564097,0.093349358974359031,0,0,Na23Cl8O8|Na;Na47P16Se64|Na;Li47P16S64|Li;Li23S8I8|Li;Na23I8O8|Na,LABEL_CALIBRATED_TRANSFER_REQUIRES_EDGE_EXCHANGEABILITY_OOD_WARNING,0,leave_formula_plus_migrating_species_out,OOF_GROUP_PURGED_PERIODIC_NETWORK,2,ExtraTrees,1972499985,302,69,97,5b8192d8c990191389a3d6dcae19bfd2a2136cd9e24eceed64bdb4fa859d51b5,umodel_468e482f3d871493a887,8660ce48a1c8baae6d1ec6eb9dcf77ee4ff9ff35220bead4402896e45877eafc,1025f74909b9594efd388980687dedb81fef72652561eceb2dea72348f5d6838,OOF_GROUP_PURGED_VALIDATION_MODEL,pg_20a00349bb6ec6a266_n0016,pg_20a00349bb6ec6a266_n0021,0,0,-1,"[0.7499999845579136,0.2500000779313237,1.46051778e-08]","[0.9999999668280345,0.2500000419963124,0.7499999772577247]","[0.24999998227012088,-3.5935011299947917e-08,-0.2500000373474531]","[2.717660666928035,2.1213252993441355e-08,-2.7176605132749145]","[[10.870643612396739,6.55999229e-07,1.786060468e-07],[6.55183834e-07,10.870638944326583,-9.870099654e-07],[1.7374369e-07,-9.913998146e-07,10.870640607742873]]",3.8433524644483761,distance_enumeration_from_raw_structure,0,0,{},,6.0111416102255584,species_reported_hop_q0.950_n95,0,1,stored_edge_orientation,Na23 Se8 Cl8,Na23Se8Cl8,Na,d16e2bfb87d59cd908332ae0753433722ee3dc7ac605960cd66e80c8f8c382ec,45ba80ae55a295361f52a5db4358e012817dc7ff67d5467e17f39a5f1b338b6e,0,NONCRITICAL_ZERO_SCREENED,False,[],False,0,3D,3D,0,0,0,False,False,False,fsig_f3bbbf17eba7f00a3015,0,,1,0.15889625000000002,0.098141246177207694,ExtraTrees,fullmodel_253436d2d0be9f4a0e03,7f2cdf24e8baf50094c9eee85d5aabef357e1695572278cd624b47f0d1d88ba3,FULL_MODEL_PROSPECTIVE_ONLY_SOURCE_MATERIAL_SEEN,0,OOF_GROUP_PURGED_NETWORK_AND_INTERVAL_SOURCE,DIAGNOSTIC_NOT_A_CALIBRATED_INTERVAL,1,,0,0,0,0,0,0,1,1,,0,,0,,0,0,FULL_STRICT_X_ONLY_BALANCED_PCA_FARTHEST_FIRST_GRAPH_ROUND_ROBIN,19,likely low barrier,0,PROSPECTIVE_NEB_CANDIDATE_NOT_YET_CALCULATED,OOF_INTERVAL_AND_NETWORK_PLUS_FULL_MODEL_PROSPECTIVE_POINT
edge_a82e34302d154641e0463e,pg_20a00349bb6ec6a266,Na23Se8Cl8|Na,em_complete_0029_jid_29,em_complete_0029_jid_29,Na,0.25095233333333339,-0.12470516666666659,0,0.62660983333333342,0.75131499999999996,-0.32727624999999977,0,0.8291809166666666,1.1564571666666663,0.15365829707901296,AVAILABLE_DIAGNOSTIC_NOT_CALIBRATED_INTERVAL,2.3682944052562931,0.90665064102564097,0.093349358974359031,0,0,Na23Cl8O8|Na;Na47P16Se64|Na;Li47P16S64|Li;Li23S8I8|Li;Na23I8O8|Na,LABEL_CALIBRATED_TRANSFER_REQUIRES_EDGE_EXCHANGEABILITY_OOD_WARNING,0,leave_formula_plus_migrating_species_out,OOF_GROUP_PURGED_PERIODIC_NETWORK,2,ExtraTrees,1972499985,302,69,97,5b8192d8c990191389a3d6dcae19bfd2a2136cd9e24eceed64bdb4fa859d51b5,umodel_468e482f3d871493a887,8660ce48a1c8baae6d1ec6eb9dcf77ee4ff9ff35220bead4402896e45877eafc,1025f74909b9594efd388980687dedb81fef72652561eceb2dea72348f5d6838,OOF_GROUP_PURGED_VALIDATION_MODEL,pg_20a00349bb6ec6a266_n0005,pg_20a00349bb6ec6a266_n0021,-1,0,0,"[0.2499999845579138,0.2500000779313236,0.5000000146051777]","[0.9999999668280345,0.2500000419963124,0.7499999772577247]","[-0.25000001772987934,-3.5935011188925614e-08,0.24999996265254698]","[-2.717661052398492,-8.024862675996754e-07,2.7176597012934995]","[[10.870643612396739,6.55999229e-07,1.786060468e-07],[6.55183834e-07,10.870638944326583,-9.870099654e-07],[1.7374369e-07,-9.913998146e-07,10.870640607742873]]",3.843352162859786,distance_enumeration_from_raw_structure,0,0,{},,6.0111416102255584,species_reported_hop_q0.950_n95,0,1,stored_edge_orientation,Na23 Se8 Cl8,Na23Se8Cl8,Na,d16e2bfb87d59cd908332ae0753433722ee3dc7ac605960cd66e80c8f8c382ec,45ba80ae55a295361f52a5db4358e012817dc7ff67d5467e17f39a5f1b338b6e,0,NONCRITICAL_ZERO_SCREENED,False,[],False,0,3D,3D,0,0,0,False,False,False,fsig_85ca62b65717304364c5,0,,1,0.15889625000000002,0.098141246177207694,ExtraTrees,fullmodel_253436d2d0be9f4a0e03,7f2cdf24e8baf50094c9eee85d5aabef357e1695572278cd624b47f0d1d88ba3,FULL_MODEL_PROSPECTIVE_ONLY_SOURCE_MATERIAL_SEEN,0,OOF_GROUP_PURGED_NETWORK_AND_INTERVAL_SOURCE,DIAGNOSTIC_NOT_A_CALIBRATED_INTERVAL,1,,0,0,0,0,0,0,1,1,,0,,0,,0,0,FULL_STRICT_X_ONLY_BALANCED_PCA_FARTHEST_FIRST_GRAPH_ROUND_ROBIN,19,likely low barrier,0,PROSPECTIVE_NEB_CANDIDATE_NOT_YET_CALCULATED,OOF_INTERVAL_AND_NETWORK_PLUS_FULL_MODEL_PROSPECTIVE_POINT
edge_c492f02bbc3718d9ad940d,pg_20a00349bb6ec6a266,Na23Se8Cl8|Na,em_complete_0029_jid_29,em_complete_0029_jid_29,Na,0.25095233333333339,-0.12470516666666659,0,0.62660983333333342,0.75131499999999996,-0.32727624999999977,0,0.8291809166666666,1.1564571666666663,0.15365829707901296,AVAILABLE_DIAGNOSTIC_NOT_CALIBRATED_INTERVAL,2.3682907682857439,0.90665064102564097,0.093349358974359031,0,0,Na23Cl8O8|Na;Na47P16Se64|Na;Li47P16S64|Li;Li23S8I8|Li;Na23I8O8|Na,LABEL_CALIBRATED_TRANSFER_REQUIRES_EDGE_EXCHANGEABILITY_OOD_WARNING,0,leave_formula_plus_migrating_species_out,OOF_GROUP_PURGED_PERIODIC_NETWORK,2,ExtraTrees,1972499985,302,69,97,5b8192d8c990191389a3d6dcae19bfd2a2136cd9e24eceed64bdb4fa859d51b5,umodel_468e482f3d871493a887,8660ce48a1c8baae6d1ec6eb9dcf77ee4ff9ff35220bead4402896e45877eafc,1025f74909b9594efd388980687dedb81fef72652561eceb2dea72348f5d6838,OOF_GROUP_PURGED_VALIDATION_MODEL,pg_20a00349bb6ec6a266_n0015,pg_20a00349bb6ec6a266_n0021,0,0,0,"[0.7499999668271246,0.5000000313149956,0.750000005534785]","[0.9999999668280345,0.2500000419963124,0.7499999772577247]","[0.25000000000090994,-0.24999998931868317,-2.8277060248882435e-08]","[2.71766073931312,-2.717659455969072,-1.5985766901496815e-08]","[[10.870643612396739,6.55999229e-07,1.786060468e-07],[6.55183834e-07,10.870638944326583,-9.870099654e-07],[1.7374369e-07,-9.913998146e-07,10.870640607742873]]",3.843351768004335,distance_enumeration_from_raw_structure,0,0,{},,6.0111416102255584,species_reported_hop_q0.950_n95,0,1,stored_edge_orientation,Na23 Se8 Cl8,Na23Se8Cl8,Na,d16e2bfb87d59cd908332ae0753433722ee3dc7ac605960cd66e80c8f8c382ec,45ba80ae55a295361f52a5db4358e012817dc7ff67d5467e17f39a5f1b338b6e,0,NONCRITICAL_ZERO_SCREENED,False,[],False,0,3D,3D,0,0,0,False,False,False,fsig_12070f19c2c629e5fcd6,0,,1,0.15889625000000002,0.098141246177207694,ExtraTrees,fullmodel_253436d2d0be9f4a0e03,7f2cdf24e8baf50094c9eee85d5aabef357e1695572278cd624b47f0d1d88ba3,FULL_MODEL_PROSPECTIVE_ONLY_SOURCE_MATERIAL_SEEN,0,OOF_GROUP_PURGED_NETWORK_AND_INTERVAL_SOURCE,DIAGNOSTIC_NOT_A_CALIBRATED_INTERVAL,1,,0,0,0,0,0,0,1,1,,0,,0,,0,0,FULL_STRICT_X_ONLY_BALANCED_PCA_FARTHEST_FIRST_GRAPH_ROUND_ROBIN,19,likely low barrier,0,PROSPECTIVE_NEB_CANDIDATE_NOT_YET_CALCULATED,OOF_INTERVAL_AND_NETWORK_PLUS_FULL_MODEL_PROSPECTIVE_POINT
edge_aab008e51aca18561da136,pg_20a00349bb6ec6a266,Na23Se8Cl8|Na,em_complete_0029_jid_29,em_complete_0029_jid_29,Na,0.25095233333333339,-0.12470516666666659,0,0.62660983333333342,0.75131499999999996,-0.32727624999999977,0,0.8291809166666666,1.1564571666666663,0.15365829707901296,AVAILABLE_DIAGNOSTIC_NOT_CALIBRATED_INTERVAL,2.3682908438595929,0.90665064102564097,0.093349358974359031,0,0,Na23Cl8O8|Na;Na47P16Se64|Na;Li47P16S64|Li;Li23S8I8|Li;Na23I8O8|Na,LABEL_CALIBRATED_TRANSFER_REQUIRES_EDGE_EXCHANGEABILITY_OOD_WARNING,0,leave_formula_plus_migrating_species_out,OOF_GROUP_PURGED_PERIODIC_NETWORK,2,ExtraTrees,1972499985,302,69,97,5b8192d8c990191389a3d6dcae19bfd2a2136cd9e24eceed64bdb4fa859d51b5,umodel_468e482f3d871493a887,8660ce48a1c8baae6d1ec6eb9dcf77ee4ff9ff35220bead4402896e45877eafc,1025f74909b9594efd388980687dedb81fef72652561eceb2dea72348f5d6838,OOF_GROUP_PURGED_VALIDATION_MODEL,pg_20a00349bb6ec6a266_n0001,pg_20a00349bb6ec6a266_n0021,-1,0,0,"[0.2499999668271248,3.13149957e-08,0.750000005534785]","[0.9999999668280345,0.2500000419963124,0.7499999772577247]","[-0.2499999999990903,0.2500000106813167,-2.8277060248882435e-08]","[-2.717660739293335,2.7176596881946042,-5.987937730014968e-07]","[[10.870643612396739,6.55999229e-07,1.786060468e-07],[6.55183834e-07,10.870638944326583,-9.870099654e-07],[1.7374369e-07,-9.913998146e-07,10.870640607742873]]",3.8433519321986047,distance_enumeration_from_raw_structure,0,0,{},,6.0111416102255584,species_reported_hop_q0.950_n95,0,1,stored_edge_orientation,Na23 Se8 Cl8,Na23Se8Cl8,Na,d16e2bfb87d59cd908332ae0753433722ee3dc7ac605960cd66e80c8f8c382ec,45ba80ae55a295361f52a5db4358e012817dc7ff67d5467e17f39a5f1b338b6e,0,NONCRITICAL_ZERO_SCREENED,False,[],False,0,3D,3D,0,0,0,False,False,False,fsig_0805800e076f76ebf9bd,0,,1,0.15889625000000002,0.098141246177207694,ExtraTrees,fullmodel_253436d2d0be9f4a0e03,7f2cdf24e8baf50094c9eee85d5aabef357e1695572278cd624b47f0d1d88ba3,FULL_MODEL_PROSPECTIVE_ONLY_SOURCE_MATERIAL_SEEN,0,OOF_GROUP_PURGED_NETWORK_AND_INTERVAL_SOURCE,DIAGNOSTIC_NOT_A_CALIBRATED_INTERVAL,1,,0,0,0,0,0,0,1,1,,0,,0,,0,1,FULL_STRICT_X_ONLY_BALANCED_PCA_FARTHEST_FIRST_GRAPH_ROUND_ROBIN,19,likely low barrier;diversity-selected candidate,0,PROSPECTIVE_NEB_CANDIDATE_NOT_YET_CALCULATED,OOF_INTERVAL_AND_NETWORK_PLUS_FULL_MODEL_PROSPECTIVE_POINT
edge_d508678733470cc66ea42e,pg_20a00349bb6ec6a266,Na23Se8Cl8|Na,em_complete_0029_jid_29,em_complete_0029_jid_29,Na,0.26197083333333332,-0.11368666666666666,0,0.63762833333333324,0.75131499999999996,-0.31625774999999984,0,0.84019941666666642,1.1564571666666663,0.18446309510268202,AVAILABLE_DIAGNOSTIC_NOT_CALIBRATED_INTERVAL,3.0671531348100123,0.97195512820512819,0.028044871794871806,1,0,Li23Se8Cl8|Li;Na23Cl8O8|Na;Na23S8I8|Na;Na47P16Se64|Na;Li23S8I8|Li,LABEL_CALIBRATED_TRANSFER_REQUIRES_EDGE_EXCHANGEABILITY_OOD_WARNING,0,leave_formula_plus_migrating_species_out,OOF_GROUP_PURGED_PERIODIC_NETWORK,2,ExtraTrees,1972499985,302,69,97,5b8192d8c990191389a3d6dcae19bfd2a2136cd9e24eceed64bdb4fa859d51b5,umodel_468e482f3d871493a887,8660ce48a1c8baae6d1ec6eb9dcf77ee4ff9ff35220bead4402896e45877eafc,1025f74909b9594efd388980687dedb81fef72652561eceb2dea72348f5d6838,OOF_GROUP_PURGED_VALIDATION_MODEL,pg_20a00349bb6ec6a266_n0020,pg_20a00349bb6ec6a266_n0021,0,0,0,"[0.9999999668280346,0.2500000419963124,0.2499999772577247]","[0.9999999668280345,0.2500000419963124,0.7499999772577247]","[-1.1102230246251565e-16,0.0,0.5]","[8.687184379311612e-08,-4.956999073000001e-07,5.435320303871436]","[[10.870643612396739,6.55999229e-07,1.786060468e-07],[6.55183834e-07,10.870638944326583,-9.870099654e-07],[1.7374369e-07,-9.913998146e-07,10.870640607742873]]",5.4353203038714604,distance_enumeration_from_raw_structure,0,0,{},,6.0111416102255584,species_reported_hop_q0.950_n95,0,1,stored_edge_orientation,Na23 Se8 Cl8,Na23Se8Cl8,Na,d16e2bfb87d59cd908332ae0753433722ee3dc7ac605960cd66e80c8f8c382ec,45ba80ae55a295361f52a5db4358e012817dc7ff67d5467e17f39a5f1b338b6e,1,CRITICAL_EXACTLY_RECOMPUTED,True,"[""c""]",False,0,3D,3D,0,0,1.1703663333333341,False,False,False,fsig_e90e82c131e0422cbe0d,0,,2,0.11143250000000002,0.039892867287482182,ExtraTrees,fullmodel_253436d2d0be9f4a0e03,7f2cdf24e8baf50094c9eee85d5aabef357e1695572278cd624b47f0d1d88ba3,FULL_MODEL_PROSPECTIVE_ONLY_SOURCE_MATERIAL_SEEN,0,OOF_GROUP_PURGED_NETWORK_AND_INTERVAL_SOURCE,DIAGNOSTIC_NOT_A_CALIBRATED_INTERVAL,1,,0,0,0,0,1.1703663333333341,0,,0,1,1,1,1,7,0,0,FULL_STRICT_X_ONLY_BALANCED_PCA_FARTHEST_FIRST_GRAPH_ROUND_ROBIN,19,periodic critical edge;high uncertainty but high network impact,0,PROSPECTIVE_NEB_CANDIDATE_NOT_YET_CALCULATED,OOF_INTERVAL_AND_NETWORK_PLUS_FULL_MODEL_PROSPECTIVE_POINT
edge_3c8e66f1c5e7d622b7a05d,pg_20a00349bb6ec6a266,Na23Se8Cl8|Na,em_complete_0029_jid_29,em_complete_0029_jid_29,Na,1.1829268333333336,0.80726933333333362,0.80726933333333362,1.5585843333333336,0.75131499999999996,0.60469825000000044,0.60469825000000044,1.7611554166666668,1.1564571666666663,2.1769615997166976,AVAILABLE_DIAGNOSTIC_NOT_CALIBRATED_INTERVAL,2.7308176532808255,0.96955128205128194,0.030448717948718063,1,0,Na23Cl8O8|Na;Li47P16S64|Li;Na23Br8O8|Na;Li23S8I8|Li;Na23I8O8|Na,LABEL_CALIBRATED_TRANSFER_REQUIRES_EDGE_EXCHANGEABILITY_OOD_WARNING,0,leave_formula_plus_migrating_species_out,OOF_GROUP_PURGED_PERIODIC_NETWORK,2,ExtraTrees,1972499985,302,69,97,5b8192d8c990191389a3d6dcae19bfd2a2136cd9e24eceed64bdb4fa859d51b5,umodel_468e482f3d871493a887,8660ce48a1c8baae6d1ec6eb9dcf77ee4ff9ff35220bead4402896e45877eafc,1025f74909b9594efd388980687dedb81fef72652561eceb2dea72348f5d6838,OOF_GROUP_PURGED_VALIDATION_MODEL,pg_20a00349bb6ec6a266_n0009,pg_20a00349bb6ec6a266_n0021,0,0,0,"[0.4999999668280343,0.2500000419963123,0.7499999772577246]","[0.9999999668280345,0.2500000419963124,0.7499999772577247]","[0.5000000000000002,1.1102230246251565e-16,1.1102230246251565e-16]","[5.435321806198372,3.279996157068834e-07,8.930302460688349e-08]","[[10.870643612396739,6.55999229e-07,1.786060468e-07],[6.55183834e-07,10.870638944326583,-9.870099654e-07],[1.7374369e-07,-9.913998146e-07,10.870640607742873]]",5.4353218061983828,distance_enumeration_from_raw_structure,0,0,{},,6.0111416102255584,species_reported_hop_q0.950_n95,0,1,stored_edge_orientation,Na23 Se8 Cl8,Na23Se8Cl8,Na,d16e2bfb87d59cd908332ae0753433722ee3dc7ac605960cd66e80c8f8c382ec,45ba80ae55a295361f52a5db4358e012817dc7ff67d5467e17f39a5f1b338b6e,1,CRITICAL_EXACTLY_RECOMPUTED,True,"[""a""]",False,0,3D,3D,0.24941033333333373,0,0,False,False,False,fsig_ca588cf49bd01fb6f133,0,,1,0.54625916666666752,1.4024072745587912,ExtraTrees,fullmodel_253436d2d0be9f4a0e03,7f2cdf24e8baf50094c9eee85d5aabef357e1695572278cd624b47f0d1d88ba3,FULL_MODEL_PROSPECTIVE_ONLY_SOURCE_MATERIAL_SEEN,0,OOF_GROUP_PURGED_NETWORK_AND_INTERVAL_SOURCE,DIAGNOSTIC_NOT_A_CALIBRATED_INTERVAL,1,,0.24941033333333373,0,0,0,0,0,,0,1,1,1,1,1,1,0,FULL_STRICT_X_ONLY_BALANCED_PCA_FARTHEST_FIRST_GRAPH_ROUND_ROBIN,19,periodic critical edge;high uncertainty but high network impact;OOD warning,0,PROSPECTIVE_NEB_CANDIDATE_NOT_YET_CALCULATED,OOF_INTERVAL_AND_NETWORK_PLUS_FULL_MODEL_PROSPECTIVE_POINT
edge_32859c8ac92f00f2204c79,pg_20a00349bb6ec6a266,Na23Se8Cl8|Na,em_complete_0029_jid_29,em_complete_0029_jid_29,Na,1.1829268333333336,0.80726933333333362,0.80726933333333362,1.5585843333333336,0.75131499999999996,0.60469825000000044,0.60469825000000044,1.7611554166666668,1.1564571666666663,2.1769615997166976,AVAILABLE_DIAGNOSTIC_NOT_CALIBRATED_INTERVAL,2.7308176532808259,0.96955128205128194,0.030448717948718063,1,0,Na23Cl8O8|Na;Li47P16S64|Li;Na23Br8O8|Na;Li23S8I8|Li;Na23I8O8|Na,LABEL_CALIBRATED_TRANSFER_REQUIRES_EDGE_EXCHANGEABILITY_OOD_WARNING,0,leave_formula_plus_migrating_species_out,OOF_GROUP_PURGED_PERIODIC_NETWORK,2,ExtraTrees,1972499985,302,69,97,5b8192d8c990191389a3d6dcae19bfd2a2136cd9e24eceed64bdb4fa859d51b5,umodel_468e482f3d871493a887,8660ce48a1c8baae6d1ec6eb9dcf77ee4ff9ff35220bead4402896e45877eafc,1025f74909b9594efd388980687dedb81fef72652561eceb2dea72348f5d6838,OOF_GROUP_PURGED_VALIDATION_MODEL,pg_20a00349bb6ec6a266_n0009,pg_20a00349bb6ec6a266_n0021,-1,0,0,"[0.4999999668280343,0.2500000419963123,0.7499999772577246]","[0.9999999668280345,0.2500000419963124,0.7499999772577247]","[-0.49999999999999983,1.1102230246251565e-16,1.1102230246251565e-16]","[-5.435321806198368,-3.2799961329311665e-07,-8.930302219311653e-08]","[[10.870643612396739,6.55999229e-07,1.786060468e-07],[6.55183834e-07,10.870638944326583,-9.870099654e-07],[1.7374369e-07,-9.913998146e-07,10.870640607742873]]",5.4353218061983775,distance_enumeration_from_raw_structure,0,0,{},,6.0111416102255584,species_reported_hop_q0.950_n95,0,1,stored_edge_orientation,Na23 Se8 Cl8,Na23Se8Cl8,Na,d16e2bfb87d59cd908332ae0753433722ee3dc7ac605960cd66e80c8f8c382ec,45ba80ae55a295361f52a5db4358e012817dc7ff67d5467e17f39a5f1b338b6e,1,CRITICAL_EXACTLY_RECOMPUTED,True,"[""a""]",False,0,3D,3D,0.24941033333333373,0,0,False,False,False,fsig_64c45fdcbd32a7477189,0,,1,0.54625916666666752,1.4024072745587912,ExtraTrees,fullmodel_253436d2d0be9f4a0e03,7f2cdf24e8baf50094c9eee85d5aabef357e1695572278cd624b47f0d1d88ba3,FULL_MODEL_PROSPECTIVE_ONLY_SOURCE_MATERIAL_SEEN,0,OOF_GROUP_PURGED_NETWORK_AND_INTERVAL_SOURCE,DIAGNOSTIC_NOT_A_CALIBRATED_INTERVAL,1,,0.24941033333333373,0,0,0,0,0,,0,1,1,1,1,1,1,1,FULL_STRICT_X_ONLY_BALANCED_PCA_FARTHEST_FIRST_GRAPH_ROUND_ROBIN,19,periodic critical edge;high uncertainty but high network impact;OOD warning;diversity-selected candidate,0,PROSPECTIVE_NEB_CANDIDATE_NOT_YET_CALCULATED,OOF_INTERVAL_AND_NETWORK_PLUS_FULL_MODEL_PROSPECTIVE_POINT
edge_394afa7b9220c3a39ffffa,pg_20a00349bb6ec6a266,Na23Se8Cl8|Na,em_complete_0029_jid_29,em_complete_0029_jid_29,Na,0.26197083333333332,-0.11368666666666666,0,0.63762833333333324,0.75131499999999996,-0.31625774999999984,0,0.84019941666666642,1.1564571666666663,0.18446309510268202,AVAILABLE_DIAGNOSTIC_NOT_CALIBRATED_INTERVAL,3.0671531348100123,0.97195512820512819,0.028044871794871806,1,0,Li23Se8Cl8|Li;Na23Cl8O8|Na;Na23S8I8|Na;Na47P16Se64|Na;Li23S8I8|Li,LABEL_CALIBRATED_TRANSFER_REQUIRES_EDGE_EXCHANGEABILITY_OOD_WARNING,0,leave_formula_plus_migrating_species_out,OOF_GROUP_PURGED_PERIODIC_NETWORK,2,ExtraTrees,1972499985,302,69,97,5b8192d8c990191389a3d6dcae19bfd2a2136cd9e24eceed64bdb4fa859d51b5,umodel_468e482f3d871493a887,8660ce48a1c8baae6d1ec6eb9dcf77ee4ff9ff35220bead4402896e45877eafc,1025f74909b9594efd388980687dedb81fef72652561eceb2dea72348f5d6838,OOF_GROUP_PURGED_VALIDATION_MODEL,pg_20a00349bb6ec6a266_n0020,pg_20a00349bb6ec6a266_n0021,0,0,-1,"[0.9999999668280346,0.2500000419963124,0.2499999772577247]","[0.9999999668280345,0.2500000419963124,0.7499999772577247]","[-1.1102230246251565e-16,0.0,-0.5]","[-8.687184620688389e-08,4.956999072999999e-07,-5.435320303871436]","[[10.870643612396739,6.55999229e-07,1.786060468e-07],[6.55183834e-07,10.870638944326583,-9.870099654e-07],[1.7374369e-07,-9.913998146e-07,10.870640607742873]]",5.4353203038714604,distance_enumeration_from_raw_structure,0,0,{},,6.0111416102255584,species_reported_hop_q0.950_n95,0,1,stored_edge_orientation,Na23 Se8 Cl8,Na23Se8Cl8,Na,d16e2bfb87d59cd908332ae0753433722ee3dc7ac605960cd66e80c8f8c382ec,45ba80ae55a295361f52a5db4358e012817dc7ff67d5467e17f39a5f1b338b6e,1,CRITICAL_EXACTLY_RECOMPUTED,True,"[""c""]",False,0,3D,3D,0,0,1.1703663333333341,False,False,False,fsig_e90e82c131e0422cbe0d,0,,2,0.11143250000000002,0.039892867287482182,ExtraTrees,fullmodel_253436d2d0be9f4a0e03,7f2cdf24e8baf50094c9eee85d5aabef357e1695572278cd624b47f0d1d88ba3,FULL_MODEL_PROSPECTIVE_ONLY_SOURCE_MATERIAL_SEEN,0,OOF_GROUP_PURGED_NETWORK_AND_INTERVAL_SOURCE,DIAGNOSTIC_NOT_A_CALIBRATED_INTERVAL,1,,0,0,0,0,1.1703663333333341,0,,0,1,1,1,1,7,0,1,FULL_STRICT_X_ONLY_BALANCED_PCA_FARTHEST_FIRST_GRAPH_ROUND_ROBIN,19,periodic critical edge;high uncertainty but high network impact;diversity-selected candidate,0,PROSPECTIVE_NEB_CANDIDATE_NOT_YET_CALCULATED,OOF_INTERVAL_AND_NETWORK_PLUS_FULL_MODEL_PROSPECTIVE_POINT
edge_78b4d1d513dfe6d77e0ee3,pg_4475ded0b1d689bcc3,Li23Cl8O8|Li,em_complete_0043_jid_43;em_complete_0481_jid_481,em_complete_0043_jid_43,Li,0.70102666666666724,0.19796833333333319,0.19796833333333319,1.2040850000000014,1.0061166666666681,-0.21219916666666638,0,1.614252500000001,1.8264516666666673,0.55281642539966791,AVAILABLE_DIAGNOSTIC_NOT_CALIBRATED_INTERVAL,3.5279690931240317,0.99759615384615385,0.0024038461538461453,1,1,Na23Cl8O8|Na;Li23Br8O8|Li;Li47P16O64|Li;Li31Fe16Si16O64|Li;Li27P12O44|Li,LABEL_CALIBRATED_TRANSFER_REQUIRES_EDGE_EXCHANGEABILITY_OOD_WARNING,0,leave_formula_plus_migrating_species_out,OOF_GROUP_PURGED_PERIODIC_NETWORK,5,ExtraTrees,467324014,305,69,94,cff4901166c7f1638669f1964c113203ded0151760eea770bf7bbb8e1657d26f,umodel_b3b46dd52d6bc4157f52,dfd947497c091d780052154a20067d9ba696d7ec986880eaeef94f53ad54d411,1025f74909b9594efd388980687dedb81fef72652561eceb2dea72348f5d6838,OOF_GROUP_PURGED_VALIDATION_MODEL,pg_4475ded0b1d689bcc3_n0012,pg_4475ded0b1d689bcc3_n0015,0,-1,0,"[0.5000000000000002,0.25,0.25]","[0.5,0.7500000000000002,0.75]","[-2.220446049250313e-16,-0.4999999999999998,0.5]","[-2.335650290157764e-15,-3.908336999999998,3.908337]","[[7.816674,0.0,4e-16],[1.2e-15,7.816674,4e-16],[0.0,0.0,7.816674]]",5.5272231917245742,distance_enumeration_from_raw_structure,0,0,{},,6.1573731961043432,species_reported_hop_q0.950_n152,0,1,stored_edge_orientation,Li23 Cl8 O8,Li23Cl8O8,Li,e108610e953ea7951ddba27c30f5195406d3440e2324e174d9e4bee8b00b42d4,b1da291b0d16b71d283beac4a1d127a52ae5ab2992dd0752e6d737d5c3a557cc,0,NONCRITICAL_ZERO_SCREENED,False,[],False,0,3D,3D,0,0,0,False,False,False,fsig_f7b9d365148e926c1c5a,0,,2,1.2369152500000005,1.260053994542802,ExtraTrees,fullmodel_253436d2d0be9f4a0e03,7f2cdf24e8baf50094c9eee85d5aabef357e1695572278cd624b47f0d1d88ba3,FULL_MODEL_PROSPECTIVE_ONLY_SOURCE_MATERIAL_SEEN,0,OOF_GROUP_PURGED_NETWORK_AND_INTERVAL_SOURCE,DIAGNOSTIC_NOT_A_CALIBRATED_INTERVAL,1,,0,0,0,0,0,0,,0,,0,,0,1,1,0,FULL_STRICT_X_ONLY_BALANCED_PCA_FARTHEST_FIRST_GRAPH_ROUND_ROBIN,19,OOD warning,0,PROSPECTIVE_NEB_CANDIDATE_NOT_YET_CALCULATED,OOF_INTERVAL_AND_NETWORK_PLUS_FULL_MODEL_PROSPECTIVE_POINT
edge_8c76a4386cfd461c8d9de5,pg_4475ded0b1d689bcc3,Li23Cl8O8|Li,em_complete_0043_jid_43;em_complete_0481_jid_481,em_complete_0043_jid_43,Li,1.2062934166666668,0.70323508333333273,0.70323508333333273,1.7093517500000008,1.0061166666666681,0.29306758333333316,0.29306758333333316,2.1195192500000006,1.8264516666666675,0.56078126264687778,AVAILABLE_DIAGNOSTIC_NOT_CALIBRATED_INTERVAL,3.2487733995319781,0.97355769230769229,0.026442307692307709,1,0,Na23Cl8O8|Na;Li23Br8O8|Li;Li47P16O64|Li;Li27P12O44|Li;Li63P32O112|Li,LABEL_CALIBRATED_TRANSFER_REQUIRES_EDGE_EXCHANGEABILITY_OOD_WARNING,0,leave_formula_plus_migrating_species_out,OOF_GROUP_PURGED_PERIODIC_NETWORK,5,ExtraTrees,467324014,305,69,94,cff4901166c7f1638669f1964c113203ded0151760eea770bf7bbb8e1657d26f,umodel_b3b46dd52d6bc4157f52,dfd947497c091d780052154a20067d9ba696d7ec986880eaeef94f53ad54d411,1025f74909b9594efd388980687dedb81fef72652561eceb2dea72348f5d6838,OOF_GROUP_PURGED_VALIDATION_MODEL,pg_4475ded0b1d689bcc3_n0000,pg_4475ded0b1d689bcc3_n0002,0,0,0,"[0.0,0.25,0.25]","[0.0,0.7500000000000002,0.25]","[0.0,0.5000000000000002,0.0]","[6.000000000000003e-16,3.9083370000000017,2.000000000000001e-16]","[[7.816674,0.0,4e-16],[1.2e-15,7.816674,4e-16],[0.0,0.0,7.816674]]",3.9083370000000017,distance_enumeration_from_raw_structure,0,0,{},,6.1573731961043432,species_reported_hop_q0.950_n152,0,1,stored_edge_orientation,Li23 Cl8 O8,Li23Cl8O8,Li,e108610e953ea7951ddba27c30f5195406d3440e2324e174d9e4bee8b00b42d4,b1da291b0d16b71d283beac4a1d127a52ae5ab2992dd0752e6d737d5c3a557cc,0,NONCRITICAL_ZERO_SCREENED,False,[],False,0,3D,3D,0,0,0,False,False,False,fsig_2223f3c41278102e5f43,0,,2,1.2389070833333329,0.98369934453012275,ExtraTrees,fullmodel_253436d2d0be9f4a0e03,7f2cdf24e8baf50094c9eee85d5aabef357e1695572278cd624b47f0d1d88ba3,FULL_MODEL_PROSPECTIVE_ONLY_SOURCE_MATERIAL_SEEN,0,OOF_GROUP_PURGED_NETWORK_AND_INTERVAL_SOURCE,DIAGNOSTIC_NOT_A_CALIBRATED_INTERVAL,1,,0,0,0,0,0,0,,0,,0,,0,1,1,0,FULL_STRICT_X_ONLY_BALANCED_PCA_FARTHEST_FIRST_GRAPH_ROUND_ROBIN,19,OOD warning,0,PROSPECTIVE_NEB_CANDIDATE_NOT_YET_CALCULATED,OOF_INTERVAL_AND_NETWORK_PLUS_FULL_MODEL_PROSPECTIVE_POINT
edge_c92373c1596268ad0fa191,pg_4475ded0b1d689bcc3,Li23Cl8O8|Li,em_complete_0043_jid_43;em_complete_0481_jid_481,em_complete_0043_jid_43,Li,1.2062934166666668,0.70323508333333273,0.70323508333333273,1.7093517500000008,1.0061166666666681,0.29306758333333316,0.29306758333333316,2.1195192500000006,1.8264516666666675,0.56078126264687778,AVAILABLE_DIAGNOSTIC_NOT_CALIBRATED_INTERVAL,3.2487733995319781,0.97355769230769229,0.026442307692307709,1,0,Na23Cl8O8|Na;Li23Br8O8|Li;Li47P16O64|Li;Li27P12O44|Li;Li63P32O112|Li,LABEL_CALIBRATED_TRANSFER_REQUIRES_EDGE_EXCHANGEABILITY_OOD_WARNING,0,leave_formula_plus_migrating_species_out,OOF_GROUP_PURGED_PERIODIC_NETWORK,5,ExtraTrees,467324014,305,69,94,cff4901166c7f1638669f1964c113203ded0151760eea770bf7bbb8e1657d26f,umodel_b3b46dd52d6bc4157f52,dfd947497c091d780052154a20067d9ba696d7ec986880eaeef94f53ad54d411,1025f74909b9594efd388980687dedb81fef72652561eceb2dea72348f5d6838,OOF_GROUP_PURGED_VALIDATION_MODEL,pg_4475ded0b1d689bcc3_n0000,pg_4475ded0b1d689bcc3_n0002,0,-1,0,"[0.0,0.25,0.25]","[0.0,0.7500000000000002,0.25]","[0.0,-0.4999999999999998,0.0]","[-5.999999999999997e-16,-3.908336999999998,-1.999999999999999e-16]","[[7.816674,0.0,4e-16],[1.2e-15,7.816674,4e-16],[0.0,0.0,7.816674]]",3.9083369999999982,distance_enumeration_from_raw_structure,0,0,{},,6.1573731961043432,species_reported_hop_q0.950_n152,0,1,stored_edge_orientation,Li23 Cl8 O8,Li23Cl8O8,Li,e108610e953ea7951ddba27c30f5195406d3440e2324e174d9e4bee8b00b42d4,b1da291b0d16b71d283beac4a1d127a52ae5ab2992dd0752e6d737d5c3a557cc,0,NONCRITICAL_ZERO_SCREENED,False,[],False,0,3D,3D,0,0,0,False,False,False,fsig_2223f3c41278102e5f43,0,,2,1.2389070833333329,0.98369934453012275,ExtraTrees,fullmodel_253436d2d0be9f4a0e03,7f2cdf24e8baf50094c9eee85d5aabef357e1695572278cd624b47f0d1d88ba3,FULL_MODEL_PROSPECTIVE_ONLY_SOURCE_MATERIAL_SEEN,0,OOF_GROUP_PURGED_NETWORK_AND_INTERVAL_SOURCE,DIAGNOSTIC_NOT_A_CALIBRATED_INTERVAL,1,,0,0,0,0,0,0,,0,,0,,0,1,1,0,FULL_STRICT_X_ONLY_BALANCED_PCA_FARTHEST_FIRST_GRAPH_ROUND_ROBIN,19,OOD warning,0,PROSPECTIVE_NEB_CANDIDATE_NOT_YET_CALCULATED,OOF_INTERVAL_AND_NETWORK_PLUS_FULL_MODEL_PROSPECTIVE_POINT
edge_e3ca37700d2ad4b0c7781b,pg_4475ded0b1d689bcc3,Li23Cl8O8|Li,em_complete_0043_jid_43;em_complete_0481_jid_481,em_complete_0043_jid_43,Li,0.70102666666666724,0.19796833333333319,0.19796833333333319,1.2040850000000014,1.0061166666666681,-0.21219916666666638,0,1.614252500000001,1.8264516666666673,0.55281642539966791,AVAILABLE_DIAGNOSTIC_NOT_CALIBRATED_INTERVAL,3.5279690931240317,0.99759615384615385,0.0024038461538461453,1,1,Na23Cl8O8|Na;Li23Br8O8|Li;Li47P16O64|Li;Li31Fe16Si16O64|Li;Li27P12O44|Li,LABEL_CALIBRATED_TRANSFER_REQUIRES_EDGE_EXCHANGEABILITY_OOD_WARNING,0,leave_formula_plus_migrating_species_out,OOF_GROUP_PURGED_PERIODIC_NETWORK,5,ExtraTrees,467324014,305,69,94,cff4901166c7f1638669f1964c113203ded0151760eea770bf7bbb8e1657d26f,umodel_b3b46dd52d6bc4157f52,dfd947497c091d780052154a20067d9ba696d7ec986880eaeef94f53ad54d411,1025f74909b9594efd388980687dedb81fef72652561eceb2dea72348f5d6838,OOF_GROUP_PURGED_VALIDATION_MODEL,pg_4475ded0b1d689bcc3_n0012,pg_4475ded0b1d689bcc3_n0015,0,-1,-1,"[0.5000000000000002,0.25,0.25]","[0.5,0.7500000000000002,0.75]","[-2.220446049250313e-16,-0.4999999999999998,-0.5]","[-2.335650290157764e-15,-3.908336999999998,-3.908337]","[[7.816674,0.0,4e-16],[1.2e-15,7.816674,4e-16],[0.0,0.0,7.816674]]",5.5272231917245742,distance_enumeration_from_raw_structure,0,0,{},,6.1573731961043432,species_reported_hop_q0.950_n152,0,1,stored_edge_orientation,Li23 Cl8 O8,Li23Cl8O8,Li,e108610e953ea7951ddba27c30f5195406d3440e2324e174d9e4bee8b00b42d4,b1da291b0d16b71d283beac4a1d127a52ae5ab2992dd0752e6d737d5c3a557cc,0,NONCRITICAL_ZERO_SCREENED,False,[],False,0,3D,3D,0,0,0,False,False,False,fsig_f7b9d365148e926c1c5a,0,,2,1.2369152500000005,1.260053994542802,ExtraTrees,fullmodel_253436d2d0be9f4a0e03,7f2cdf24e8baf50094c9eee85d5aabef357e1695572278cd624b47f0d1d88ba3,FULL_MODEL_PROSPECTIVE_ONLY_SOURCE_MATERIAL_SEEN,0,OOF_GROUP_PURGED_NETWORK_AND_INTERVAL_SOURCE,DIAGNOSTIC_NOT_A_CALIBRATED_INTERVAL,1,,0,0,0,0,0,0,,0,,0,,0,1,1,0,FULL_STRICT_X_ONLY_BALANCED_PCA_FARTHEST_FIRST_GRAPH_ROUND_ROBIN,19,OOD warning,0,PROSPECTIVE_NEB_CANDIDATE_NOT_YET_CALCULATED,OOF_INTERVAL_AND_NETWORK_PLUS_FULL_MODEL_PROSPECTIVE_POINT
edge_01c229c4104a3b317a7e57,pg_4475ded0b1d689bcc3,Li23Cl8O8|Li,em_complete_0043_jid_43;em_complete_0481_jid_481,em_complete_0043_jid_43,Li,0.7750798333333333,0.27202149999999925,0.27202149999999925,1.2781381666666674,1.0061166666666681,-0.13814600000000032,0,1.6883056666666669,1.8264516666666673,0.52912698955604143,AVAILABLE_DIAGNOSTIC_NOT_CALIBRATED_INTERVAL,3.1132026355705631,0.97195512820512819,0.028044871794871806,1,0,Na23Cl8O8|Na;Li23Br8O8|Li;Li47P16O64|Li;Li27P12O44|Li;Li63P32O112|Li,LABEL_CALIBRATED_TRANSFER_REQUIRES_EDGE_EXCHANGEABILITY_OOD_WARNING,0,leave_formula_plus_migrating_species_out,OOF_GROUP_PURGED_PERIODIC_NETWORK,5,ExtraTrees,467324014,305,69,94,cff4901166c7f1638669f1964c113203ded0151760eea770bf7bbb8e1657d26f,umodel_b3b46dd52d6bc4157f52,dfd947497c091d780052154a20067d9ba696d7ec986880eaeef94f53ad54d411,1025f74909b9594efd388980687dedb81fef72652561eceb2dea72348f5d6838,OOF_GROUP_PURGED_VALIDATION_MODEL,pg_4475ded0b1d689bcc3_n0005,pg_4475ded0b1d689bcc3_n0009,0,0,0,"[0.25,0.0,0.75]","[0.25,0.4999999999999999,0.7499999999999999]","[0.0,0.4999999999999999,-1.1102230246251565e-16]","[5.999999999999999e-16,3.908336999999999,-6.678251450788821e-16]","[[7.816674,0.0,4e-16],[1.2e-15,7.816674,4e-16],[0.0,0.0,7.816674]]",3.9083369999999986,distance_enumeration_from_raw_structure,0,0,{},,6.1573731961043432,species_reported_hop_q0.950_n152,0,1,stored_edge_orientation,Li23 Cl8 O8,Li23Cl8O8,Li,e108610e953ea7951ddba27c30f5195406d3440e2324e174d9e4bee8b00b42d4,b1da291b0d16b71d283beac4a1d127a52ae5ab2992dd0752e6d737d5c3a557cc,0,NONCRITICAL_ZERO_SCREENED,False,[],False,0,3D,3D,0,0,0,False,False,False,fsig_64eac016f422b1edc416,0,,2,0.96071833333333378,0.95697692741547069,ExtraTrees,fullmodel_253436d2d0be9f4a0e03,7f2cdf24e8baf50094c9eee85d5aabef357e1695572278cd624b47f0d1d88ba3,FULL_MODEL_PROSPECTIVE_ONLY_SOURCE_MATERIAL_SEEN,0,OOF_GROUP_PURGED_NETWORK_AND_INTERVAL_SOURCE,DIAGNOSTIC_NOT_A_CALIBRATED_INTERVAL,1,,0,0,0,0,0,0,,0,,0,,0,46,0,1,FULL_STRICT_X_ONLY_BALANCED_PCA_FARTHEST_FIRST_GRAPH_ROUND_ROBIN,19,diversity-selected candidate,0,PROSPECTIVE_NEB_CANDIDATE_NOT_YET_CALCULATED,OOF_INTERVAL_AND_NETWORK_PLUS_FULL_MODEL_PROSPECTIVE_POINT
edge_11250842803d0785974498,pg_4475ded0b1d689bcc3,Li23Cl8O8|Li,em_complete_0043_jid_43;em_complete_0481_jid_481,em_complete_0043_jid_43,Li,0.48127733333333356,-0.021781000000000494,0,0.98433566666666761,1.0061166666666681,-0.43194850000000007,0,1.3945031666666672,1.8264516666666673,0.22347964783074881,AVAILABLE_DIAGNOSTIC_NOT_CALIBRATED_INTERVAL,2.6543279267570079,0.95272435897435892,0.04727564102564108,1,0,Na23Cl8O8|Na;Li23Br8O8|Li;Li47P16O64|Li;Li27P12O44|Li;Na23I8O8|Na,LABEL_CALIBRATED_TRANSFER_REQUIRES_EDGE_EXCHANGEABILITY_OOD_WARNING,0,leave_formula_plus_migrating_species_out,OOF_GROUP_PURGED_PERIODIC_NETWORK,5,ExtraTrees,467324014,305,69,94,cff4901166c7f1638669f1964c113203ded0151760eea770bf7bbb8e1657d26f,umodel_b3b46dd52d6bc4157f52,dfd947497c091d780052154a20067d9ba696d7ec986880eaeef94f53ad54d411,1025f74909b9594efd388980687dedb81fef72652561eceb2dea72348f5d6838,OOF_GROUP_PURGED_VALIDATION_MODEL,pg_4475ded0b1d689bcc3_n0003,pg_4475ded0b1d689bcc3_n0009,0,0,0,"[0.0,0.7500000000000002,0.75]","[0.25,0.4999999999999999,0.7499999999999999]","[0.25,-0.25000000000000033,-1.1102230246251565e-16]","[1.9541684999999998,-1.9541685000000026,-8.678251450788822e-16]","[[7.816674,0.0,4e-16],[1.2e-15,7.816674,4e-16],[0.0,0.0,7.816674]]",2.7636115958622893,distance_enumeration_from_raw_structure,0,0,{},,6.1573731961043432,species_reported_hop_q0.950_n152,0,1,stored_edge_orientation,Li23 Cl8 O8,Li23Cl8O8,Li,e108610e953ea7951ddba27c30f5195406d3440e2324e174d9e4bee8b00b42d4,b1da291b0d16b71d283beac4a1d127a52ae5ab2992dd0752e6d737d5c3a557cc,0,NONCRITICAL_ZERO_SCREENED,False,[],False,0,3D,3D,0,0,0,False,False,False,fsig_dca63302903e25dc4f28,0,,4,0.39903366666666656,0.093020910671263127,ExtraTrees,fullmodel_253436d2d0be9f4a0e03,7f2cdf24e8baf50094c9eee85d5aabef357e1695572278cd624b47f0d1d88ba3,FULL_MODEL_PROSPECTIVE_ONLY_SOURCE_MATERIAL_SEEN,0,OOF_GROUP_PURGED_NETWORK_AND_INTERVAL_SOURCE,DIAGNOSTIC_NOT_A_CALIBRATED_INTERVAL,1,,0,0,0,0,0,0,,0,,0,,0,49,0,1,FULL_STRICT_X_ONLY_BALANCED_PCA_FARTHEST_FIRST_GRAPH_ROUND_ROBIN,19,diversity-selected candidate,0,PROSPECTIVE_NEB_CANDIDATE_NOT_YET_CALCULATED,OOF_INTERVAL_AND_NETWORK_PLUS_FULL_MODEL_PROSPECTIVE_POINT
edge_348b47ff34bd214f10355f,pg_4475ded0b1d689bcc3,Li23Cl8O8|Li,em_complete_0043_jid_43;em_complete_0481_jid_481,em_complete_0043_jid_43,Li,1.2790270833333328,0.77596874999999876,0.77596874999999876,1.7820854166666669,1.0061166666666681,0.36580124999999919,0.36580124999999919,2.1922529166666664,1.8264516666666673,0.55526908566537325,AVAILABLE_DIAGNOSTIC_NOT_CALIBRATED_INTERVAL,3.2016731633052147,0.97355769230769229,0.026442307692307709,1,0,Na23Cl8O8|Na;Li23Br8O8|Li;Li47P16O64|Li;Li63P32O112|Li;Li27P12O44|Li,LABEL_CALIBRATED_TRANSFER_REQUIRES_EDGE_EXCHANGEABILITY_OOD_WARNING,0,leave_formula_plus_migrating_species_out,OOF_GROUP_PURGED_PERIODIC_NETWORK,5,ExtraTrees,467324014,305,69,94,cff4901166c7f1638669f1964c113203ded0151760eea770bf7bbb8e1657d26f,umodel_b3b46dd52d6bc4157f52,dfd947497c091d780052154a20067d9ba696d7ec986880eaeef94f53ad54d411,1025f74909b9594efd388980687dedb81fef72652561eceb2dea72348f5d6838,OOF_GROUP_PURGED_VALIDATION_MODEL,pg_4475ded0b1d689bcc3_n0000,pg_4475ded0b1d689bcc3_n0009,0,0,-1,"[0.0,0.25,0.25]","[0.25,0.4999999999999999,0.7499999999999999]","[0.25,0.2499999999999999,-0.5000000000000001]","[1.9541685000000002,1.954168499999999,-3.908337000000001]","[[7.816674,0.0,4e-16],[1.2e-15,7.816674,4e-16],[0.0,0.0,7.816674]]",4.7867156964199884,distance_enumeration_from_raw_structure,0,0,{},,6.1573731961043432,species_reported_hop_q0.950_n152,0,1,stored_edge_orientation,Li23 Cl8 O8,Li23Cl8O8,Li,e108610e953ea7951ddba27c30f5195406d3440e2324e174d9e4bee8b00b42d4,b1da291b0d16b71d283beac4a1d127a52ae5ab2992dd0752e6d737d5c3a557cc,0,NONCRITICAL_ZERO_SCREENED,False,[],False,0,3D,3D,0,0,0,False,False,False,fsig_899c641de7bae0de7162,0,,2,1.2186624999999993,0.36222910546192982,ExtraTrees,fullmodel_253436d2d0be9f4a0e03,7f2cdf24e8baf50094c9eee85d5aabef357e1695572278cd624b47f0d1d88ba3,FULL_MODEL_PROSPECTIVE_ONLY_SOURCE_MATERIAL_SEEN,0,OOF_GROUP_PURGED_NETWORK_AND_INTERVAL_SOURCE,DIAGNOSTIC_NOT_A_CALIBRATED_INTERVAL,1,,0,0,0,0,0,0,,0,,0,,0,21,0,1,FULL_STRICT_X_ONLY_BALANCED_PCA_FARTHEST_FIRST_GRAPH_ROUND_ROBIN,19,diversity-selected candidate,0,PROSPECTIVE_NEB_CANDIDATE_NOT_YET_CALCULATED,OOF_INTERVAL_AND_NETWORK_PLUS_FULL_MODEL_PROSPECTIVE_POINT
edge_40f446812b50f55682860b,pg_4475ded0b1d689bcc3,Li23Cl8O8|Li,em_complete_0043_jid_43;em_complete_0481_jid_481,em_complete_0043_jid_43,Li,0.61644733333333346,0.11338899999999941,0.11338899999999941,1.1195056666666674,1.0061166666666681,-0.29677850000000017,0,1.529673166666667,1.8264516666666673,0.53412353157465164,AVAILABLE_DIAGNOSTIC_NOT_CALIBRATED_INTERVAL,3.7982696076617564,0.99759615384615385,0.0024038461538461453,1,1,Na23Cl8O8|Na;Li23Br8O8|Li;Li47P16O64|Li;Ca31V32O96|Ca;Li31Fe16Si16O64|Li,LABEL_CALIBRATED_TRANSFER_REQUIRES_EDGE_EXCHANGEABILITY_OOD_WARNING,0,leave_formula_plus_migrating_species_out,OOF_GROUP_PURGED_PERIODIC_NETWORK,5,ExtraTrees,467324014,305,69,94,cff4901166c7f1638669f1964c113203ded0151760eea770bf7bbb8e1657d26f,umodel_b3b46dd52d6bc4157f52,dfd947497c091d780052154a20067d9ba696d7ec986880eaeef94f53ad54d411,1025f74909b9594efd388980687dedb81fef72652561eceb2dea72348f5d6838,OOF_GROUP_PURGED_VALIDATION_MODEL,pg_4475ded0b1d689bcc3_n0009,pg_4475ded0b1d689bcc3_n0020,-1,0,0,"[0.25,0.4999999999999999,0.7499999999999999]","[0.7500000000000001,0.5,0.25]","[-0.4999999999999999,1.1102230246251565e-16,-0.4999999999999999]","[-3.908336999999999,8.678251450788821e-16,-3.908336999999999]","[[7.816674,0.0,4e-16],[1.2e-15,7.816674,4e-16],[0.0,0.0,7.816674]]",5.5272231917245742,distance_enumeration_from_raw_structure,0,0,{},,6.1573731961043432,species_reported_hop_q0.950_n152,0,1,reversed_to_occupied_start,Li23 Cl8 O8,Li23Cl8O8,Li,e108610e953ea7951ddba27c30f5195406d3440e2324e174d9e4bee8b00b42d4,b1da291b0d16b71d283beac4a1d127a52ae5ab2992dd0752e6d737d5c3a557cc,0,NONCRITICAL_ZERO_SCREENED,False,[],False,0,3D,3D,0,0,0,False,False,False,fsig_0b779d017d4f4dc1e624,0,,4,0.83111858333333344,0.95422244998826322,ExtraTrees,fullmodel_253436d2d0be9f4a0e03,7f2cdf24e8baf50094c9eee85d5aabef357e1695572278cd624b47f0d1d88ba3,FULL_MODEL_PROSPECTIVE_ONLY_SOURCE_MATERIAL_SEEN,0,OOF_GROUP_PURGED_NETWORK_AND_INTERVAL_SOURCE,DIAGNOSTIC_NOT_A_CALIBRATED_INTERVAL,1,,0,0,0,0,0,0,,0,,0,,0,3,0,1,FULL_STRICT_X_ONLY_BALANCED_PCA_FARTHEST_FIRST_GRAPH_ROUND_ROBIN,19,diversity-selected candidate,0,PROSPECTIVE_NEB_CANDIDATE_NOT_YET_CALCULATED,OOF_INTERVAL_AND_NETWORK_PLUS_FULL_MODEL_PROSPECTIVE_POINT
edge_4e2cec26fe39ad68687522,pg_4475ded0b1d689bcc3,Li23Cl8O8|Li,em_complete_0043_jid_43;em_complete_0481_jid_481,em_complete_0043_jid_43,Li,0.63790550000000013,0.13484716666666607,0.13484716666666607,1.1409638333333341,1.0061166666666681,-0.2753203333333335,0,1.5511313333333336,1.8264516666666673,0.50069424735979784,AVAILABLE_DIAGNOSTIC_NOT_CALIBRATED_INTERVAL,3.2422537227831749,0.97355769230769229,0.026442307692307709,1,0,Na23Cl8O8|Na;Li23Br8O8|Li;Li47P16O64|Li;Li31Fe16Si16O64|Li;Li27P12O44|Li,LABEL_CALIBRATED_TRANSFER_REQUIRES_EDGE_EXCHANGEABILITY_OOD_WARNING,0,leave_formula_plus_migrating_species_out,OOF_GROUP_PURGED_PERIODIC_NETWORK,5,ExtraTrees,467324014,305,69,94,cff4901166c7f1638669f1964c113203ded0151760eea770bf7bbb8e1657d26f,umodel_b3b46dd52d6bc4157f52,dfd947497c091d780052154a20067d9ba696d7ec986880eaeef94f53ad54d411,1025f74909b9594efd388980687dedb81fef72652561eceb2dea72348f5d6838,OOF_GROUP_PURGED_VALIDATION_MODEL,pg_4475ded0b1d689bcc3_n0004,pg_4475ded0b1d689bcc3_n0020,-1,0,0,"[0.25,0.0,0.25]","[0.7500000000000001,0.5,0.25]","[-0.4999999999999999,0.5,0.0]","[-3.9083369999999986,3.908337,4.930380657631324e-32]","[[7.816674,0.0,4e-16],[1.2e-15,7.816674,4e-16],[0.0,0.0,7.816674]]",5.5272231917245742,distance_enumeration_from_raw_structure,0,0,{},,6.1573731961043432,species_reported_hop_q0.950_n152,0,1,stored_edge_orientation,Li23 Cl8 O8,Li23Cl8O8,Li,e108610e953ea7951ddba27c30f5195406d3440e2324e174d9e4bee8b00b42d4,b1da291b0d16b71d283beac4a1d127a52ae5ab2992dd0752e6d737d5c3a557cc,0,NONCRITICAL_ZERO_SCREENED,False,[],False,0,3D,3D,0,0,0,False,False,False,fsig_688373bd548402643e0f,0,,4,1.0618030833333334,1.156539888819565,ExtraTrees,fullmodel_253436d2d0be9f4a0e03,7f2cdf24e8baf50094c9eee85d5aabef357e1695572278cd624b47f0d1d88ba3,FULL_MODEL_PROSPECTIVE_ONLY_SOURCE_MATERIAL_SEEN,0,OOF_GROUP_PURGED_NETWORK_AND_INTERVAL_SOURCE,DIAGNOSTIC_NOT_A_CALIBRATED_INTERVAL,1,,0,0,0,0,0,0,,0,,0,,0,15,0,1,FULL_STRICT_X_ONLY_BALANCED_PCA_FARTHEST_FIRST_GRAPH_ROUND_ROBIN,19,diversity-selected candidate,0,PROSPECTIVE_NEB_CANDIDATE_NOT_YET_CALCULATED,OOF_INTERVAL_AND_NETWORK_PLUS_FULL_MODEL_PROSPECTIVE_POINT
edge_9cfe5172c20f2f936feddd,pg_8fa38152fbe8956b86,Tb16Mg7Se32|Mg,em_complete_0001_jid_1,em_complete_0001_jid_1,Mg,1.844422500000001,1.468765000000001,1.468765000000001,2.2200800000000012,0.75131500000000018,1.2661939166666678,1.2661939166666678,2.4226510833333341,1.1564571666666663,2.4701038041546548,AVAILABLE_DIAGNOSTIC_NOT_CALIBRATED_INTERVAL,7.2639381718859601,0.99999999999999989,1.1102230246251565e-16,1,1,Li15Mg16S16O64F16|Li;Er16Mg7S32|Mg;Tb16Mg7S32|Mg;Sm16Mg7S32|Mg;Dy16Mg7S32|Mg,LABEL_CALIBRATED_TRANSFER_REQUIRES_EDGE_EXCHANGEABILITY_OOD_WARNING,0,leave_formula_plus_migrating_species_out,OOF_GROUP_PURGED_PERIODIC_NETWORK,2,ExtraTrees,1972499985,302,69,97,5b8192d8c990191389a3d6dcae19bfd2a2136cd9e24eceed64bdb4fa859d51b5,umodel_468e482f3d871493a887,8660ce48a1c8baae6d1ec6eb9dcf77ee4ff9ff35220bead4402896e45877eafc,1025f74909b9594efd388980687dedb81fef72652561eceb2dea72348f5d6838,OOF_GROUP_PURGED_VALIDATION_MODEL,pg_8fa38152fbe8956b86_n0002,pg_8fa38152fbe8956b86_n0004,0,0,0,"[0.25,0.25,0.25]","[0.5,0.0,0.5]","[0.25,-0.25,0.25]","[2.91492938995,-2.91492938995,2.91492938995]","[[11.6597175598,0.0,0.0],[0.0,11.6597175598,0.0],[0.0,0.0,11.6597175598]]",5.0488058038691523,distance_enumeration_from_raw_structure,0,0,{},,5.2161106934456818,species_reported_hop_q0.950_n88,0,1,stored_edge_orientation,Tb16 Mg7 Se32,Tb16Mg7Se32,Mg,664b17871cb4c67827018934627c198331671e2fd888a9fbece845347f746754,44b9895ef219b860e124cc3e7d6ac024089fe9756b57933b4a85fa716c77585f,0,NONCRITICAL_ZERO_SCREENED,False,[],False,0,3D,3D,0,0,0,False,False,False,fsig_8d774819e7e804b13687,0,,1,1.253076083333333,1.957307435278385,ExtraTrees,fullmodel_253436d2d0be9f4a0e03,7f2cdf24e8baf50094c9eee85d5aabef357e1695572278cd624b47f0d1d88ba3,FULL_MODEL_PROSPECTIVE_ONLY_SOURCE_MATERIAL_SEEN,0,OOF_GROUP_PURGED_NETWORK_AND_INTERVAL_SOURCE,DIAGNOSTIC_NOT_A_CALIBRATED_INTERVAL,1,,0,0,0,0,0,0,,0,,0,,0,1,1,0,FULL_STRICT_X_ONLY_BALANCED_PCA_FARTHEST_FIRST_GRAPH_ROUND_ROBIN,19,OOD warning,0,PROSPECTIVE_NEB_CANDIDATE_NOT_YET_CALCULATED,OOF_INTERVAL_AND_NETWORK_PLUS_FULL_MODEL_PROSPECTIVE_POINT
edge_5d774f34b3a124f22dfdbb,pg_8fa38152fbe8956b86,Tb16Mg7Se32|Mg,em_complete_0001_jid_1,em_complete_0001_jid_1,Mg,1.844422500000001,1.468765000000001,1.468765000000001,2.2200800000000012,0.75131500000000018,1.2661939166666678,1.2661939166666678,2.4226510833333341,1.1564571666666663,2.4701038041546548,AVAILABLE_DIAGNOSTIC_NOT_CALIBRATED_INTERVAL,7.2639379434614542,0.99999999999999989,1.1102230246251565e-16,1,1,Li15Mg16S16O64F16|Li;Er16Mg7S32|Mg;Tb16Mg7S32|Mg;Sm16Mg7S32|Mg;Dy16Mg7S32|Mg,LABEL_CALIBRATED_TRANSFER_REQUIRES_EDGE_EXCHANGEABILITY_OOD_WARNING,0,leave_formula_plus_migrating_species_out,OOF_GROUP_PURGED_PERIODIC_NETWORK,2,ExtraTrees,1972499985,302,69,97,5b8192d8c990191389a3d6dcae19bfd2a2136cd9e24eceed64bdb4fa859d51b5,umodel_468e482f3d871493a887,8660ce48a1c8baae6d1ec6eb9dcf77ee4ff9ff35220bead4402896e45877eafc,1025f74909b9594efd388980687dedb81fef72652561eceb2dea72348f5d6838,OOF_GROUP_PURGED_VALIDATION_MODEL,pg_8fa38152fbe8956b86_n0003,pg_8fa38152fbe8956b86_n0004,0,1,0,"[0.25,0.75,0.75]","[0.5,0.0,0.5]","[0.25,0.25,-0.25]","[2.91492938995,2.91492938995,-2.91492938995]","[[11.6597175598,0.0,0.0],[0.0,11.6597175598,0.0],[0.0,0.0,11.6597175598]]",5.0488058038691523,distance_enumeration_from_raw_structure,0,0,{},,5.2161106934456818,species_reported_hop_q0.950_n88,0,1,stored_edge_orientation,Tb16 Mg7 Se32,Tb16Mg7Se32,Mg,664b17871cb4c67827018934627c198331671e2fd888a9fbece845347f746754,44b9895ef219b860e124cc3e7d6ac024089fe9756b57933b4a85fa716c77585f,0,NONCRITICAL_ZERO_SCREENED,False,[],False,0,3D,3D,0,0,0,False,False,False,fsig_9484ce69c158158a6d9f,0,,1,1.253076083333333,1.957307435278385,ExtraTrees,fullmodel_253436d2d0be9f4a0e03,7f2cdf24e8baf50094c9eee85d5aabef357e1695572278cd624b47f0d1d88ba3,FULL_MODEL_PROSPECTIVE_ONLY_SOURCE_MATERIAL_SEEN,0,OOF_GROUP_PURGED_NETWORK_AND_INTERVAL_SOURCE,DIAGNOSTIC_NOT_A_CALIBRATED_INTERVAL,1,,0,0,0,0,0,0,,0,,0,,0,1,1,1,FULL_STRICT_X_ONLY_BALANCED_PCA_FARTHEST_FIRST_GRAPH_ROUND_ROBIN,19,OOD warning;diversity-selected candidate,0,PROSPECTIVE_NEB_CANDIDATE_NOT_YET_CALCULATED,OOF_INTERVAL_AND_NETWORK_PLUS_FULL_MODEL_PROSPECTIVE_POINT
edge_31eae33dd557e5464f9504,pg_8fa38152fbe8956b86,Tb16Mg7Se32|Mg,em_complete_0001_jid_1,em_complete_0001_jid_1,Mg,1.8438000000000008,1.4681425000000008,1.4681425000000008,2.2194575000000007,0.75131499999999996,1.2655714166666676,1.2655714166666676,2.4220285833333337,1.1564571666666661,2.4704864525478012,AVAILABLE_DIAGNOSTIC_NOT_CALIBRATED_INTERVAL,7.2761741263442063,0.99999999999999989,1.1102230246251565e-16,1,1,Li15Mg16S16O64F16|Li;Er16Mg7S32|Mg;Tb16Mg7S32|Mg;Sm16Mg7S32|Mg;Dy16Mg7S32|Mg,LABEL_CALIBRATED_TRANSFER_REQUIRES_EDGE_EXCHANGEABILITY_OOD_WARNING,0,leave_formula_plus_migrating_species_out,OOF_GROUP_PURGED_PERIODIC_NETWORK,2,ExtraTrees,1972499985,302,69,97,5b8192d8c990191389a3d6dcae19bfd2a2136cd9e24eceed64bdb4fa859d51b5,umodel_468e482f3d871493a887,8660ce48a1c8baae6d1ec6eb9dcf77ee4ff9ff35220bead4402896e45877eafc,1025f74909b9594efd388980687dedb81fef72652561eceb2dea72348f5d6838,OOF_GROUP_PURGED_VALIDATION_MODEL,pg_8fa38152fbe8956b86_n0001,pg_8fa38152fbe8956b86_n0003,0,0,0,"[0.0,0.5,0.5]","[0.25,0.75,0.75]","[0.25,0.25,0.25]","[2.91492938995,2.91492938995,2.91492938995]","[[11.6597175598,0.0,0.0],[0.0,11.6597175598,0.0],[0.0,0.0,11.6597175598]]",5.0488058038691523,distance_enumeration_from_raw_structure,0,0,{},,5.2161106934456818,species_reported_hop_q0.950_n88,0,1,stored_edge_orientation,Tb16 Mg7 Se32,Tb16Mg7Se32,Mg,664b17871cb4c67827018934627c198331671e2fd888a9fbece845347f746754,44b9895ef219b860e124cc3e7d6ac024089fe9756b57933b4a85fa716c77585f,0,NONCRITICAL_ZERO_SCREENED,False,[],False,0,3D,3D,0,0,0,False,False,False,fsig_b862139db92098eebc3e,0,,2,1.2536760833333331,1.9570458208473425,ExtraTrees,fullmodel_253436d2d0be9f4a0e03,7f2cdf24e8baf50094c9eee85d5aabef357e1695572278cd624b47f0d1d88ba3,FULL_MODEL_PROSPECTIVE_ONLY_SOURCE_MATERIAL_SEEN,0,OOF_GROUP_PURGED_NETWORK_AND_INTERVAL_SOURCE,DIAGNOSTIC_NOT_A_CALIBRATED_INTERVAL,1,,0,0,0,0,0,0,,0,,0,,0,2,0,1,FULL_STRICT_X_ONLY_BALANCED_PCA_FARTHEST_FIRST_GRAPH_ROUND_ROBIN,19,diversity-selected candidate,0,PROSPECTIVE_NEB_CANDIDATE_NOT_YET_CALCULATED,OOF_INTERVAL_AND_NETWORK_PLUS_FULL_MODEL_PROSPECTIVE_POINT
edge_691a6a046bc50046c79540,pg_8fa38152fbe8956b86,Tb16Mg7Se32|Mg,em_complete_0001_jid_1,em_complete_0001_jid_1,Mg,1.8438000000000008,1.4681425000000008,1.4681425000000008,2.2194575000000007,0.75131499999999996,1.2655714166666676,1.2655714166666676,2.4220285833333337,1.1564571666666661,2.4704864525478012,AVAILABLE_DIAGNOSTIC_NOT_CALIBRATED_INTERVAL,7.2761730437166303,0.99999999999999989,1.1102230246251565e-16,1,1,Li15Mg16S16O64F16|Li;Er16Mg7S32|Mg;Tb16Mg7S32|Mg;Sm16Mg7S32|Mg;Dy16Mg7S32|Mg,LABEL_CALIBRATED_TRANSFER_REQUIRES_EDGE_EXCHANGEABILITY_OOD_WARNING,0,leave_formula_plus_migrating_species_out,OOF_GROUP_PURGED_PERIODIC_NETWORK,2,ExtraTrees,1972499985,302,69,97,5b8192d8c990191389a3d6dcae19bfd2a2136cd9e24eceed64bdb4fa859d51b5,umodel_468e482f3d871493a887,8660ce48a1c8baae6d1ec6eb9dcf77ee4ff9ff35220bead4402896e45877eafc,1025f74909b9594efd388980687dedb81fef72652561eceb2dea72348f5d6838,OOF_GROUP_PURGED_VALIDATION_MODEL,pg_8fa38152fbe8956b86_n0000,pg_8fa38152fbe8956b86_n0003,0,-1,-1,"[0.0,0.0,0.0]","[0.25,0.75,0.75]","[0.25,-0.25,-0.25]","[2.91492938995,-2.91492938995,-2.91492938995]","[[11.6597175598,0.0,0.0],[0.0,11.6597175598,0.0],[0.0,0.0,11.6597175598]]",5.0488058038691523,distance_enumeration_from_raw_structure,0,0,{},,5.2161106934456818,species_reported_hop_q0.950_n88,0,1,stored_edge_orientation,Tb16 Mg7 Se32,Tb16Mg7Se32,Mg,664b17871cb4c67827018934627c198331671e2fd888a9fbece845347f746754,44b9895ef219b860e124cc3e7d6ac024089fe9756b57933b4a85fa716c77585f,0,NONCRITICAL_ZERO_SCREENED,False,[],False,0,3D,3D,0,0,0,False,False,False,fsig_b36790aaf68f179a6fe7,0,,3,1.2536760833333331,1.9570458208473425,ExtraTrees,fullmodel_253436d2d0be9f4a0e03,7f2cdf24e8baf50094c9eee85d5aabef357e1695572278cd624b47f0d1d88ba3,FULL_MODEL_PROSPECTIVE_ONLY_SOURCE_MATERIAL_SEEN,0,OOF_GROUP_PURGED_NETWORK_AND_INTERVAL_SOURCE,DIAGNOSTIC_NOT_A_CALIBRATED_INTERVAL,1,,0,0,0,0,0,0,,0,,0,,0,2,0,1,FULL_STRICT_X_ONLY_BALANCED_PCA_FARTHEST_FIRST_GRAPH_ROUND_ROBIN,19,diversity-selected candidate,0,PROSPECTIVE_NEB_CANDIDATE_NOT_YET_CALCULATED,OOF_INTERVAL_AND_NETWORK_PLUS_FULL_MODEL_PROSPECTIVE_POINT
edge_0ae39f3b252fa2f71ad453,pg_8fa38152fbe8956b86,Tb16Mg7Se32|Mg,em_complete_0001_jid_1,em_complete_0001_jid_1,Mg,0.34819916666666628,-0.027458333333333695,0,0.72385666666666626,0.75131499999999996,-0.23002941666666687,0,0.92642774999999944,1.1564571666666663,0.012491638286603303,AVAILABLE_DIAGNOSTIC_NOT_CALIBRATED_INTERVAL,2.1607066499177967,0.85136217948717952,0.14863782051282048,0,0,Tb16Mg7S32|Mg;Dy16Mg7Se32|Mg;Pm16Mg7Se32|Mg;Er16Mg7Se32|Mg;Sm16Mg7Se32|Mg,LABEL_CALIBRATED_TRANSFER_REQUIRES_EDGE_EXCHANGEABILITY_OOD_WARNING,0,leave_formula_plus_migrating_species_out,OOF_GROUP_PURGED_PERIODIC_NETWORK,2,ExtraTrees,1972499985,302,69,97,5b8192d8c990191389a3d6dcae19bfd2a2136cd9e24eceed64bdb4fa859d51b5,umodel_468e482f3d871493a887,8660ce48a1c8baae6d1ec6eb9dcf77ee4ff9ff35220bead4402896e45877eafc,1025f74909b9594efd388980687dedb81fef72652561eceb2dea72348f5d6838,OOF_GROUP_PURGED_VALIDATION_MODEL,pg_8fa38152fbe8956b86_n0002,pg_8fa38152fbe8956b86_n0005,0,0,0,"[0.25,0.25,0.25]","[0.5,0.5,0.0]","[0.25,0.25,-0.25]","[2.91492938995,2.91492938995,-2.91492938995]","[[11.6597175598,0.0,0.0],[0.0,11.6597175598,0.0],[0.0,0.0,11.6597175598]]",5.0488058038691523,distance_enumeration_from_raw_structure,0,0,{},,5.2161106934456818,species_reported_hop_q0.950_n88,0,1,stored_edge_orientation,Tb16 Mg7 Se32,Tb16Mg7Se32,Mg,664b17871cb4c67827018934627c198331671e2fd888a9fbece845347f746754,44b9895ef219b860e124cc3e7d6ac024089fe9756b57933b4a85fa716c77585f,0,NONCRITICAL_ZERO_SCREENED,False,[],False,0,3D,3D,0,0,0,False,False,False,fsig_3de1df6400e7c21dda87,0,,1,0.34685833333333377,0.0040680240221076091,ExtraTrees,fullmodel_253436d2d0be9f4a0e03,7f2cdf24e8baf50094c9eee85d5aabef357e1695572278cd624b47f0d1d88ba3,FULL_MODEL_PROSPECTIVE_ONLY_SOURCE_MATERIAL_SEEN,0,OOF_GROUP_PURGED_NETWORK_AND_INTERVAL_SOURCE,DIAGNOSTIC_NOT_A_CALIBRATED_INTERVAL,1,,0,0,0,0,0,0,1,1,,0,,0,,0,1,FULL_STRICT_X_ONLY_BALANCED_PCA_FARTHEST_FIRST_GRAPH_ROUND_ROBIN,19,likely low barrier;diversity-selected candidate,0,PROSPECTIVE_NEB_CANDIDATE_NOT_YET_CALCULATED,OOF_INTERVAL_AND_NETWORK_PLUS_FULL_MODEL_PROSPECTIVE_POINT
edge_d40b4ade62413c75e2af0b,pg_8fa38152fbe8956b86,Tb16Mg7Se32|Mg,em_complete_0001_jid_1,em_complete_0001_jid_1,Mg,0.34840749999999965,-0.02725000000000033,0,0.72406499999999963,0.75131499999999996,-0.22982108333333351,0,0.92663608333333281,1.1564571666666663,0.012366090479613999,AVAILABLE_DIAGNOSTIC_NOT_CALIBRATED_INTERVAL,2.2145807594812896,0.86338141025641013,0.13661858974358987,0,0,Tb16Mg7S32|Mg;Er16Mg7Se32|Mg;Sm16Mg7Se32|Mg;Dy16Mg7Se32|Mg;Pm16Mg7Se32|Mg,LABEL_CALIBRATED_TRANSFER_REQUIRES_EDGE_EXCHANGEABILITY_OOD_WARNING,0,leave_formula_plus_migrating_species_out,OOF_GROUP_PURGED_PERIODIC_NETWORK,2,ExtraTrees,1972499985,302,69,97,5b8192d8c990191389a3d6dcae19bfd2a2136cd9e24eceed64bdb4fa859d51b5,umodel_468e482f3d871493a887,8660ce48a1c8baae6d1ec6eb9dcf77ee4ff9ff35220bead4402896e45877eafc,1025f74909b9594efd388980687dedb81fef72652561eceb2dea72348f5d6838,OOF_GROUP_PURGED_VALIDATION_MODEL,pg_8fa38152fbe8956b86_n0005,pg_8fa38152fbe8956b86_n0007,0,0,0,"[0.5,0.5,0.0]","[0.75,0.75,0.25]","[0.25,0.25,0.25]","[2.91492938995,2.91492938995,2.91492938995]","[[11.6597175598,0.0,0.0],[0.0,11.6597175598,0.0],[0.0,0.0,11.6597175598]]",5.0488058038691523,distance_enumeration_from_raw_structure,0,0,{},,5.2161106934456818,species_reported_hop_q0.950_n88,0,1,reversed_to_occupied_start,Tb16 Mg7 Se32,Tb16Mg7Se32,Mg,664b17871cb4c67827018934627c198331671e2fd888a9fbece845347f746754,44b9895ef219b860e124cc3e7d6ac024089fe9756b57933b4a85fa716c77585f,0,NONCRITICAL_ZERO_SCREENED,False,[],False,0,3D,3D,0,0,0,False,False,False,fsig_0b3d5c52e2f7e0b88902,0,,1,0.34671250000000042,0.0040127552705231358,ExtraTrees,fullmodel_253436d2d0be9f4a0e03,7f2cdf24e8baf50094c9eee85d5aabef357e1695572278cd624b47f0d1d88ba3,FULL_MODEL_PROSPECTIVE_ONLY_SOURCE_MATERIAL_SEEN,0,OOF_GROUP_PURGED_NETWORK_AND_INTERVAL_SOURCE,DIAGNOSTIC_NOT_A_CALIBRATED_INTERVAL,1,,0,0,0,0,0,0,1,1,,0,,0,,0,1,FULL_STRICT_X_ONLY_BALANCED_PCA_FARTHEST_FIRST_GRAPH_ROUND_ROBIN,19,likely low barrier;diversity-selected candidate,0,PROSPECTIVE_NEB_CANDIDATE_NOT_YET_CALCULATED,OOF_INTERVAL_AND_NETWORK_PLUS_FULL_MODEL_PROSPECTIVE_POINT
edge_1453733c30864d7a86b3f0,pg_f8fcda589b7022b756,Ca7Cu16S16|Ca,em_complete_0212_jid_212;em_complete_0345_jid_345,em_complete_0212_jid_212,Ca,1.6096341666666663,1.0866459999999996,1.0866459999999996,2.132622333333333,1.0459763333333334,0.86945833333333311,0.86945833333333311,2.3498099999999993,1.4803516666666661,1.5970284706376037,AVAILABLE_DIAGNOSTIC_NOT_CALIBRATED_INTERVAL,28.556728838957806,1,0,1,1,Mg15Cu16Si16O64|Mg;Mg15Si16Ni16O64|Mg;Mg15Co16Si16O64|Mg;Mg15V16Si16O64|Mg;Mg15Mn16Si16O64|Mg,LABEL_CALIBRATED_TRANSFER_REQUIRES_EDGE_EXCHANGEABILITY_OOD_WARNING,0,leave_formula_plus_migrating_species_out,OOF_GROUP_PURGED_PERIODIC_NETWORK,3,ExtraTrees,2053424452,295,67,106,db7d0784c3bcd87124d0975ae816a534e7d0e553802a166f57f102fa54966c74,umodel_b5b9ce218a11ac67fd38,28802113fc760eecb0383db00444296132b8a063bf4bd92a0f98167717e3e28e,1025f74909b9594efd388980687dedb81fef72652561eceb2dea72348f5d6838,OOF_GROUP_PURGED_VALIDATION_MODEL,pg_f8fcda589b7022b756_n0001,pg_f8fcda589b7022b756_n0003,0,0,0,"[0.0,0.0,0.5]","[0.0,0.5,0.5]","[0.0,0.5,0.0]","[-1.9699999999999989,3.4121400909106887,2e-16]","[[7.88,0.0,5e-16],[-3.9399999999999977,6.824280181821377,4e-16],[0.0,0.0,13.046]]",3.9399999999999999,distance_enumeration_from_raw_structure,0,0,{},,5.3420449706571986,species_reported_hop_q0.950_n72,0,1,stored_edge_orientation,Ca7 Cu16 S16,Ca7Cu16S16,Ca,d8508813b7b88245a524913e44174e3ffb624740047e6b652f11b4125e319850,25eae621c874f9e02bb6365621e0685a814fb5d344085237e3656d47cc79e06c,0,NONCRITICAL_ZERO_SCREENED,False,[],False,0,2D,2D,0,0,,False,False,False,fsig_ee4290b27981009e1a05,0,,6,2.0627201666666664,1.4029328243170029,ExtraTrees,fullmodel_253436d2d0be9f4a0e03,7f2cdf24e8baf50094c9eee85d5aabef357e1695572278cd624b47f0d1d88ba3,FULL_MODEL_PROSPECTIVE_ONLY_SOURCE_MATERIAL_SEEN,0,OOF_GROUP_PURGED_NETWORK_AND_INTERVAL_SOURCE,DIAGNOSTIC_NOT_A_CALIBRATED_INTERVAL,1,,0,0,0,0,0,0,,0,,0,,0,1,1,0,FULL_STRICT_X_ONLY_BALANCED_PCA_FARTHEST_FIRST_GRAPH_ROUND_ROBIN,19,OOD warning,0,PROSPECTIVE_NEB_CANDIDATE_NOT_YET_CALCULATED,OOF_INTERVAL_AND_NETWORK_PLUS_FULL_MODEL_PROSPECTIVE_POINT
edge_60332711dad25fd61776a6,pg_f8fcda589b7022b756,Ca7Cu16S16|Ca,em_complete_0212_jid_212;em_complete_0345_jid_345,em_complete_0212_jid_212,Ca,1.6096341666666663,1.0866459999999996,1.0866459999999996,2.132622333333333,1.0459763333333334,0.86945833333333311,0.86945833333333311,2.3498099999999993,1.4803516666666661,1.5970284706376037,AVAILABLE_DIAGNOSTIC_NOT_CALIBRATED_INTERVAL,28.556728838957806,1,0,1,1,Mg15Cu16Si16O64|Mg;Mg15Si16Ni16O64|Mg;Mg15Co16Si16O64|Mg;Mg15V16Si16O64|Mg;Mg15Mn16Si16O64|Mg,LABEL_CALIBRATED_TRANSFER_REQUIRES_EDGE_EXCHANGEABILITY_OOD_WARNING,0,leave_formula_plus_migrating_species_out,OOF_GROUP_PURGED_PERIODIC_NETWORK,3,ExtraTrees,2053424452,295,67,106,db7d0784c3bcd87124d0975ae816a534e7d0e553802a166f57f102fa54966c74,umodel_b5b9ce218a11ac67fd38,28802113fc760eecb0383db00444296132b8a063bf4bd92a0f98167717e3e28e,1025f74909b9594efd388980687dedb81fef72652561eceb2dea72348f5d6838,OOF_GROUP_PURGED_VALIDATION_MODEL,pg_f8fcda589b7022b756_n0001,pg_f8fcda589b7022b756_n0005,-1,0,0,"[0.0,0.0,0.5]","[0.4999999999999998,0.0,0.5]","[-0.5000000000000002,0.0,0.0]","[-3.9400000000000017,0.0,-2.500000000000001e-16]","[[7.88,0.0,5e-16],[-3.9399999999999977,6.824280181821377,4e-16],[0.0,0.0,13.046]]",3.9400000000000017,distance_enumeration_from_raw_structure,0,0,{},,5.3420449706571986,species_reported_hop_q0.950_n72,0,1,stored_edge_orientation,Ca7 Cu16 S16,Ca7Cu16S16,Ca,d8508813b7b88245a524913e44174e3ffb624740047e6b652f11b4125e319850,25eae621c874f9e02bb6365621e0685a814fb5d344085237e3656d47cc79e06c,0,NONCRITICAL_ZERO_SCREENED,False,[],False,0,2D,2D,0,0,,False,False,False,fsig_ee4290b27981009e1a05,0,,6,2.0627201666666664,1.4029328243170029,ExtraTrees,fullmodel_253436d2d0be9f4a0e03,7f2cdf24e8baf50094c9eee85d5aabef357e1695572278cd624b47f0d1d88ba3,FULL_MODEL_PROSPECTIVE_ONLY_SOURCE_MATERIAL_SEEN,0,OOF_GROUP_PURGED_NETWORK_AND_INTERVAL_SOURCE,DIAGNOSTIC_NOT_A_CALIBRATED_INTERVAL,1,,0,0,0,0,0,0,,0,,0,,0,1,1,0,FULL_STRICT_X_ONLY_BALANCED_PCA_FARTHEST_FIRST_GRAPH_ROUND_ROBIN,19,OOD warning,0,PROSPECTIVE_NEB_CANDIDATE_NOT_YET_CALCULATED,OOF_INTERVAL_AND_NETWORK_PLUS_FULL_MODEL_PROSPECTIVE_POINT
edge_70e8aca062b49a623c57a5,pg_f8fcda589b7022b756,Ca7Cu16S16|Ca,em_complete_0212_jid_212;em_complete_0345_jid_345,em_complete_0212_jid_212,Ca,1.6096341666666663,1.0866459999999996,1.0866459999999996,2.132622333333333,1.0459763333333334,0.86945833333333311,0.86945833333333311,2.3498099999999993,1.4803516666666661,1.5970284706376037,AVAILABLE_DIAGNOSTIC_NOT_CALIBRATED_INTERVAL,28.556728838957806,1,0,1,1,Mg15Cu16Si16O64|Mg;Mg15Si16Ni16O64|Mg;Mg15Co16Si16O64|Mg;Mg15V16Si16O64|Mg;Mg15Mn16Si16O64|Mg,LABEL_CALIBRATED_TRANSFER_REQUIRES_EDGE_EXCHANGEABILITY_OOD_WARNING,0,leave_formula_plus_migrating_species_out,OOF_GROUP_PURGED_PERIODIC_NETWORK,3,ExtraTrees,2053424452,295,67,106,db7d0784c3bcd87124d0975ae816a534e7d0e553802a166f57f102fa54966c74,umodel_b5b9ce218a11ac67fd38,28802113fc760eecb0383db00444296132b8a063bf4bd92a0f98167717e3e28e,1025f74909b9594efd388980687dedb81fef72652561eceb2dea72348f5d6838,OOF_GROUP_PURGED_VALIDATION_MODEL,pg_f8fcda589b7022b756_n0001,pg_f8fcda589b7022b756_n0005,0,0,0,"[0.0,0.0,0.5]","[0.4999999999999998,0.0,0.5]","[0.4999999999999998,0.0,0.0]","[3.939999999999998,0.0,2.499999999999999e-16]","[[7.88,0.0,5e-16],[-3.9399999999999977,6.824280181821377,4e-16],[0.0,0.0,13.046]]",3.9399999999999982,distance_enumeration_from_raw_structure,0,0,{},,5.3420449706571986,species_reported_hop_q0.950_n72,0,1,stored_edge_orientation,Ca7 Cu16 S16,Ca7Cu16S16,Ca,d8508813b7b88245a524913e44174e3ffb624740047e6b652f11b4125e319850,25eae621c874f9e02bb6365621e0685a814fb5d344085237e3656d47cc79e06c,0,NONCRITICAL_ZERO_SCREENED,False,[],False,0,2D,2D,0,0,,False,False,False,fsig_ee4290b27981009e1a05,0,,6,2.0627201666666664,1.4029328243170029,ExtraTrees,fullmodel_253436d2d0be9f4a0e03,7f2cdf24e8baf50094c9eee85d5aabef357e1695572278cd624b47f0d1d88ba3,FULL_MODEL_PROSPECTIVE_ONLY_SOURCE_MATERIAL_SEEN,0,OOF_GROUP_PURGED_NETWORK_AND_INTERVAL_SOURCE,DIAGNOSTIC_NOT_A_CALIBRATED_INTERVAL,1,,0,0,0,0,0,0,,0,,0,,0,1,1,0,FULL_STRICT_X_ONLY_BALANCED_PCA_FARTHEST_FIRST_GRAPH_ROUND_ROBIN,19,OOD warning,0,PROSPECTIVE_NEB_CANDIDATE_NOT_YET_CALCULATED,OOF_INTERVAL_AND_NETWORK_PLUS_FULL_MODEL_PROSPECTIVE_POINT
edge_8c63e4fe138905ebd18278,pg_f8fcda589b7022b756,Ca7Cu16S16|Ca,em_complete_0212_jid_212;em_complete_0345_jid_345,em_complete_0212_jid_212,Ca,1.6096341666666663,1.0866459999999996,1.0866459999999996,2.132622333333333,1.0459763333333334,0.86945833333333311,0.86945833333333311,2.3498099999999993,1.4803516666666661,1.5970284706376037,AVAILABLE_DIAGNOSTIC_NOT_CALIBRATED_INTERVAL,28.556728838957806,1,0,1,1,Mg15Cu16Si16O64|Mg;Mg15Si16Ni16O64|Mg;Mg15Co16Si16O64|Mg;Mg15V16Si16O64|Mg;Mg15Mn16Si16O64|Mg,LABEL_CALIBRATED_TRANSFER_REQUIRES_EDGE_EXCHANGEABILITY_OOD_WARNING,0,leave_formula_plus_migrating_species_out,OOF_GROUP_PURGED_PERIODIC_NETWORK,3,ExtraTrees,2053424452,295,67,106,db7d0784c3bcd87124d0975ae816a534e7d0e553802a166f57f102fa54966c74,umodel_b5b9ce218a11ac67fd38,28802113fc760eecb0383db00444296132b8a063bf4bd92a0f98167717e3e28e,1025f74909b9594efd388980687dedb81fef72652561eceb2dea72348f5d6838,OOF_GROUP_PURGED_VALIDATION_MODEL,pg_f8fcda589b7022b756_n0003,pg_f8fcda589b7022b756_n0005,-1,0,0,"[0.0,0.5,0.5]","[0.4999999999999998,0.0,0.5]","[-0.5000000000000002,-0.5,0.0]","[-1.9700000000000029,-3.4121400909106887,-4.500000000000001e-16]","[[7.88,0.0,5e-16],[-3.9399999999999977,6.824280181821377,4e-16],[0.0,0.0,13.046]]",3.9400000000000017,distance_enumeration_from_raw_structure,0,0,{},,5.3420449706571986,species_reported_hop_q0.950_n72,0,1,stored_edge_orientation,Ca7 Cu16 S16,Ca7Cu16S16,Ca,d8508813b7b88245a524913e44174e3ffb624740047e6b652f11b4125e319850,25eae621c874f9e02bb6365621e0685a814fb5d344085237e3656d47cc79e06c,0,NONCRITICAL_ZERO_SCREENED,False,[],False,0,2D,2D,0,0,,False,False,False,fsig_ee4290b27981009e1a05,0,,6,2.0627201666666664,1.4029328243170029,ExtraTrees,fullmodel_253436d2d0be9f4a0e03,7f2cdf24e8baf50094c9eee85d5aabef357e1695572278cd624b47f0d1d88ba3,FULL_MODEL_PROSPECTIVE_ONLY_SOURCE_MATERIAL_SEEN,0,OOF_GROUP_PURGED_NETWORK_AND_INTERVAL_SOURCE,DIAGNOSTIC_NOT_A_CALIBRATED_INTERVAL,1,,0,0,0,0,0,0,,0,,0,,0,1,1,0,FULL_STRICT_X_ONLY_BALANCED_PCA_FARTHEST_FIRST_GRAPH_ROUND_ROBIN,19,OOD warning,0,PROSPECTIVE_NEB_CANDIDATE_NOT_YET_CALCULATED,OOF_INTERVAL_AND_NETWORK_PLUS_FULL_MODEL_PROSPECTIVE_POINT
edge_cfd4e01bef180dca235a77,pg_f8fcda589b7022b756,Ca7Cu16S16|Ca,em_complete_0212_jid_212;em_complete_0345_jid_345,em_complete_0212_jid_212,Ca,1.6096341666666663,1.0866459999999996,1.0866459999999996,2.132622333333333,1.0459763333333334,0.86945833333333311,0.86945833333333311,2.3498099999999993,1.4803516666666661,1.5970284706376037,AVAILABLE_DIAGNOSTIC_NOT_CALIBRATED_INTERVAL,28.556728838957806,1,0,1,1,Mg15Cu16Si16O64|Mg;Mg15Si16Ni16O64|Mg;Mg15Co16Si16O64|Mg;Mg15V16Si16O64|Mg;Mg15Mn16Si16O64|Mg,LABEL_CALIBRATED_TRANSFER_REQUIRES_EDGE_EXCHANGEABILITY_OOD_WARNING,0,leave_formula_plus_migrating_species_out,OOF_GROUP_PURGED_PERIODIC_NETWORK,3,ExtraTrees,2053424452,295,67,106,db7d0784c3bcd87124d0975ae816a534e7d0e553802a166f57f102fa54966c74,umodel_b5b9ce218a11ac67fd38,28802113fc760eecb0383db00444296132b8a063bf4bd92a0f98167717e3e28e,1025f74909b9594efd388980687dedb81fef72652561eceb2dea72348f5d6838,OOF_GROUP_PURGED_VALIDATION_MODEL,pg_f8fcda589b7022b756_n0003,pg_f8fcda589b7022b756_n0005,0,1,0,"[0.0,0.5,0.5]","[0.4999999999999998,0.0,0.5]","[0.4999999999999998,0.5,0.0]","[1.9699999999999993,3.4121400909106887,4.499999999999999e-16]","[[7.88,0.0,5e-16],[-3.9399999999999977,6.824280181821377,4e-16],[0.0,0.0,13.046]]",3.9399999999999999,distance_enumeration_from_raw_structure,0,0,{},,5.3420449706571986,species_reported_hop_q0.950_n72,0,1,stored_edge_orientation,Ca7 Cu16 S16,Ca7Cu16S16,Ca,d8508813b7b88245a524913e44174e3ffb624740047e6b652f11b4125e319850,25eae621c874f9e02bb6365621e0685a814fb5d344085237e3656d47cc79e06c,0,NONCRITICAL_ZERO_SCREENED,False,[],False,0,2D,2D,0,0,,False,False,False,fsig_ee4290b27981009e1a05,0,,6,2.0627201666666664,1.4029328243170029,ExtraTrees,fullmodel_253436d2d0be9f4a0e03,7f2cdf24e8baf50094c9eee85d5aabef357e1695572278cd624b47f0d1d88ba3,FULL_MODEL_PROSPECTIVE_ONLY_SOURCE_MATERIAL_SEEN,0,OOF_GROUP_PURGED_NETWORK_AND_INTERVAL_SOURCE,DIAGNOSTIC_NOT_A_CALIBRATED_INTERVAL,1,,0,0,0,0,0,0,,0,,0,,0,1,1,0,FULL_STRICT_X_ONLY_BALANCED_PCA_FARTHEST_FIRST_GRAPH_ROUND_ROBIN,19,OOD warning,0,PROSPECTIVE_NEB_CANDIDATE_NOT_YET_CALCULATED,OOF_INTERVAL_AND_NETWORK_PLUS_FULL_MODEL_PROSPECTIVE_POINT
edge_052bcfdeafcd1cd1ff1323,pg_f8fcda589b7022b756,Ca7Cu16S16|Ca,em_complete_0212_jid_212;em_complete_0345_jid_345,em_complete_0212_jid_212,Ca,1.6096341666666663,1.0866459999999996,1.0866459999999996,2.132622333333333,1.0459763333333334,0.86945833333333311,0.86945833333333311,2.3498099999999993,1.4803516666666661,1.5970284706376037,AVAILABLE_DIAGNOSTIC_NOT_CALIBRATED_INTERVAL,28.556728838957806,1,0,1,1,Mg15Cu16Si16O64|Mg;Mg15Si16Ni16O64|Mg;Mg15Co16Si16O64|Mg;Mg15V16Si16O64|Mg;Mg15Mn16Si16O64|Mg,LABEL_CALIBRATED_TRANSFER_REQUIRES_EDGE_EXCHANGEABILITY_OOD_WARNING,0,leave_formula_plus_migrating_species_out,OOF_GROUP_PURGED_PERIODIC_NETWORK,3,ExtraTrees,2053424452,295,67,106,db7d0784c3bcd87124d0975ae816a534e7d0e553802a166f57f102fa54966c74,umodel_b5b9ce218a11ac67fd38,28802113fc760eecb0383db00444296132b8a063bf4bd92a0f98167717e3e28e,1025f74909b9594efd388980687dedb81fef72652561eceb2dea72348f5d6838,OOF_GROUP_PURGED_VALIDATION_MODEL,pg_f8fcda589b7022b756_n0001,pg_f8fcda589b7022b756_n0003,0,-1,0,"[0.0,0.0,0.5]","[0.0,0.5,0.5]","[0.0,-0.5,0.0]","[1.9699999999999989,-3.4121400909106887,-2e-16]","[[7.88,0.0,5e-16],[-3.9399999999999977,6.824280181821377,4e-16],[0.0,0.0,13.046]]",3.9399999999999999,distance_enumeration_from_raw_structure,0,0,{},,5.3420449706571986,species_reported_hop_q0.950_n72,0,1,stored_edge_orientation,Ca7 Cu16 S16,Ca7Cu16S16,Ca,d8508813b7b88245a524913e44174e3ffb624740047e6b652f11b4125e319850,25eae621c874f9e02bb6365621e0685a814fb5d344085237e3656d47cc79e06c,0,NONCRITICAL_ZERO_SCREENED,False,[],False,0,2D,2D,0,0,,False,False,False,fsig_ee4290b27981009e1a05,0,,6,2.0627201666666664,1.4029328243170029,ExtraTrees,fullmodel_253436d2d0be9f4a0e03,7f2cdf24e8baf50094c9eee85d5aabef357e1695572278cd624b47f0d1d88ba3,FULL_MODEL_PROSPECTIVE_ONLY_SOURCE_MATERIAL_SEEN,0,OOF_GROUP_PURGED_NETWORK_AND_INTERVAL_SOURCE,DIAGNOSTIC_NOT_A_CALIBRATED_INTERVAL,1,,0,0,0,0,0,0,,0,,0,,0,1,1,1,FULL_STRICT_X_ONLY_BALANCED_PCA_FARTHEST_FIRST_GRAPH_ROUND_ROBIN,19,OOD warning;diversity-selected candidate,0,PROSPECTIVE_NEB_CANDIDATE_NOT_YET_CALCULATED,OOF_INTERVAL_AND_NETWORK_PLUS_FULL_MODEL_PROSPECTIVE_POINT
edge_2bd24ed51051fb15bc450f,pg_f8fcda589b7022b756,Ca7Cu16S16|Ca,em_complete_0212_jid_212;em_complete_0345_jid_345,em_complete_0212_jid_212,Ca,1.5989091666666664,1.0759209999999997,1.0759209999999997,2.1218973333333331,1.0459763333333334,0.85873333333333324,0.85873333333333324,2.3390849999999994,1.4803516666666661,1.5968191626721802,AVAILABLE_DIAGNOSTIC_NOT_CALIBRATED_INTERVAL,28.556649102839053,1,0,1,1,Mg15Cu16Si16O64|Mg;Mg15Si16Ni16O64|Mg;Mg15Co16Si16O64|Mg;Mg15V16Si16O64|Mg;Mg15Mn16Si16O64|Mg,LABEL_CALIBRATED_TRANSFER_REQUIRES_EDGE_EXCHANGEABILITY_OOD_WARNING,0,leave_formula_plus_migrating_species_out,OOF_GROUP_PURGED_PERIODIC_NETWORK,3,ExtraTrees,2053424452,295,67,106,db7d0784c3bcd87124d0975ae816a534e7d0e553802a166f57f102fa54966c74,umodel_b5b9ce218a11ac67fd38,28802113fc760eecb0383db00444296132b8a063bf4bd92a0f98167717e3e28e,1025f74909b9594efd388980687dedb81fef72652561eceb2dea72348f5d6838,OOF_GROUP_PURGED_VALIDATION_MODEL,pg_f8fcda589b7022b756_n0002,pg_f8fcda589b7022b756_n0006,-1,0,0,"[0.0,0.5,0.0]","[0.4999999999999998,0.5,0.0]","[-0.5000000000000002,0.0,0.0]","[-3.9400000000000017,0.0,-2.500000000000001e-16]","[[7.88,0.0,5e-16],[-3.9399999999999977,6.824280181821377,4e-16],[0.0,0.0,13.046]]",3.9400000000000017,distance_enumeration_from_raw_structure,0,0,{},,5.3420449706571986,species_reported_hop_q0.950_n72,0,1,stored_edge_orientation,Ca7 Cu16 S16,Ca7Cu16S16,Ca,d8508813b7b88245a524913e44174e3ffb624740047e6b652f11b4125e319850,25eae621c874f9e02bb6365621e0685a814fb5d344085237e3656d47cc79e06c,0,NONCRITICAL_ZERO_SCREENED,False,[],False,0,2D,2D,0,0,,False,False,False,fsig_95766027ab7f38a75a0f,0,,6,2.059105166666666,1.3945774604252295,ExtraTrees,fullmodel_253436d2d0be9f4a0e03,7f2cdf24e8baf50094c9eee85d5aabef357e1695572278cd624b47f0d1d88ba3,FULL_MODEL_PROSPECTIVE_ONLY_SOURCE_MATERIAL_SEEN,0,OOF_GROUP_PURGED_NETWORK_AND_INTERVAL_SOURCE,DIAGNOSTIC_NOT_A_CALIBRATED_INTERVAL,1,,0,0,0,0,0,0,,0,,0,,0,2,0,1,FULL_STRICT_X_ONLY_BALANCED_PCA_FARTHEST_FIRST_GRAPH_ROUND_ROBIN,19,diversity-selected candidate,0,PROSPECTIVE_NEB_CANDIDATE_NOT_YET_CALCULATED,OOF_INTERVAL_AND_NETWORK_PLUS_FULL_MODEL_PROSPECTIVE_POINT
edge_39517425586c6d684c25ef,pg_f8fcda589b7022b756,Ca7Cu16S16|Ca,em_complete_0212_jid_212;em_complete_0345_jid_345,em_complete_0212_jid_212,Ca,1.5989091666666664,1.0759209999999997,1.0759209999999997,2.1218973333333331,1.0459763333333334,0.85873333333333324,0.85873333333333324,2.3390849999999994,1.4803516666666661,1.5968191626721802,AVAILABLE_DIAGNOSTIC_NOT_CALIBRATED_INTERVAL,28.556658465526461,1,0,1,1,Mg15Cu16Si16O64|Mg;Mg15Si16Ni16O64|Mg;Mg15Co16Si16O64|Mg;Mg15V16Si16O64|Mg;Mg15Mn16Si16O64|Mg,LABEL_CALIBRATED_TRANSFER_REQUIRES_EDGE_EXCHANGEABILITY_OOD_WARNING,0,leave_formula_plus_migrating_species_out,OOF_GROUP_PURGED_PERIODIC_NETWORK,3,ExtraTrees,2053424452,295,67,106,db7d0784c3bcd87124d0975ae816a534e7d0e553802a166f57f102fa54966c74,umodel_b5b9ce218a11ac67fd38,28802113fc760eecb0383db00444296132b8a063bf4bd92a0f98167717e3e28e,1025f74909b9594efd388980687dedb81fef72652561eceb2dea72348f5d6838,OOF_GROUP_PURGED_VALIDATION_MODEL,pg_f8fcda589b7022b756_n0000,pg_f8fcda589b7022b756_n0002,0,-1,0,"[0.0,0.0,0.0]","[0.0,0.5,0.0]","[0.0,-0.5,0.0]","[1.9699999999999989,-3.4121400909106887,-2e-16]","[[7.88,0.0,5e-16],[-3.9399999999999977,6.824280181821377,4e-16],[0.0,0.0,13.046]]",3.9399999999999999,distance_enumeration_from_raw_structure,0,0,{},,5.3420449706571986,species_reported_hop_q0.950_n72,0,1,stored_edge_orientation,Ca7 Cu16 S16,Ca7Cu16S16,Ca,d8508813b7b88245a524913e44174e3ffb624740047e6b652f11b4125e319850,25eae621c874f9e02bb6365621e0685a814fb5d344085237e3656d47cc79e06c,0,NONCRITICAL_ZERO_SCREENED,False,[],False,0,2D,2D,0,0,,False,False,False,fsig_058976be8b115dcf6d8b,0,,6,2.059105166666666,1.3945774604252295,ExtraTrees,fullmodel_253436d2d0be9f4a0e03,7f2cdf24e8baf50094c9eee85d5aabef357e1695572278cd624b47f0d1d88ba3,FULL_MODEL_PROSPECTIVE_ONLY_SOURCE_MATERIAL_SEEN,0,OOF_GROUP_PURGED_NETWORK_AND_INTERVAL_SOURCE,DIAGNOSTIC_NOT_A_CALIBRATED_INTERVAL,1,,0,0,0,0,0,0,,0,,0,,0,2,0,1,FULL_STRICT_X_ONLY_BALANCED_PCA_FARTHEST_FIRST_GRAPH_ROUND_ROBIN,19,diversity-selected candidate,0,PROSPECTIVE_NEB_CANDIDATE_NOT_YET_CALCULATED,OOF_INTERVAL_AND_NETWORK_PLUS_FULL_MODEL_PROSPECTIVE_POINT
