edge_uid,graph_id,source_record_id,representative_structure_record_id,migrating_species,start_atom_match_distance_A,start_atom_removed_from_environment,feature_orientation,predicted_barrier_eV,model_id,model_pipeline_sha256,network_release_status
edge_00373185beb09048fe4e74,pg_4475ded0b1d689bcc3,em_complete_0043_jid_43;em_complete_0481_jid_481,em_complete_0043_jid_43,Li,0,1,stored_edge_orientation,1.16452166667,ExtraTrees,7f2cdf24e8baf50094c9eee85d5aabef357e1695572278cd624b47f0d1d88ba3,MODEL_AUDIT_REQUIRED_NOT_WRITTEN_BACK_TO_PERIODIC_GATE
edge_005437a256ad2954f466af,pg_20a00349bb6ec6a266,em_complete_0029_jid_29,em_complete_0029_jid_29,Na,0,1,stored_edge_orientation,0.511963583333,ExtraTrees,7f2cdf24e8baf50094c9eee85d5aabef357e1695572278cd624b47f0d1d88ba3,MODEL_AUDIT_REQUIRED_NOT_WRITTEN_BACK_TO_PERIODIC_GATE
edge_014d724092d56d13c446eb,pg_20a00349bb6ec6a266,em_complete_0029_jid_29,em_complete_0029_jid_29,Na,0,1,stored_edge_orientation,0.531298333333,ExtraTrees,7f2cdf24e8baf50094c9eee85d5aabef357e1695572278cd624b47f0d1d88ba3,MODEL_AUDIT_REQUIRED_NOT_WRITTEN_BACK_TO_PERIODIC_GATE
edge_01b589ffb954bb55a9419c,pg_4475ded0b1d689bcc3,em_complete_0043_jid_43;em_complete_0481_jid_481,em_complete_0043_jid_43,Li,0,1,stored_edge_orientation,1.22996833333,ExtraTrees,7f2cdf24e8baf50094c9eee85d5aabef357e1695572278cd624b47f0d1d88ba3,MODEL_AUDIT_REQUIRED_NOT_WRITTEN_BACK_TO_PERIODIC_GATE
edge_01c229c4104a3b317a7e57,pg_4475ded0b1d689bcc3,em_complete_0043_jid_43;em_complete_0481_jid_481,em_complete_0043_jid_43,Li,0,1,stored_edge_orientation,0.960718333333,ExtraTrees,7f2cdf24e8baf50094c9eee85d5aabef357e1695572278cd624b47f0d1d88ba3,MODEL_AUDIT_REQUIRED_NOT_WRITTEN_BACK_TO_PERIODIC_GATE
edge_01ce4bb839112075826d0e,pg_4475ded0b1d689bcc3,em_complete_0043_jid_43;em_complete_0481_jid_481,em_complete_0043_jid_43,Li,0,1,stored_edge_orientation,1.22996833333,ExtraTrees,7f2cdf24e8baf50094c9eee85d5aabef357e1695572278cd624b47f0d1d88ba3,MODEL_AUDIT_REQUIRED_NOT_WRITTEN_BACK_TO_PERIODIC_GATE
edge_01ef170ce42d92af56eb5f,pg_4475ded0b1d689bcc3,em_complete_0043_jid_43;em_complete_0481_jid_481,em_complete_0043_jid_43,Li,0,1,stored_edge_orientation,1.2466425,ExtraTrees,7f2cdf24e8baf50094c9eee85d5aabef357e1695572278cd624b47f0d1d88ba3,MODEL_AUDIT_REQUIRED_NOT_WRITTEN_BACK_TO_PERIODIC_GATE
edge_032dc0c447b114da25804b,pg_4475ded0b1d689bcc3,em_complete_0043_jid_43;em_complete_0481_jid_481,em_complete_0043_jid_43,Li,0,1,stored_edge_orientation,1.22264541667,ExtraTrees,7f2cdf24e8baf50094c9eee85d5aabef357e1695572278cd624b47f0d1d88ba3,MODEL_AUDIT_REQUIRED_NOT_WRITTEN_BACK_TO_PERIODIC_GATE
edge_0393b7d2f22b6f56339429,pg_4475ded0b1d689bcc3,em_complete_0043_jid_43;em_complete_0481_jid_481,em_complete_0043_jid_43,Li,0,1,stored_edge_orientation,1.23890708333,ExtraTrees,7f2cdf24e8baf50094c9eee85d5aabef357e1695572278cd624b47f0d1d88ba3,MODEL_AUDIT_REQUIRED_NOT_WRITTEN_BACK_TO_PERIODIC_GATE
edge_0478d9ab59b21f5555b424,pg_4475ded0b1d689bcc3,em_complete_0043_jid_43;em_complete_0481_jid_481,em_complete_0043_jid_43,Li,0,1,stored_edge_orientation,1.24623,ExtraTrees,7f2cdf24e8baf50094c9eee85d5aabef357e1695572278cd624b47f0d1d88ba3,MODEL_AUDIT_REQUIRED_NOT_WRITTEN_BACK_TO_PERIODIC_GATE
edge_048fefa48bcc690fb9c546,pg_4475ded0b1d689bcc3,em_complete_0043_jid_43;em_complete_0481_jid_481,em_complete_0043_jid_43,Li,0,1,stored_edge_orientation,1.06180308333,ExtraTrees,7f2cdf24e8baf50094c9eee85d5aabef357e1695572278cd624b47f0d1d88ba3,MODEL_AUDIT_REQUIRED_NOT_WRITTEN_BACK_TO_PERIODIC_GATE
edge_052bcfdeafcd1cd1ff1323,pg_f8fcda589b7022b756,em_complete_0212_jid_212;em_complete_0345_jid_345,em_complete_0212_jid_212,Ca,0,1,stored_edge_orientation,2.06272016667,ExtraTrees,7f2cdf24e8baf50094c9eee85d5aabef357e1695572278cd624b47f0d1d88ba3,MODEL_AUDIT_REQUIRED_NOT_WRITTEN_BACK_TO_PERIODIC_GATE
edge_054e139f1653e1eed948aa,pg_4475ded0b1d689bcc3,em_complete_0043_jid_43;em_complete_0481_jid_481,em_complete_0043_jid_43,Li,0,1,reversed_to_occupied_start,0.98659075,ExtraTrees,7f2cdf24e8baf50094c9eee85d5aabef357e1695572278cd624b47f0d1d88ba3,MODEL_AUDIT_REQUIRED_NOT_WRITTEN_BACK_TO_PERIODIC_GATE
edge_05edcec018e7582fa2a4d4,pg_4475ded0b1d689bcc3,em_complete_0043_jid_43;em_complete_0481_jid_481,em_complete_0043_jid_43,Li,0,1,stored_edge_orientation,1.06427475,ExtraTrees,7f2cdf24e8baf50094c9eee85d5aabef357e1695572278cd624b47f0d1d88ba3,MODEL_AUDIT_REQUIRED_NOT_WRITTEN_BACK_TO_PERIODIC_GATE
edge_06abd0a575b32310537400,pg_4475ded0b1d689bcc3,em_complete_0043_jid_43;em_complete_0481_jid_481,em_complete_0043_jid_43,Li,0,1,stored_edge_orientation,1.33980041667,ExtraTrees,7f2cdf24e8baf50094c9eee85d5aabef357e1695572278cd624b47f0d1d88ba3,MODEL_AUDIT_REQUIRED_NOT_WRITTEN_BACK_TO_PERIODIC_GATE
edge_072a47881502bb97150557,pg_4475ded0b1d689bcc3,em_complete_0043_jid_43;em_complete_0481_jid_481,em_complete_0043_jid_43,Li,0,1,stored_edge_orientation,1.16452166667,ExtraTrees,7f2cdf24e8baf50094c9eee85d5aabef357e1695572278cd624b47f0d1d88ba3,MODEL_AUDIT_REQUIRED_NOT_WRITTEN_BACK_TO_PERIODIC_GATE
edge_0859d4307466eae66691d2,pg_20a00349bb6ec6a266,em_complete_0029_jid_29,em_complete_0029_jid_29,Na,0,1,stored_edge_orientation,0.435891666667,ExtraTrees,7f2cdf24e8baf50094c9eee85d5aabef357e1695572278cd624b47f0d1d88ba3,MODEL_AUDIT_REQUIRED_NOT_WRITTEN_BACK_TO_PERIODIC_GATE
edge_089899e38a0dcba0a68503,pg_4475ded0b1d689bcc3,em_complete_0043_jid_43;em_complete_0481_jid_481,em_complete_0043_jid_43,Li,0,1,stored_edge_orientation,1.2466425,ExtraTrees,7f2cdf24e8baf50094c9eee85d5aabef357e1695572278cd624b47f0d1d88ba3,MODEL_AUDIT_REQUIRED_NOT_WRITTEN_BACK_TO_PERIODIC_GATE
edge_08a09b643986c24572fc81,pg_4475ded0b1d689bcc3,em_complete_0043_jid_43;em_complete_0481_jid_481,em_complete_0043_jid_43,Li,0,1,stored_edge_orientation,1.06525808333,ExtraTrees,7f2cdf24e8baf50094c9eee85d5aabef357e1695572278cd624b47f0d1d88ba3,MODEL_AUDIT_REQUIRED_NOT_WRITTEN_BACK_TO_PERIODIC_GATE
edge_08c4b7064f45472a2092f3,pg_20a00349bb6ec6a266,em_complete_0029_jid_29,em_complete_0029_jid_29,Na,0,1,stored_edge_orientation,0.509911916667,ExtraTrees,7f2cdf24e8baf50094c9eee85d5aabef357e1695572278cd624b47f0d1d88ba3,MODEL_AUDIT_REQUIRED_NOT_WRITTEN_BACK_TO_PERIODIC_GATE
edge_0a9bff8e29776929359809,pg_20a00349bb6ec6a266,em_complete_0029_jid_29,em_complete_0029_jid_29,Na,0,1,stored_edge_orientation,0.509911916667,ExtraTrees,7f2cdf24e8baf50094c9eee85d5aabef357e1695572278cd624b47f0d1d88ba3,MODEL_AUDIT_REQUIRED_NOT_WRITTEN_BACK_TO_PERIODIC_GATE
edge_0ae39f3b252fa2f71ad453,pg_8fa38152fbe8956b86,em_complete_0001_jid_1,em_complete_0001_jid_1,Mg,0,1,stored_edge_orientation,0.346858333333,ExtraTrees,7f2cdf24e8baf50094c9eee85d5aabef357e1695572278cd624b47f0d1d88ba3,MODEL_AUDIT_REQUIRED_NOT_WRITTEN_BACK_TO_PERIODIC_GATE
edge_0b1689f9f559edc67479af,pg_4475ded0b1d689bcc3,em_complete_0043_jid_43;em_complete_0481_jid_481,em_complete_0043_jid_43,Li,0,1,stored_edge_orientation,1.1631025,ExtraTrees,7f2cdf24e8baf50094c9eee85d5aabef357e1695572278cd624b47f0d1d88ba3,MODEL_AUDIT_REQUIRED_NOT_WRITTEN_BACK_TO_PERIODIC_GATE
edge_0b6bac6a274ea8be15f8fc,pg_4475ded0b1d689bcc3,em_complete_0043_jid_43;em_complete_0481_jid_481,em_complete_0043_jid_43,Li,0,1,stored_edge_orientation,1.18724683333,ExtraTrees,7f2cdf24e8baf50094c9eee85d5aabef357e1695572278cd624b47f0d1d88ba3,MODEL_AUDIT_REQUIRED_NOT_WRITTEN_BACK_TO_PERIODIC_GATE
edge_0c9e7aa1d55722984b31d3,pg_4475ded0b1d689bcc3,em_complete_0043_jid_43;em_complete_0481_jid_481,em_complete_0043_jid_43,Li,0,1,stored_edge_orientation,1.22264541667,ExtraTrees,7f2cdf24e8baf50094c9eee85d5aabef357e1695572278cd624b47f0d1d88ba3,MODEL_AUDIT_REQUIRED_NOT_WRITTEN_BACK_TO_PERIODIC_GATE
edge_0e777af3faed4a0f977e72,pg_20a00349bb6ec6a266,em_complete_0029_jid_29,em_complete_0029_jid_29,Na,0,1,stored_edge_orientation,0.535620833333,ExtraTrees,7f2cdf24e8baf50094c9eee85d5aabef357e1695572278cd624b47f0d1d88ba3,MODEL_AUDIT_REQUIRED_NOT_WRITTEN_BACK_TO_PERIODIC_GATE
edge_0eaa76445e7b260f218eed,pg_4475ded0b1d689bcc3,em_complete_0043_jid_43;em_complete_0481_jid_481,em_complete_0043_jid_43,Li,0,1,stored_edge_orientation,1.1631025,ExtraTrees,7f2cdf24e8baf50094c9eee85d5aabef357e1695572278cd624b47f0d1d88ba3,MODEL_AUDIT_REQUIRED_NOT_WRITTEN_BACK_TO_PERIODIC_GATE
edge_0ef74a3b7fe9964b483b10,pg_4475ded0b1d689bcc3,em_complete_0043_jid_43;em_complete_0481_jid_481,em_complete_0043_jid_43,Li,0,1,stored_edge_orientation,1.2466425,ExtraTrees,7f2cdf24e8baf50094c9eee85d5aabef357e1695572278cd624b47f0d1d88ba3,MODEL_AUDIT_REQUIRED_NOT_WRITTEN_BACK_TO_PERIODIC_GATE
edge_0fbb4843ba3c356994411e,pg_4475ded0b1d689bcc3,em_complete_0043_jid_43;em_complete_0481_jid_481,em_complete_0043_jid_43,Li,0,1,stored_edge_orientation,1.24623,ExtraTrees,7f2cdf24e8baf50094c9eee85d5aabef357e1695572278cd624b47f0d1d88ba3,MODEL_AUDIT_REQUIRED_NOT_WRITTEN_BACK_TO_PERIODIC_GATE
edge_0fecd365bb8f4528c9edee,pg_4475ded0b1d689bcc3,em_complete_0043_jid_43;em_complete_0481_jid_481,em_complete_0043_jid_43,Li,0,1,stored_edge_orientation,1.14762833333,ExtraTrees,7f2cdf24e8baf50094c9eee85d5aabef357e1695572278cd624b47f0d1d88ba3,MODEL_AUDIT_REQUIRED_NOT_WRITTEN_BACK_TO_PERIODIC_GATE
edge_1015089677819b297c4dde,pg_4475ded0b1d689bcc3,em_complete_0043_jid_43;em_complete_0481_jid_481,em_complete_0043_jid_43,Li,0,1,stored_edge_orientation,1.04979975,ExtraTrees,7f2cdf24e8baf50094c9eee85d5aabef357e1695572278cd624b47f0d1d88ba3,MODEL_AUDIT_REQUIRED_NOT_WRITTEN_BACK_TO_PERIODIC_GATE
edge_105071e697aece7a9fcf37,pg_4475ded0b1d689bcc3,em_complete_0043_jid_43;em_complete_0481_jid_481,em_complete_0043_jid_43,Li,0,1,stored_edge_orientation,1.24623,ExtraTrees,7f2cdf24e8baf50094c9eee85d5aabef357e1695572278cd624b47f0d1d88ba3,MODEL_AUDIT_REQUIRED_NOT_WRITTEN_BACK_TO_PERIODIC_GATE
edge_11250842803d0785974498,pg_4475ded0b1d689bcc3,em_complete_0043_jid_43;em_complete_0481_jid_481,em_complete_0043_jid_43,Li,0,1,stored_edge_orientation,0.399033666667,ExtraTrees,7f2cdf24e8baf50094c9eee85d5aabef357e1695572278cd624b47f0d1d88ba3,MODEL_AUDIT_REQUIRED_NOT_WRITTEN_BACK_TO_PERIODIC_GATE
edge_1145dadbe73d3240d9cf43,pg_4475ded0b1d689bcc3,em_complete_0043_jid_43;em_complete_0481_jid_481,em_complete_0043_jid_43,Li,0,1,stored_edge_orientation,1.2466425,ExtraTrees,7f2cdf24e8baf50094c9eee85d5aabef357e1695572278cd624b47f0d1d88ba3,MODEL_AUDIT_REQUIRED_NOT_WRITTEN_BACK_TO_PERIODIC_GATE
edge_1219fdf6df05ef37ad9b7a,pg_4475ded0b1d689bcc3,em_complete_0043_jid_43;em_complete_0481_jid_481,em_complete_0043_jid_43,Li,0,1,stored_edge_orientation,1.22264541667,ExtraTrees,7f2cdf24e8baf50094c9eee85d5aabef357e1695572278cd624b47f0d1d88ba3,MODEL_AUDIT_REQUIRED_NOT_WRITTEN_BACK_TO_PERIODIC_GATE
edge_1237a20547852fdb2428a3,pg_20a00349bb6ec6a266,em_complete_0029_jid_29,em_complete_0029_jid_29,Na,0,1,stored_edge_orientation,0.509911916667,ExtraTrees,7f2cdf24e8baf50094c9eee85d5aabef357e1695572278cd624b47f0d1d88ba3,MODEL_AUDIT_REQUIRED_NOT_WRITTEN_BACK_TO_PERIODIC_GATE
edge_13034a1fb6713c088bbe29,pg_4475ded0b1d689bcc3,em_complete_0043_jid_43;em_complete_0481_jid_481,em_complete_0043_jid_43,Li,0,1,stored_edge_orientation,1.14762833333,ExtraTrees,7f2cdf24e8baf50094c9eee85d5aabef357e1695572278cd624b47f0d1d88ba3,MODEL_AUDIT_REQUIRED_NOT_WRITTEN_BACK_TO_PERIODIC_GATE
edge_1311ef8c89adb3e87e8f80,pg_4475ded0b1d689bcc3,em_complete_0043_jid_43;em_complete_0481_jid_481,em_complete_0043_jid_43,Li,0,1,stored_edge_orientation,1.22996833333,ExtraTrees,7f2cdf24e8baf50094c9eee85d5aabef357e1695572278cd624b47f0d1d88ba3,MODEL_AUDIT_REQUIRED_NOT_WRITTEN_BACK_TO_PERIODIC_GATE
edge_134ccb71488d260e40b690,pg_4475ded0b1d689bcc3,em_complete_0043_jid_43;em_complete_0481_jid_481,em_complete_0043_jid_43,Li,0,1,stored_edge_orientation,1.24623,ExtraTrees,7f2cdf24e8baf50094c9eee85d5aabef357e1695572278cd624b47f0d1d88ba3,MODEL_AUDIT_REQUIRED_NOT_WRITTEN_BACK_TO_PERIODIC_GATE
edge_1368ac31ce5175f49f3b37,pg_4475ded0b1d689bcc3,em_complete_0043_jid_43;em_complete_0481_jid_481,em_complete_0043_jid_43,Li,0,1,stored_edge_orientation,1.14673583333,ExtraTrees,7f2cdf24e8baf50094c9eee85d5aabef357e1695572278cd624b47f0d1d88ba3,MODEL_AUDIT_REQUIRED_NOT_WRITTEN_BACK_TO_PERIODIC_GATE
edge_1390f83ab40f30cbe6525d,pg_4475ded0b1d689bcc3,em_complete_0043_jid_43;em_complete_0481_jid_481,em_complete_0043_jid_43,Li,0,1,stored_edge_orientation,1.18724683333,ExtraTrees,7f2cdf24e8baf50094c9eee85d5aabef357e1695572278cd624b47f0d1d88ba3,MODEL_AUDIT_REQUIRED_NOT_WRITTEN_BACK_TO_PERIODIC_GATE
edge_139716f019f673df0a8cdd,pg_20a00349bb6ec6a266,em_complete_0029_jid_29,em_complete_0029_jid_29,Na,0,1,stored_edge_orientation,0.511963583333,ExtraTrees,7f2cdf24e8baf50094c9eee85d5aabef357e1695572278cd624b47f0d1d88ba3,MODEL_AUDIT_REQUIRED_NOT_WRITTEN_BACK_TO_PERIODIC_GATE
edge_13c91941a7ed51d46d551a,pg_4475ded0b1d689bcc3,em_complete_0043_jid_43;em_complete_0481_jid_481,em_complete_0043_jid_43,Li,0,1,stored_edge_orientation,1.14861166667,ExtraTrees,7f2cdf24e8baf50094c9eee85d5aabef357e1695572278cd624b47f0d1d88ba3,MODEL_AUDIT_REQUIRED_NOT_WRITTEN_BACK_TO_PERIODIC_GATE
edge_14035dee511e4f0cd46507,pg_4475ded0b1d689bcc3,em_complete_0043_jid_43;em_complete_0481_jid_481,em_complete_0043_jid_43,Li,0,1,stored_edge_orientation,1.36225625,ExtraTrees,7f2cdf24e8baf50094c9eee85d5aabef357e1695572278cd624b47f0d1d88ba3,MODEL_AUDIT_REQUIRED_NOT_WRITTEN_BACK_TO_PERIODIC_GATE
edge_1453733c30864d7a86b3f0,pg_f8fcda589b7022b756,em_complete_0212_jid_212;em_complete_0345_jid_345,em_complete_0212_jid_212,Ca,0,1,stored_edge_orientation,2.06272016667,ExtraTrees,7f2cdf24e8baf50094c9eee85d5aabef357e1695572278cd624b47f0d1d88ba3,MODEL_AUDIT_REQUIRED_NOT_WRITTEN_BACK_TO_PERIODIC_GATE
edge_147d30840781c3348ca40b,pg_4475ded0b1d689bcc3,em_complete_0043_jid_43;em_complete_0481_jid_481,em_complete_0043_jid_43,Li,0,1,stored_edge_orientation,1.2466425,ExtraTrees,7f2cdf24e8baf50094c9eee85d5aabef357e1695572278cd624b47f0d1d88ba3,MODEL_AUDIT_REQUIRED_NOT_WRITTEN_BACK_TO_PERIODIC_GATE
edge_1516c4f72a15d1593c0e30,pg_4475ded0b1d689bcc3,em_complete_0043_jid_43;em_complete_0481_jid_481,em_complete_0043_jid_43,Li,0,1,stored_edge_orientation,1.2466425,ExtraTrees,7f2cdf24e8baf50094c9eee85d5aabef357e1695572278cd624b47f0d1d88ba3,MODEL_AUDIT_REQUIRED_NOT_WRITTEN_BACK_TO_PERIODIC_GATE
edge_15774dd66667bde07a9d2b,pg_20a00349bb6ec6a266,em_complete_0029_jid_29,em_complete_0029_jid_29,Na,0,1,stored_edge_orientation,0.511963583333,ExtraTrees,7f2cdf24e8baf50094c9eee85d5aabef357e1695572278cd624b47f0d1d88ba3,MODEL_AUDIT_REQUIRED_NOT_WRITTEN_BACK_TO_PERIODIC_GATE
edge_15f73612a52fee71858ed5,pg_4475ded0b1d689bcc3,em_complete_0043_jid_43;em_complete_0481_jid_481,em_complete_0043_jid_43,Li,0,1,stored_edge_orientation,1.04979975,ExtraTrees,7f2cdf24e8baf50094c9eee85d5aabef357e1695572278cd624b47f0d1d88ba3,MODEL_AUDIT_REQUIRED_NOT_WRITTEN_BACK_TO_PERIODIC_GATE
edge_16cb7b6bf4c688018a2aec,pg_20a00349bb6ec6a266,em_complete_0029_jid_29,em_complete_0029_jid_29,Na,0,1,stored_edge_orientation,0.531298333333,ExtraTrees,7f2cdf24e8baf50094c9eee85d5aabef357e1695572278cd624b47f0d1d88ba3,MODEL_AUDIT_REQUIRED_NOT_WRITTEN_BACK_TO_PERIODIC_GATE
edge_16fc51fcf384fdeee5f54f,pg_20a00349bb6ec6a266,em_complete_0029_jid_29,em_complete_0029_jid_29,Na,0,1,stored_edge_orientation,0.536079166667,ExtraTrees,7f2cdf24e8baf50094c9eee85d5aabef357e1695572278cd624b47f0d1d88ba3,MODEL_AUDIT_REQUIRED_NOT_WRITTEN_BACK_TO_PERIODIC_GATE
edge_17c84cde5556d7e91da680,pg_4475ded0b1d689bcc3,em_complete_0043_jid_43;em_complete_0481_jid_481,em_complete_0043_jid_43,Li,0,1,stored_edge_orientation,1.05958558333,ExtraTrees,7f2cdf24e8baf50094c9eee85d5aabef357e1695572278cd624b47f0d1d88ba3,MODEL_AUDIT_REQUIRED_NOT_WRITTEN_BACK_TO_PERIODIC_GATE
edge_180b3d94ae472c4f8ac5a0,pg_20a00349bb6ec6a266,em_complete_0029_jid_29,em_complete_0029_jid_29,Na,0,1,stored_edge_orientation,0.509911916667,ExtraTrees,7f2cdf24e8baf50094c9eee85d5aabef357e1695572278cd624b47f0d1d88ba3,MODEL_AUDIT_REQUIRED_NOT_WRITTEN_BACK_TO_PERIODIC_GATE
edge_1892275abd726230bbf4e8,pg_20a00349bb6ec6a266,em_complete_0029_jid_29,em_complete_0029_jid_29,Na,0,1,stored_edge_orientation,0.435891666667,ExtraTrees,7f2cdf24e8baf50094c9eee85d5aabef357e1695572278cd624b47f0d1d88ba3,MODEL_AUDIT_REQUIRED_NOT_WRITTEN_BACK_TO_PERIODIC_GATE
edge_192ec522d74fcc1eee0bcb,pg_4475ded0b1d689bcc3,em_complete_0043_jid_43;em_complete_0481_jid_481,em_complete_0043_jid_43,Li,0,1,stored_edge_orientation,1.14762833333,ExtraTrees,7f2cdf24e8baf50094c9eee85d5aabef357e1695572278cd624b47f0d1d88ba3,MODEL_AUDIT_REQUIRED_NOT_WRITTEN_BACK_TO_PERIODIC_GATE
edge_193981c02ed634ab246840,pg_20a00349bb6ec6a266,em_complete_0029_jid_29,em_complete_0029_jid_29,Na,0,1,stored_edge_orientation,0.531298333333,ExtraTrees,7f2cdf24e8baf50094c9eee85d5aabef357e1695572278cd624b47f0d1d88ba3,MODEL_AUDIT_REQUIRED_NOT_WRITTEN_BACK_TO_PERIODIC_GATE
edge_1a20b705525e07bc34d146,pg_4475ded0b1d689bcc3,em_complete_0043_jid_43;em_complete_0481_jid_481,em_complete_0043_jid_43,Li,0,1,stored_edge_orientation,1.22996833333,ExtraTrees,7f2cdf24e8baf50094c9eee85d5aabef357e1695572278cd624b47f0d1d88ba3,MODEL_AUDIT_REQUIRED_NOT_WRITTEN_BACK_TO_PERIODIC_GATE
edge_1aea1e642013ce64082187,pg_4475ded0b1d689bcc3,em_complete_0043_jid_43;em_complete_0481_jid_481,em_complete_0043_jid_43,Li,0,1,stored_edge_orientation,1.23931958333,ExtraTrees,7f2cdf24e8baf50094c9eee85d5aabef357e1695572278cd624b47f0d1d88ba3,MODEL_AUDIT_REQUIRED_NOT_WRITTEN_BACK_TO_PERIODIC_GATE
edge_1b47fd3c63e9fecbee41f5,pg_4475ded0b1d689bcc3,em_complete_0043_jid_43;em_complete_0481_jid_481,em_complete_0043_jid_43,Li,0,1,stored_edge_orientation,1.22996833333,ExtraTrees,7f2cdf24e8baf50094c9eee85d5aabef357e1695572278cd624b47f0d1d88ba3,MODEL_AUDIT_REQUIRED_NOT_WRITTEN_BACK_TO_PERIODIC_GATE
edge_1be3694ab1c0a241e3c54c,pg_4475ded0b1d689bcc3,em_complete_0043_jid_43;em_complete_0481_jid_481,em_complete_0043_jid_43,Li,0,1,stored_edge_orientation,1.06427475,ExtraTrees,7f2cdf24e8baf50094c9eee85d5aabef357e1695572278cd624b47f0d1d88ba3,MODEL_AUDIT_REQUIRED_NOT_WRITTEN_BACK_TO_PERIODIC_GATE
edge_1c2b4d12afd7314a1b3251,pg_20a00349bb6ec6a266,em_complete_0029_jid_29,em_complete_0029_jid_29,Na,0,1,stored_edge_orientation,0.511963583333,ExtraTrees,7f2cdf24e8baf50094c9eee85d5aabef357e1695572278cd624b47f0d1d88ba3,MODEL_AUDIT_REQUIRED_NOT_WRITTEN_BACK_TO_PERIODIC_GATE
edge_1c5700c33e743da53c58c1,pg_4475ded0b1d689bcc3,em_complete_0043_jid_43;em_complete_0481_jid_481,em_complete_0043_jid_43,Li,0,1,stored_edge_orientation,1.2466425,ExtraTrees,7f2cdf24e8baf50094c9eee85d5aabef357e1695572278cd624b47f0d1d88ba3,MODEL_AUDIT_REQUIRED_NOT_WRITTEN_BACK_TO_PERIODIC_GATE
edge_1cbb9dcb3a5335e7bc8cba,pg_4475ded0b1d689bcc3,em_complete_0043_jid_43;em_complete_0481_jid_481,em_complete_0043_jid_43,Li,0,1,stored_edge_orientation,1.06427475,ExtraTrees,7f2cdf24e8baf50094c9eee85d5aabef357e1695572278cd624b47f0d1d88ba3,MODEL_AUDIT_REQUIRED_NOT_WRITTEN_BACK_TO_PERIODIC_GATE
edge_1def29ee760908ebb9cfc2,pg_4475ded0b1d689bcc3,em_complete_0043_jid_43;em_complete_0481_jid_481,em_complete_0043_jid_43,Li,0,1,stored_edge_orientation,1.2466425,ExtraTrees,7f2cdf24e8baf50094c9eee85d5aabef357e1695572278cd624b47f0d1d88ba3,MODEL_AUDIT_REQUIRED_NOT_WRITTEN_BACK_TO_PERIODIC_GATE
edge_1e02f47b6126cbab9f0b46,pg_4475ded0b1d689bcc3,em_complete_0043_jid_43;em_complete_0481_jid_481,em_complete_0043_jid_43,Li,0,1,stored_edge_orientation,1.26269858333,ExtraTrees,7f2cdf24e8baf50094c9eee85d5aabef357e1695572278cd624b47f0d1d88ba3,MODEL_AUDIT_REQUIRED_NOT_WRITTEN_BACK_TO_PERIODIC_GATE
edge_1e4e35fb29d187fd8083c0,pg_4475ded0b1d689bcc3,em_complete_0043_jid_43;em_complete_0481_jid_481,em_complete_0043_jid_43,Li,0,1,stored_edge_orientation,1.34272375,ExtraTrees,7f2cdf24e8baf50094c9eee85d5aabef357e1695572278cd624b47f0d1d88ba3,MODEL_AUDIT_REQUIRED_NOT_WRITTEN_BACK_TO_PERIODIC_GATE
edge_1f107ed9dd4dc1087868b2,pg_4475ded0b1d689bcc3,em_complete_0043_jid_43;em_complete_0481_jid_481,em_complete_0043_jid_43,Li,0,1,stored_edge_orientation,1.22264541667,ExtraTrees,7f2cdf24e8baf50094c9eee85d5aabef357e1695572278cd624b47f0d1d88ba3,MODEL_AUDIT_REQUIRED_NOT_WRITTEN_BACK_TO_PERIODIC_GATE
edge_1f9a30ebe86dd724791b7b,pg_4475ded0b1d689bcc3,em_complete_0043_jid_43;em_complete_0481_jid_481,em_complete_0043_jid_43,Li,0,1,stored_edge_orientation,1.22996833333,ExtraTrees,7f2cdf24e8baf50094c9eee85d5aabef357e1695572278cd624b47f0d1d88ba3,MODEL_AUDIT_REQUIRED_NOT_WRITTEN_BACK_TO_PERIODIC_GATE
edge_1fa2864b497650e93dc412,pg_4475ded0b1d689bcc3,em_complete_0043_jid_43;em_complete_0481_jid_481,em_complete_0043_jid_43,Li,0,1,stored_edge_orientation,1.24623,ExtraTrees,7f2cdf24e8baf50094c9eee85d5aabef357e1695572278cd624b47f0d1d88ba3,MODEL_AUDIT_REQUIRED_NOT_WRITTEN_BACK_TO_PERIODIC_GATE
edge_1fa9ab2af9a13934052c23,pg_4475ded0b1d689bcc3,em_complete_0043_jid_43;em_complete_0481_jid_481,em_complete_0043_jid_43,Li,0,1,stored_edge_orientation,1.14673583333,ExtraTrees,7f2cdf24e8baf50094c9eee85d5aabef357e1695572278cd624b47f0d1d88ba3,MODEL_AUDIT_REQUIRED_NOT_WRITTEN_BACK_TO_PERIODIC_GATE
edge_1fd43ce95da2b34f3e299b,pg_20a00349bb6ec6a266,em_complete_0029_jid_29,em_complete_0029_jid_29,Na,0,1,stored_edge_orientation,0.531298333333,ExtraTrees,7f2cdf24e8baf50094c9eee85d5aabef357e1695572278cd624b47f0d1d88ba3,MODEL_AUDIT_REQUIRED_NOT_WRITTEN_BACK_TO_PERIODIC_GATE
edge_1fe1ae78978da26fdc4ead,pg_4475ded0b1d689bcc3,em_complete_0043_jid_43;em_complete_0481_jid_481,em_complete_0043_jid_43,Li,0,1,stored_edge_orientation,1.14861166667,ExtraTrees,7f2cdf24e8baf50094c9eee85d5aabef357e1695572278cd624b47f0d1d88ba3,MODEL_AUDIT_REQUIRED_NOT_WRITTEN_BACK_TO_PERIODIC_GATE
edge_1ff911823a354d3453fa35,pg_4475ded0b1d689bcc3,em_complete_0043_jid_43;em_complete_0481_jid_481,em_complete_0043_jid_43,Li,0,1,stored_edge_orientation,1.2466425,ExtraTrees,7f2cdf24e8baf50094c9eee85d5aabef357e1695572278cd624b47f0d1d88ba3,MODEL_AUDIT_REQUIRED_NOT_WRITTEN_BACK_TO_PERIODIC_GATE
edge_201ba0536616d568c8fa69,pg_4475ded0b1d689bcc3,em_complete_0043_jid_43;em_complete_0481_jid_481,em_complete_0043_jid_43,Li,0,1,stored_edge_orientation,1.26269858333,ExtraTrees,7f2cdf24e8baf50094c9eee85d5aabef357e1695572278cd624b47f0d1d88ba3,MODEL_AUDIT_REQUIRED_NOT_WRITTEN_BACK_TO_PERIODIC_GATE
edge_2087d7670064345f97d9fb,pg_4475ded0b1d689bcc3,em_complete_0043_jid_43;em_complete_0481_jid_481,em_complete_0043_jid_43,Li,0,1,stored_edge_orientation,1.25172441667,ExtraTrees,7f2cdf24e8baf50094c9eee85d5aabef357e1695572278cd624b47f0d1d88ba3,MODEL_AUDIT_REQUIRED_NOT_WRITTEN_BACK_TO_PERIODIC_GATE
edge_209d90566f2cc652558726,pg_4475ded0b1d689bcc3,em_complete_0043_jid_43;em_complete_0481_jid_481,em_complete_0043_jid_43,Li,0,1,stored_edge_orientation,1.22996833333,ExtraTrees,7f2cdf24e8baf50094c9eee85d5aabef357e1695572278cd624b47f0d1d88ba3,MODEL_AUDIT_REQUIRED_NOT_WRITTEN_BACK_TO_PERIODIC_GATE
edge_20d19b238b9871668a0f30,pg_20a00349bb6ec6a266,em_complete_0029_jid_29,em_complete_0029_jid_29,Na,0,1,stored_edge_orientation,0.435891666667,ExtraTrees,7f2cdf24e8baf50094c9eee85d5aabef357e1695572278cd624b47f0d1d88ba3,MODEL_AUDIT_REQUIRED_NOT_WRITTEN_BACK_TO_PERIODIC_GATE
edge_21c7d810da63a20016d5db,pg_4475ded0b1d689bcc3,em_complete_0043_jid_43;em_complete_0481_jid_481,em_complete_0043_jid_43,Li,0,1,stored_edge_orientation,1.05958558333,ExtraTrees,7f2cdf24e8baf50094c9eee85d5aabef357e1695572278cd624b47f0d1d88ba3,MODEL_AUDIT_REQUIRED_NOT_WRITTEN_BACK_TO_PERIODIC_GATE
edge_21e2f955199defe06b52c3,pg_4475ded0b1d689bcc3,em_complete_0043_jid_43;em_complete_0481_jid_481,em_complete_0043_jid_43,Li,0,1,stored_edge_orientation,1.36225625,ExtraTrees,7f2cdf24e8baf50094c9eee85d5aabef357e1695572278cd624b47f0d1d88ba3,MODEL_AUDIT_REQUIRED_NOT_WRITTEN_BACK_TO_PERIODIC_GATE
edge_21f85af5e524da2c3a3b18,pg_4475ded0b1d689bcc3,em_complete_0043_jid_43;em_complete_0481_jid_481,em_complete_0043_jid_43,Li,0,1,stored_edge_orientation,1.1631025,ExtraTrees,7f2cdf24e8baf50094c9eee85d5aabef357e1695572278cd624b47f0d1d88ba3,MODEL_AUDIT_REQUIRED_NOT_WRITTEN_BACK_TO_PERIODIC_GATE
edge_2270c328c18473ddc702c0,pg_4475ded0b1d689bcc3,em_complete_0043_jid_43;em_complete_0481_jid_481,em_complete_0043_jid_43,Li,0,1,stored_edge_orientation,1.2466425,ExtraTrees,7f2cdf24e8baf50094c9eee85d5aabef357e1695572278cd624b47f0d1d88ba3,MODEL_AUDIT_REQUIRED_NOT_WRITTEN_BACK_TO_PERIODIC_GATE
edge_228a481f9c85cf1f87d211,pg_4475ded0b1d689bcc3,em_complete_0043_jid_43;em_complete_0481_jid_481,em_complete_0043_jid_43,Li,0,1,stored_edge_orientation,1.06996058333,ExtraTrees,7f2cdf24e8baf50094c9eee85d5aabef357e1695572278cd624b47f0d1d88ba3,MODEL_AUDIT_REQUIRED_NOT_WRITTEN_BACK_TO_PERIODIC_GATE
edge_22937f6460ef0a19e491a0,pg_4475ded0b1d689bcc3,em_complete_0043_jid_43;em_complete_0481_jid_481,em_complete_0043_jid_43,Li,0,1,stored_edge_orientation,1.25359941667,ExtraTrees,7f2cdf24e8baf50094c9eee85d5aabef357e1695572278cd624b47f0d1d88ba3,MODEL_AUDIT_REQUIRED_NOT_WRITTEN_BACK_TO_PERIODIC_GATE
edge_2366ac07275a412e26b421,pg_4475ded0b1d689bcc3,em_complete_0043_jid_43;em_complete_0481_jid_481,em_complete_0043_jid_43,Li,0,1,stored_edge_orientation,1.22996833333,ExtraTrees,7f2cdf24e8baf50094c9eee85d5aabef357e1695572278cd624b47f0d1d88ba3,MODEL_AUDIT_REQUIRED_NOT_WRITTEN_BACK_TO_PERIODIC_GATE
edge_238f83c84478ff0d6e3a2d,pg_4475ded0b1d689bcc3,em_complete_0043_jid_43;em_complete_0481_jid_481,em_complete_0043_jid_43,Li,0,1,stored_edge_orientation,1.06996058333,ExtraTrees,7f2cdf24e8baf50094c9eee85d5aabef357e1695572278cd624b47f0d1d88ba3,MODEL_AUDIT_REQUIRED_NOT_WRITTEN_BACK_TO_PERIODIC_GATE
edge_23c5f7baf63978fcc9edc5,pg_4475ded0b1d689bcc3,em_complete_0043_jid_43;em_complete_0481_jid_481,em_complete_0043_jid_43,Li,0,1,stored_edge_orientation,1.22996833333,ExtraTrees,7f2cdf24e8baf50094c9eee85d5aabef357e1695572278cd624b47f0d1d88ba3,MODEL_AUDIT_REQUIRED_NOT_WRITTEN_BACK_TO_PERIODIC_GATE
edge_24073bb7e4bdc1d6c5b89b,pg_20a00349bb6ec6a266,em_complete_0029_jid_29,em_complete_0029_jid_29,Na,0,1,stored_edge_orientation,0.509911916667,ExtraTrees,7f2cdf24e8baf50094c9eee85d5aabef357e1695572278cd624b47f0d1d88ba3,MODEL_AUDIT_REQUIRED_NOT_WRITTEN_BACK_TO_PERIODIC_GATE
edge_246c8150d77de0e00c79f6,pg_20a00349bb6ec6a266,em_complete_0029_jid_29,em_complete_0029_jid_29,Na,0,1,stored_edge_orientation,0.438835833333,ExtraTrees,7f2cdf24e8baf50094c9eee85d5aabef357e1695572278cd624b47f0d1d88ba3,MODEL_AUDIT_REQUIRED_NOT_WRITTEN_BACK_TO_PERIODIC_GATE
edge_25077869d6941a7ebf0ac2,pg_4475ded0b1d689bcc3,em_complete_0043_jid_43;em_complete_0481_jid_481,em_complete_0043_jid_43,Li,0,1,stored_edge_orientation,1.06180308333,ExtraTrees,7f2cdf24e8baf50094c9eee85d5aabef357e1695572278cd624b47f0d1d88ba3,MODEL_AUDIT_REQUIRED_NOT_WRITTEN_BACK_TO_PERIODIC_GATE
edge_254973b05a74800e9749d2,pg_4475ded0b1d689bcc3,em_complete_0043_jid_43;em_complete_0481_jid_481,em_complete_0043_jid_43,Li,0,1,stored_edge_orientation,1.16452166667,ExtraTrees,7f2cdf24e8baf50094c9eee85d5aabef357e1695572278cd624b47f0d1d88ba3,MODEL_AUDIT_REQUIRED_NOT_WRITTEN_BACK_TO_PERIODIC_GATE
edge_2580e395352d8137f6a0ab,pg_4475ded0b1d689bcc3,em_complete_0043_jid_43;em_complete_0481_jid_481,em_complete_0043_jid_43,Li,0,1,stored_edge_orientation,1.22996833333,ExtraTrees,7f2cdf24e8baf50094c9eee85d5aabef357e1695572278cd624b47f0d1d88ba3,MODEL_AUDIT_REQUIRED_NOT_WRITTEN_BACK_TO_PERIODIC_GATE
edge_2582db9e6532ec7241a835,pg_4475ded0b1d689bcc3,em_complete_0043_jid_43;em_complete_0481_jid_481,em_complete_0043_jid_43,Li,0,1,stored_edge_orientation,1.24623,ExtraTrees,7f2cdf24e8baf50094c9eee85d5aabef357e1695572278cd624b47f0d1d88ba3,MODEL_AUDIT_REQUIRED_NOT_WRITTEN_BACK_TO_PERIODIC_GATE
edge_25da2055df081994c644b3,pg_20a00349bb6ec6a266,em_complete_0029_jid_29,em_complete_0029_jid_29,Na,0,1,stored_edge_orientation,0.511963583333,ExtraTrees,7f2cdf24e8baf50094c9eee85d5aabef357e1695572278cd624b47f0d1d88ba3,MODEL_AUDIT_REQUIRED_NOT_WRITTEN_BACK_TO_PERIODIC_GATE
edge_262bc8484a46b2a840f447,pg_4475ded0b1d689bcc3,em_complete_0043_jid_43;em_complete_0481_jid_481,em_complete_0043_jid_43,Li,0,1,stored_edge_orientation,1.2466425,ExtraTrees,7f2cdf24e8baf50094c9eee85d5aabef357e1695572278cd624b47f0d1d88ba3,MODEL_AUDIT_REQUIRED_NOT_WRITTEN_BACK_TO_PERIODIC_GATE
edge_26337425457123118212b7,pg_4475ded0b1d689bcc3,em_complete_0043_jid_43;em_complete_0481_jid_481,em_complete_0043_jid_43,Li,0,1,stored_edge_orientation,1.34272375,ExtraTrees,7f2cdf24e8baf50094c9eee85d5aabef357e1695572278cd624b47f0d1d88ba3,MODEL_AUDIT_REQUIRED_NOT_WRITTEN_BACK_TO_PERIODIC_GATE
edge_26ab6492464fad7d420718,pg_4475ded0b1d689bcc3,em_complete_0043_jid_43;em_complete_0481_jid_481,em_complete_0043_jid_43,Li,0,1,stored_edge_orientation,1.06180308333,ExtraTrees,7f2cdf24e8baf50094c9eee85d5aabef357e1695572278cd624b47f0d1d88ba3,MODEL_AUDIT_REQUIRED_NOT_WRITTEN_BACK_TO_PERIODIC_GATE
edge_273a31fe8d4eaee310a5f0,pg_4475ded0b1d689bcc3,em_complete_0043_jid_43;em_complete_0481_jid_481,em_complete_0043_jid_43,Li,0,1,stored_edge_orientation,1.05958558333,ExtraTrees,7f2cdf24e8baf50094c9eee85d5aabef357e1695572278cd624b47f0d1d88ba3,MODEL_AUDIT_REQUIRED_NOT_WRITTEN_BACK_TO_PERIODIC_GATE
edge_275b88a276b6454eb4e58f,pg_4475ded0b1d689bcc3,em_complete_0043_jid_43;em_complete_0481_jid_481,em_complete_0043_jid_43,Li,0,1,stored_edge_orientation,1.2466425,ExtraTrees,7f2cdf24e8baf50094c9eee85d5aabef357e1695572278cd624b47f0d1d88ba3,MODEL_AUDIT_REQUIRED_NOT_WRITTEN_BACK_TO_PERIODIC_GATE
edge_2764615a36bfc01ff0e558,pg_20a00349bb6ec6a266,em_complete_0029_jid_29,em_complete_0029_jid_29,Na,0,1,stored_edge_orientation,0.511963583333,ExtraTrees,7f2cdf24e8baf50094c9eee85d5aabef357e1695572278cd624b47f0d1d88ba3,MODEL_AUDIT_REQUIRED_NOT_WRITTEN_BACK_TO_PERIODIC_GATE
edge_2774d88b41486e2d415a82,pg_20a00349bb6ec6a266,em_complete_0029_jid_29,em_complete_0029_jid_29,Na,0,1,stored_edge_orientation,0.509911916667,ExtraTrees,7f2cdf24e8baf50094c9eee85d5aabef357e1695572278cd624b47f0d1d88ba3,MODEL_AUDIT_REQUIRED_NOT_WRITTEN_BACK_TO_PERIODIC_GATE
edge_27d8d77aaf34c0adb0ceec,pg_4475ded0b1d689bcc3,em_complete_0043_jid_43;em_complete_0481_jid_481,em_complete_0043_jid_43,Li,0,1,stored_edge_orientation,1.22996833333,ExtraTrees,7f2cdf24e8baf50094c9eee85d5aabef357e1695572278cd624b47f0d1d88ba3,MODEL_AUDIT_REQUIRED_NOT_WRITTEN_BACK_TO_PERIODIC_GATE
edge_27e8bddb495bb47f3ce85c,pg_4475ded0b1d689bcc3,em_complete_0043_jid_43;em_complete_0481_jid_481,em_complete_0043_jid_43,Li,0,1,stored_edge_orientation,1.33980041667,ExtraTrees,7f2cdf24e8baf50094c9eee85d5aabef357e1695572278cd624b47f0d1d88ba3,MODEL_AUDIT_REQUIRED_NOT_WRITTEN_BACK_TO_PERIODIC_GATE
edge_283803110f39edab1519d7,pg_4475ded0b1d689bcc3,em_complete_0043_jid_43;em_complete_0481_jid_481,em_complete_0043_jid_43,Li,0,1,stored_edge_orientation,1.14673583333,ExtraTrees,7f2cdf24e8baf50094c9eee85d5aabef357e1695572278cd624b47f0d1d88ba3,MODEL_AUDIT_REQUIRED_NOT_WRITTEN_BACK_TO_PERIODIC_GATE
edge_286be9e916fe150058b752,pg_4475ded0b1d689bcc3,em_complete_0043_jid_43;em_complete_0481_jid_481,em_complete_0043_jid_43,Li,0,1,stored_edge_orientation,1.24623,ExtraTrees,7f2cdf24e8baf50094c9eee85d5aabef357e1695572278cd624b47f0d1d88ba3,MODEL_AUDIT_REQUIRED_NOT_WRITTEN_BACK_TO_PERIODIC_GATE
edge_289de8311236e4e40996f6,pg_f8fcda589b7022b756,em_complete_0212_jid_212;em_complete_0345_jid_345,em_complete_0212_jid_212,Ca,0,1,stored_edge_orientation,1.67177116667,ExtraTrees,7f2cdf24e8baf50094c9eee85d5aabef357e1695572278cd624b47f0d1d88ba3,MODEL_AUDIT_REQUIRED_NOT_WRITTEN_BACK_TO_PERIODIC_GATE
edge_28c82e1203a183a4584a96,pg_4475ded0b1d689bcc3,em_complete_0043_jid_43;em_complete_0481_jid_481,em_complete_0043_jid_43,Li,0,1,stored_edge_orientation,1.18724683333,ExtraTrees,7f2cdf24e8baf50094c9eee85d5aabef357e1695572278cd624b47f0d1d88ba3,MODEL_AUDIT_REQUIRED_NOT_WRITTEN_BACK_TO_PERIODIC_GATE
edge_2986d50d468d947399b2f3,pg_4475ded0b1d689bcc3,em_complete_0043_jid_43;em_complete_0481_jid_481,em_complete_0043_jid_43,Li,0,1,stored_edge_orientation,1.24623,ExtraTrees,7f2cdf24e8baf50094c9eee85d5aabef357e1695572278cd624b47f0d1d88ba3,MODEL_AUDIT_REQUIRED_NOT_WRITTEN_BACK_TO_PERIODIC_GATE
edge_29c2b95e5390d1677a4697,pg_4475ded0b1d689bcc3,em_complete_0043_jid_43;em_complete_0481_jid_481,em_complete_0043_jid_43,Li,0,1,stored_edge_orientation,1.14673583333,ExtraTrees,7f2cdf24e8baf50094c9eee85d5aabef357e1695572278cd624b47f0d1d88ba3,MODEL_AUDIT_REQUIRED_NOT_WRITTEN_BACK_TO_PERIODIC_GATE
edge_29ed49c26485fc3dcb3bd5,pg_4475ded0b1d689bcc3,em_complete_0043_jid_43;em_complete_0481_jid_481,em_complete_0043_jid_43,Li,0,1,stored_edge_orientation,1.14762833333,ExtraTrees,7f2cdf24e8baf50094c9eee85d5aabef357e1695572278cd624b47f0d1d88ba3,MODEL_AUDIT_REQUIRED_NOT_WRITTEN_BACK_TO_PERIODIC_GATE
edge_2b06824602596c68f08eae,pg_4475ded0b1d689bcc3,em_complete_0043_jid_43;em_complete_0481_jid_481,em_complete_0043_jid_43,Li,0,1,stored_edge_orientation,1.25172441667,ExtraTrees,7f2cdf24e8baf50094c9eee85d5aabef357e1695572278cd624b47f0d1d88ba3,MODEL_AUDIT_REQUIRED_NOT_WRITTEN_BACK_TO_PERIODIC_GATE
edge_2ba446c9cfde58fbe18c3a,pg_4475ded0b1d689bcc3,em_complete_0043_jid_43;em_complete_0481_jid_481,em_complete_0043_jid_43,Li,0,1,stored_edge_orientation,1.22996833333,ExtraTrees,7f2cdf24e8baf50094c9eee85d5aabef357e1695572278cd624b47f0d1d88ba3,MODEL_AUDIT_REQUIRED_NOT_WRITTEN_BACK_TO_PERIODIC_GATE
edge_2bcb87c8a2f556caaa45cc,pg_4475ded0b1d689bcc3,em_complete_0043_jid_43;em_complete_0481_jid_481,em_complete_0043_jid_43,Li,0,1,stored_edge_orientation,1.2466425,ExtraTrees,7f2cdf24e8baf50094c9eee85d5aabef357e1695572278cd624b47f0d1d88ba3,MODEL_AUDIT_REQUIRED_NOT_WRITTEN_BACK_TO_PERIODIC_GATE
edge_2bd24ed51051fb15bc450f,pg_f8fcda589b7022b756,em_complete_0212_jid_212;em_complete_0345_jid_345,em_complete_0212_jid_212,Ca,0,1,stored_edge_orientation,2.05910516667,ExtraTrees,7f2cdf24e8baf50094c9eee85d5aabef357e1695572278cd624b47f0d1d88ba3,MODEL_AUDIT_REQUIRED_NOT_WRITTEN_BACK_TO_PERIODIC_GATE
edge_2bddca1c968e61c0274461,pg_20a00349bb6ec6a266,em_complete_0029_jid_29,em_complete_0029_jid_29,Na,0,1,stored_edge_orientation,0.511963583333,ExtraTrees,7f2cdf24e8baf50094c9eee85d5aabef357e1695572278cd624b47f0d1d88ba3,MODEL_AUDIT_REQUIRED_NOT_WRITTEN_BACK_TO_PERIODIC_GATE
edge_2c5866e3bf64eafed53630,pg_8fa38152fbe8956b86,em_complete_0001_jid_1,em_complete_0001_jid_1,Mg,0,1,stored_edge_orientation,0.3467125,ExtraTrees,7f2cdf24e8baf50094c9eee85d5aabef357e1695572278cd624b47f0d1d88ba3,MODEL_AUDIT_REQUIRED_NOT_WRITTEN_BACK_TO_PERIODIC_GATE
edge_2d2659a536796763430967,pg_4475ded0b1d689bcc3,em_complete_0043_jid_43;em_complete_0481_jid_481,em_complete_0043_jid_43,Li,0,1,stored_edge_orientation,1.30679875,ExtraTrees,7f2cdf24e8baf50094c9eee85d5aabef357e1695572278cd624b47f0d1d88ba3,MODEL_AUDIT_REQUIRED_NOT_WRITTEN_BACK_TO_PERIODIC_GATE
edge_2e61eb9c1c077d57035462,pg_20a00349bb6ec6a266,em_complete_0029_jid_29,em_complete_0029_jid_29,Na,0,1,stored_edge_orientation,0.509911916667,ExtraTrees,7f2cdf24e8baf50094c9eee85d5aabef357e1695572278cd624b47f0d1d88ba3,MODEL_AUDIT_REQUIRED_NOT_WRITTEN_BACK_TO_PERIODIC_GATE
edge_2e8da90341bc78142b1325,pg_20a00349bb6ec6a266,em_complete_0029_jid_29,em_complete_0029_jid_29,Na,0,1,stored_edge_orientation,0.509911916667,ExtraTrees,7f2cdf24e8baf50094c9eee85d5aabef357e1695572278cd624b47f0d1d88ba3,MODEL_AUDIT_REQUIRED_NOT_WRITTEN_BACK_TO_PERIODIC_GATE
edge_2f1176621332c99329d385,pg_4475ded0b1d689bcc3,em_complete_0043_jid_43;em_complete_0481_jid_481,em_complete_0043_jid_43,Li,0,1,stored_edge_orientation,1.14861166667,ExtraTrees,7f2cdf24e8baf50094c9eee85d5aabef357e1695572278cd624b47f0d1d88ba3,MODEL_AUDIT_REQUIRED_NOT_WRITTEN_BACK_TO_PERIODIC_GATE
edge_2fa5c8e7de36378196cd93,pg_4475ded0b1d689bcc3,em_complete_0043_jid_43;em_complete_0481_jid_481,em_complete_0043_jid_43,Li,0,1,stored_edge_orientation,1.2466425,ExtraTrees,7f2cdf24e8baf50094c9eee85d5aabef357e1695572278cd624b47f0d1d88ba3,MODEL_AUDIT_REQUIRED_NOT_WRITTEN_BACK_TO_PERIODIC_GATE
edge_301a8efbb63a8cc744d9ec,pg_4475ded0b1d689bcc3,em_complete_0043_jid_43;em_complete_0481_jid_481,em_complete_0043_jid_43,Li,0,1,stored_edge_orientation,1.23890708333,ExtraTrees,7f2cdf24e8baf50094c9eee85d5aabef357e1695572278cd624b47f0d1d88ba3,MODEL_AUDIT_REQUIRED_NOT_WRITTEN_BACK_TO_PERIODIC_GATE
edge_30348b8ad357c740c018ad,pg_4475ded0b1d689bcc3,em_complete_0043_jid_43;em_complete_0481_jid_481,em_complete_0043_jid_43,Li,0,1,stored_edge_orientation,1.22996833333,ExtraTrees,7f2cdf24e8baf50094c9eee85d5aabef357e1695572278cd624b47f0d1d88ba3,MODEL_AUDIT_REQUIRED_NOT_WRITTEN_BACK_TO_PERIODIC_GATE
edge_3103620a6c4d91dc775d4c,pg_4475ded0b1d689bcc3,em_complete_0043_jid_43;em_complete_0481_jid_481,em_complete_0043_jid_43,Li,0,1,stored_edge_orientation,1.22996833333,ExtraTrees,7f2cdf24e8baf50094c9eee85d5aabef357e1695572278cd624b47f0d1d88ba3,MODEL_AUDIT_REQUIRED_NOT_WRITTEN_BACK_TO_PERIODIC_GATE
edge_310b4e2ac8b13f8ca942eb,pg_20a00349bb6ec6a266,em_complete_0029_jid_29,em_complete_0029_jid_29,Na,0,1,stored_edge_orientation,0.509911916667,ExtraTrees,7f2cdf24e8baf50094c9eee85d5aabef357e1695572278cd624b47f0d1d88ba3,MODEL_AUDIT_REQUIRED_NOT_WRITTEN_BACK_TO_PERIODIC_GATE
edge_31232c03fc8ef1d105a583,pg_20a00349bb6ec6a266,em_complete_0029_jid_29,em_complete_0029_jid_29,Na,0,1,stored_edge_orientation,0.535620833333,ExtraTrees,7f2cdf24e8baf50094c9eee85d5aabef357e1695572278cd624b47f0d1d88ba3,MODEL_AUDIT_REQUIRED_NOT_WRITTEN_BACK_TO_PERIODIC_GATE
edge_312eb6e173fbaed491d5af,pg_20a00349bb6ec6a266,em_complete_0029_jid_29,em_complete_0029_jid_29,Na,0,1,stored_edge_orientation,0.509911916667,ExtraTrees,7f2cdf24e8baf50094c9eee85d5aabef357e1695572278cd624b47f0d1d88ba3,MODEL_AUDIT_REQUIRED_NOT_WRITTEN_BACK_TO_PERIODIC_GATE
edge_31384df98d038d28a09e3a,pg_20a00349bb6ec6a266,em_complete_0029_jid_29,em_complete_0029_jid_29,Na,0,1,stored_edge_orientation,0.435891666667,ExtraTrees,7f2cdf24e8baf50094c9eee85d5aabef357e1695572278cd624b47f0d1d88ba3,MODEL_AUDIT_REQUIRED_NOT_WRITTEN_BACK_TO_PERIODIC_GATE
edge_317cbc1d52535a26c76fe6,pg_4475ded0b1d689bcc3,em_complete_0043_jid_43;em_complete_0481_jid_481,em_complete_0043_jid_43,Li,0,1,stored_edge_orientation,1.23890708333,ExtraTrees,7f2cdf24e8baf50094c9eee85d5aabef357e1695572278cd624b47f0d1d88ba3,MODEL_AUDIT_REQUIRED_NOT_WRITTEN_BACK_TO_PERIODIC_GATE
edge_31c6ca2afd6cf0151d2c35,pg_4475ded0b1d689bcc3,em_complete_0043_jid_43;em_complete_0481_jid_481,em_complete_0043_jid_43,Li,0,1,stored_edge_orientation,1.24030291667,ExtraTrees,7f2cdf24e8baf50094c9eee85d5aabef357e1695572278cd624b47f0d1d88ba3,MODEL_AUDIT_REQUIRED_NOT_WRITTEN_BACK_TO_PERIODIC_GATE
edge_31eae33dd557e5464f9504,pg_8fa38152fbe8956b86,em_complete_0001_jid_1,em_complete_0001_jid_1,Mg,0,1,stored_edge_orientation,1.25367608333,ExtraTrees,7f2cdf24e8baf50094c9eee85d5aabef357e1695572278cd624b47f0d1d88ba3,MODEL_AUDIT_REQUIRED_NOT_WRITTEN_BACK_TO_PERIODIC_GATE
edge_3214aed5dec8d8615ff727,pg_4475ded0b1d689bcc3,em_complete_0043_jid_43;em_complete_0481_jid_481,em_complete_0043_jid_43,Li,0,1,stored_edge_orientation,1.22996833333,ExtraTrees,7f2cdf24e8baf50094c9eee85d5aabef357e1695572278cd624b47f0d1d88ba3,MODEL_AUDIT_REQUIRED_NOT_WRITTEN_BACK_TO_PERIODIC_GATE
edge_32489e070ed6e1ff330243,pg_4475ded0b1d689bcc3,em_complete_0043_jid_43;em_complete_0481_jid_481,em_complete_0043_jid_43,Li,0,1,stored_edge_orientation,1.06996058333,ExtraTrees,7f2cdf24e8baf50094c9eee85d5aabef357e1695572278cd624b47f0d1d88ba3,MODEL_AUDIT_REQUIRED_NOT_WRITTEN_BACK_TO_PERIODIC_GATE
edge_328522b8c9c7bbfae4ea96,pg_20a00349bb6ec6a266,em_complete_0029_jid_29,em_complete_0029_jid_29,Na,0,1,stored_edge_orientation,0.438835833333,ExtraTrees,7f2cdf24e8baf50094c9eee85d5aabef357e1695572278cd624b47f0d1d88ba3,MODEL_AUDIT_REQUIRED_NOT_WRITTEN_BACK_TO_PERIODIC_GATE
edge_32859c8ac92f00f2204c79,pg_20a00349bb6ec6a266,em_complete_0029_jid_29,em_complete_0029_jid_29,Na,0,1,stored_edge_orientation,0.546259166667,ExtraTrees,7f2cdf24e8baf50094c9eee85d5aabef357e1695572278cd624b47f0d1d88ba3,MODEL_AUDIT_REQUIRED_NOT_WRITTEN_BACK_TO_PERIODIC_GATE
edge_328d7c3315127800c7f730,pg_20a00349bb6ec6a266,em_complete_0029_jid_29,em_complete_0029_jid_29,Na,0,1,stored_edge_orientation,0.531298333333,ExtraTrees,7f2cdf24e8baf50094c9eee85d5aabef357e1695572278cd624b47f0d1d88ba3,MODEL_AUDIT_REQUIRED_NOT_WRITTEN_BACK_TO_PERIODIC_GATE
edge_32a26c9f0c7e0539b840b8,pg_4475ded0b1d689bcc3,em_complete_0043_jid_43;em_complete_0481_jid_481,em_complete_0043_jid_43,Li,0,1,stored_edge_orientation,1.14762833333,ExtraTrees,7f2cdf24e8baf50094c9eee85d5aabef357e1695572278cd624b47f0d1d88ba3,MODEL_AUDIT_REQUIRED_NOT_WRITTEN_BACK_TO_PERIODIC_GATE
edge_32cc9cd7c5df7491fe749e,pg_4475ded0b1d689bcc3,em_complete_0043_jid_43;em_complete_0481_jid_481,em_complete_0043_jid_43,Li,0,1,stored_edge_orientation,1.06766475,ExtraTrees,7f2cdf24e8baf50094c9eee85d5aabef357e1695572278cd624b47f0d1d88ba3,MODEL_AUDIT_REQUIRED_NOT_WRITTEN_BACK_TO_PERIODIC_GATE
edge_340be6afd4dab472428102,pg_4475ded0b1d689bcc3,em_complete_0043_jid_43;em_complete_0481_jid_481,em_complete_0043_jid_43,Li,0,1,stored_edge_orientation,1.24623,ExtraTrees,7f2cdf24e8baf50094c9eee85d5aabef357e1695572278cd624b47f0d1d88ba3,MODEL_AUDIT_REQUIRED_NOT_WRITTEN_BACK_TO_PERIODIC_GATE
edge_34202e7afc27e8fd906bb1,pg_20a00349bb6ec6a266,em_complete_0029_jid_29,em_complete_0029_jid_29,Na,0,1,stored_edge_orientation,0.438035833333,ExtraTrees,7f2cdf24e8baf50094c9eee85d5aabef357e1695572278cd624b47f0d1d88ba3,MODEL_AUDIT_REQUIRED_NOT_WRITTEN_BACK_TO_PERIODIC_GATE
edge_3448327121509aecf2d9d7,pg_8fa38152fbe8956b86,em_complete_0001_jid_1,em_complete_0001_jid_1,Mg,0,1,stored_edge_orientation,1.25367608333,ExtraTrees,7f2cdf24e8baf50094c9eee85d5aabef357e1695572278cd624b47f0d1d88ba3,MODEL_AUDIT_REQUIRED_NOT_WRITTEN_BACK_TO_PERIODIC_GATE
edge_34531a7767c075e8f75d9e,pg_4475ded0b1d689bcc3,em_complete_0043_jid_43;em_complete_0481_jid_481,em_complete_0043_jid_43,Li,0,1,stored_edge_orientation,1.06996058333,ExtraTrees,7f2cdf24e8baf50094c9eee85d5aabef357e1695572278cd624b47f0d1d88ba3,MODEL_AUDIT_REQUIRED_NOT_WRITTEN_BACK_TO_PERIODIC_GATE
edge_3467d723f0bf5e3b3f6ba1,pg_20a00349bb6ec6a266,em_complete_0029_jid_29,em_complete_0029_jid_29,Na,0,1,stored_edge_orientation,0.511963583333,ExtraTrees,7f2cdf24e8baf50094c9eee85d5aabef357e1695572278cd624b47f0d1d88ba3,MODEL_AUDIT_REQUIRED_NOT_WRITTEN_BACK_TO_PERIODIC_GATE
edge_348b47ff34bd214f10355f,pg_4475ded0b1d689bcc3,em_complete_0043_jid_43;em_complete_0481_jid_481,em_complete_0043_jid_43,Li,0,1,stored_edge_orientation,1.2186625,ExtraTrees,7f2cdf24e8baf50094c9eee85d5aabef357e1695572278cd624b47f0d1d88ba3,MODEL_AUDIT_REQUIRED_NOT_WRITTEN_BACK_TO_PERIODIC_GATE
edge_34fdf6b7dfcd703ceb220a,pg_20a00349bb6ec6a266,em_complete_0029_jid_29,em_complete_0029_jid_29,Na,0,1,stored_edge_orientation,0.15889625,ExtraTrees,7f2cdf24e8baf50094c9eee85d5aabef357e1695572278cd624b47f0d1d88ba3,MODEL_AUDIT_REQUIRED_NOT_WRITTEN_BACK_TO_PERIODIC_GATE
edge_34fe794fab4212247c8991,pg_4475ded0b1d689bcc3,em_complete_0043_jid_43;em_complete_0481_jid_481,em_complete_0043_jid_43,Li,0,1,stored_edge_orientation,1.1631025,ExtraTrees,7f2cdf24e8baf50094c9eee85d5aabef357e1695572278cd624b47f0d1d88ba3,MODEL_AUDIT_REQUIRED_NOT_WRITTEN_BACK_TO_PERIODIC_GATE
edge_3517d83a809a7990bec07d,pg_4475ded0b1d689bcc3,em_complete_0043_jid_43;em_complete_0481_jid_481,em_complete_0043_jid_43,Li,0,1,stored_edge_orientation,1.22996833333,ExtraTrees,7f2cdf24e8baf50094c9eee85d5aabef357e1695572278cd624b47f0d1d88ba3,MODEL_AUDIT_REQUIRED_NOT_WRITTEN_BACK_TO_PERIODIC_GATE
edge_353a86e7ebee9b6b730d49,pg_20a00349bb6ec6a266,em_complete_0029_jid_29,em_complete_0029_jid_29,Na,0,1,stored_edge_orientation,0.509911916667,ExtraTrees,7f2cdf24e8baf50094c9eee85d5aabef357e1695572278cd624b47f0d1d88ba3,MODEL_AUDIT_REQUIRED_NOT_WRITTEN_BACK_TO_PERIODIC_GATE
edge_359eda7e4935e64d9d76a5,pg_20a00349bb6ec6a266,em_complete_0029_jid_29,em_complete_0029_jid_29,Na,0,1,stored_edge_orientation,0.511963583333,ExtraTrees,7f2cdf24e8baf50094c9eee85d5aabef357e1695572278cd624b47f0d1d88ba3,MODEL_AUDIT_REQUIRED_NOT_WRITTEN_BACK_TO_PERIODIC_GATE
edge_3629f5c593b8d5ce50384b,pg_4475ded0b1d689bcc3,em_complete_0043_jid_43;em_complete_0481_jid_481,em_complete_0043_jid_43,Li,0,1,stored_edge_orientation,1.24623,ExtraTrees,7f2cdf24e8baf50094c9eee85d5aabef357e1695572278cd624b47f0d1d88ba3,MODEL_AUDIT_REQUIRED_NOT_WRITTEN_BACK_TO_PERIODIC_GATE
edge_36313e509640b14f60bff3,pg_4475ded0b1d689bcc3,em_complete_0043_jid_43;em_complete_0481_jid_481,em_complete_0043_jid_43,Li,0,1,stored_edge_orientation,1.07111975,ExtraTrees,7f2cdf24e8baf50094c9eee85d5aabef357e1695572278cd624b47f0d1d88ba3,MODEL_AUDIT_REQUIRED_NOT_WRITTEN_BACK_TO_PERIODIC_GATE
edge_364d64701a2ad96fc8f080,pg_20a00349bb6ec6a266,em_complete_0029_jid_29,em_complete_0029_jid_29,Na,0,1,stored_edge_orientation,0.15889625,ExtraTrees,7f2cdf24e8baf50094c9eee85d5aabef357e1695572278cd624b47f0d1d88ba3,MODEL_AUDIT_REQUIRED_NOT_WRITTEN_BACK_TO_PERIODIC_GATE
edge_366bb4c31d8d32a97f398b,pg_4475ded0b1d689bcc3,em_complete_0043_jid_43;em_complete_0481_jid_481,em_complete_0043_jid_43,Li,0,1,stored_edge_orientation,1.25172441667,ExtraTrees,7f2cdf24e8baf50094c9eee85d5aabef357e1695572278cd624b47f0d1d88ba3,MODEL_AUDIT_REQUIRED_NOT_WRITTEN_BACK_TO_PERIODIC_GATE
edge_36d668167f6a01e13c1d44,pg_4475ded0b1d689bcc3,em_complete_0043_jid_43;em_complete_0481_jid_481,em_complete_0043_jid_43,Li,0,1,stored_edge_orientation,1.06427475,ExtraTrees,7f2cdf24e8baf50094c9eee85d5aabef357e1695572278cd624b47f0d1d88ba3,MODEL_AUDIT_REQUIRED_NOT_WRITTEN_BACK_TO_PERIODIC_GATE
edge_36e175a39423f149a4091a,pg_4475ded0b1d689bcc3,em_complete_0043_jid_43;em_complete_0481_jid_481,em_complete_0043_jid_43,Li,0,1,stored_edge_orientation,1.14861166667,ExtraTrees,7f2cdf24e8baf50094c9eee85d5aabef357e1695572278cd624b47f0d1d88ba3,MODEL_AUDIT_REQUIRED_NOT_WRITTEN_BACK_TO_PERIODIC_GATE
edge_36ed8575b65b0b351f7148,pg_4475ded0b1d689bcc3,em_complete_0043_jid_43;em_complete_0481_jid_481,em_complete_0043_jid_43,Li,0,1,stored_edge_orientation,1.06446391667,ExtraTrees,7f2cdf24e8baf50094c9eee85d5aabef357e1695572278cd624b47f0d1d88ba3,MODEL_AUDIT_REQUIRED_NOT_WRITTEN_BACK_TO_PERIODIC_GATE
edge_3709f89379ca61f0e4a001,pg_4475ded0b1d689bcc3,em_complete_0043_jid_43;em_complete_0481_jid_481,em_complete_0043_jid_43,Li,0,1,stored_edge_orientation,1.24623,ExtraTrees,7f2cdf24e8baf50094c9eee85d5aabef357e1695572278cd624b47f0d1d88ba3,MODEL_AUDIT_REQUIRED_NOT_WRITTEN_BACK_TO_PERIODIC_GATE
edge_3789e269eaf2fc389b3eb3,pg_4475ded0b1d689bcc3,em_complete_0043_jid_43;em_complete_0481_jid_481,em_complete_0043_jid_43,Li,0,1,stored_edge_orientation,1.05958558333,ExtraTrees,7f2cdf24e8baf50094c9eee85d5aabef357e1695572278cd624b47f0d1d88ba3,MODEL_AUDIT_REQUIRED_NOT_WRITTEN_BACK_TO_PERIODIC_GATE
edge_382049cfa52221adad0eb6,pg_20a00349bb6ec6a266,em_complete_0029_jid_29,em_complete_0029_jid_29,Na,0,1,stored_edge_orientation,0.44098,ExtraTrees,7f2cdf24e8baf50094c9eee85d5aabef357e1695572278cd624b47f0d1d88ba3,MODEL_AUDIT_REQUIRED_NOT_WRITTEN_BACK_TO_PERIODIC_GATE
edge_386f1be179158c798014a5,pg_4475ded0b1d689bcc3,em_complete_0043_jid_43;em_complete_0481_jid_481,em_complete_0043_jid_43,Li,0,1,stored_edge_orientation,1.2466425,ExtraTrees,7f2cdf24e8baf50094c9eee85d5aabef357e1695572278cd624b47f0d1d88ba3,MODEL_AUDIT_REQUIRED_NOT_WRITTEN_BACK_TO_PERIODIC_GATE
edge_38ba932cc079703f7d7aaf,pg_4475ded0b1d689bcc3,em_complete_0043_jid_43;em_complete_0481_jid_481,em_complete_0043_jid_43,Li,0,1,stored_edge_orientation,0.960718333333,ExtraTrees,7f2cdf24e8baf50094c9eee85d5aabef357e1695572278cd624b47f0d1d88ba3,MODEL_AUDIT_REQUIRED_NOT_WRITTEN_BACK_TO_PERIODIC_GATE
edge_394afa7b9220c3a39ffffa,pg_20a00349bb6ec6a266,em_complete_0029_jid_29,em_complete_0029_jid_29,Na,0,1,stored_edge_orientation,0.1114325,ExtraTrees,7f2cdf24e8baf50094c9eee85d5aabef357e1695572278cd624b47f0d1d88ba3,MODEL_AUDIT_REQUIRED_NOT_WRITTEN_BACK_TO_PERIODIC_GATE
edge_39517425586c6d684c25ef,pg_f8fcda589b7022b756,em_complete_0212_jid_212;em_complete_0345_jid_345,em_complete_0212_jid_212,Ca,0,1,stored_edge_orientation,2.05910516667,ExtraTrees,7f2cdf24e8baf50094c9eee85d5aabef357e1695572278cd624b47f0d1d88ba3,MODEL_AUDIT_REQUIRED_NOT_WRITTEN_BACK_TO_PERIODIC_GATE
edge_3958230e3d4fbf94d6dc8e,pg_20a00349bb6ec6a266,em_complete_0029_jid_29,em_complete_0029_jid_29,Na,0,1,stored_edge_orientation,0.435891666667,ExtraTrees,7f2cdf24e8baf50094c9eee85d5aabef357e1695572278cd624b47f0d1d88ba3,MODEL_AUDIT_REQUIRED_NOT_WRITTEN_BACK_TO_PERIODIC_GATE
edge_39d4689cd7052ae58f2782,pg_f8fcda589b7022b756,em_complete_0212_jid_212;em_complete_0345_jid_345,em_complete_0212_jid_212,Ca,0,1,stored_edge_orientation,2.05910516667,ExtraTrees,7f2cdf24e8baf50094c9eee85d5aabef357e1695572278cd624b47f0d1d88ba3,MODEL_AUDIT_REQUIRED_NOT_WRITTEN_BACK_TO_PERIODIC_GATE
edge_39d48ab930968a920241c1,pg_4475ded0b1d689bcc3,em_complete_0043_jid_43;em_complete_0481_jid_481,em_complete_0043_jid_43,Li,0,1,stored_edge_orientation,1.23931958333,ExtraTrees,7f2cdf24e8baf50094c9eee85d5aabef357e1695572278cd624b47f0d1d88ba3,MODEL_AUDIT_REQUIRED_NOT_WRITTEN_BACK_TO_PERIODIC_GATE
edge_3b1f9ba35bddb470d91f66,pg_4475ded0b1d689bcc3,em_complete_0043_jid_43;em_complete_0481_jid_481,em_complete_0043_jid_43,Li,0,1,stored_edge_orientation,1.14673583333,ExtraTrees,7f2cdf24e8baf50094c9eee85d5aabef357e1695572278cd624b47f0d1d88ba3,MODEL_AUDIT_REQUIRED_NOT_WRITTEN_BACK_TO_PERIODIC_GATE
edge_3b90b34ff1d575ef94991a,pg_4475ded0b1d689bcc3,em_complete_0043_jid_43;em_complete_0481_jid_481,em_complete_0043_jid_43,Li,0,1,stored_edge_orientation,1.2466425,ExtraTrees,7f2cdf24e8baf50094c9eee85d5aabef357e1695572278cd624b47f0d1d88ba3,MODEL_AUDIT_REQUIRED_NOT_WRITTEN_BACK_TO_PERIODIC_GATE
edge_3ba7468bf77701775c810f,pg_4475ded0b1d689bcc3,em_complete_0043_jid_43;em_complete_0481_jid_481,em_complete_0043_jid_43,Li,0,1,stored_edge_orientation,1.07013641667,ExtraTrees,7f2cdf24e8baf50094c9eee85d5aabef357e1695572278cd624b47f0d1d88ba3,MODEL_AUDIT_REQUIRED_NOT_WRITTEN_BACK_TO_PERIODIC_GATE
edge_3ba78425c455567503d1cd,pg_4475ded0b1d689bcc3,em_complete_0043_jid_43;em_complete_0481_jid_481,em_complete_0043_jid_43,Li,0,1,stored_edge_orientation,1.23890708333,ExtraTrees,7f2cdf24e8baf50094c9eee85d5aabef357e1695572278cd624b47f0d1d88ba3,MODEL_AUDIT_REQUIRED_NOT_WRITTEN_BACK_TO_PERIODIC_GATE
edge_3c5b1795ac39a6569d0d23,pg_4475ded0b1d689bcc3,em_complete_0043_jid_43;em_complete_0481_jid_481,em_complete_0043_jid_43,Li,0,1,stored_edge_orientation,1.25359941667,ExtraTrees,7f2cdf24e8baf50094c9eee85d5aabef357e1695572278cd624b47f0d1d88ba3,MODEL_AUDIT_REQUIRED_NOT_WRITTEN_BACK_TO_PERIODIC_GATE
edge_3c649619803170605b49c1,pg_4475ded0b1d689bcc3,em_complete_0043_jid_43;em_complete_0481_jid_481,em_complete_0043_jid_43,Li,0,1,stored_edge_orientation,1.1631025,ExtraTrees,7f2cdf24e8baf50094c9eee85d5aabef357e1695572278cd624b47f0d1d88ba3,MODEL_AUDIT_REQUIRED_NOT_WRITTEN_BACK_TO_PERIODIC_GATE
edge_3c8e66f1c5e7d622b7a05d,pg_20a00349bb6ec6a266,em_complete_0029_jid_29,em_complete_0029_jid_29,Na,0,1,stored_edge_orientation,0.546259166667,ExtraTrees,7f2cdf24e8baf50094c9eee85d5aabef357e1695572278cd624b47f0d1d88ba3,MODEL_AUDIT_REQUIRED_NOT_WRITTEN_BACK_TO_PERIODIC_GATE
edge_3d0bef65466057bcabfb7d,pg_4475ded0b1d689bcc3,em_complete_0043_jid_43;em_complete_0481_jid_481,em_complete_0043_jid_43,Li,0,1,stored_edge_orientation,0.395686166667,ExtraTrees,7f2cdf24e8baf50094c9eee85d5aabef357e1695572278cd624b47f0d1d88ba3,MODEL_AUDIT_REQUIRED_NOT_WRITTEN_BACK_TO_PERIODIC_GATE
edge_3d2813d9273388a510facf,pg_8fa38152fbe8956b86,em_complete_0001_jid_1,em_complete_0001_jid_1,Mg,0,1,stored_edge_orientation,1.25367608333,ExtraTrees,7f2cdf24e8baf50094c9eee85d5aabef357e1695572278cd624b47f0d1d88ba3,MODEL_AUDIT_REQUIRED_NOT_WRITTEN_BACK_TO_PERIODIC_GATE
edge_3e1a4fb2798dedfcb8f3f4,pg_4475ded0b1d689bcc3,em_complete_0043_jid_43;em_complete_0481_jid_481,em_complete_0043_jid_43,Li,0,1,stored_edge_orientation,1.06180308333,ExtraTrees,7f2cdf24e8baf50094c9eee85d5aabef357e1695572278cd624b47f0d1d88ba3,MODEL_AUDIT_REQUIRED_NOT_WRITTEN_BACK_TO_PERIODIC_GATE
edge_3e4ef9a7adde38371e2b52,pg_4475ded0b1d689bcc3,em_complete_0043_jid_43;em_complete_0481_jid_481,em_complete_0043_jid_43,Li,0,1,stored_edge_orientation,1.194131,ExtraTrees,7f2cdf24e8baf50094c9eee85d5aabef357e1695572278cd624b47f0d1d88ba3,MODEL_AUDIT_REQUIRED_NOT_WRITTEN_BACK_TO_PERIODIC_GATE
edge_3eb68da4bc2d29103aaf88,pg_4475ded0b1d689bcc3,em_complete_0043_jid_43;em_complete_0481_jid_481,em_complete_0043_jid_43,Li,0,1,stored_edge_orientation,1.06427475,ExtraTrees,7f2cdf24e8baf50094c9eee85d5aabef357e1695572278cd624b47f0d1d88ba3,MODEL_AUDIT_REQUIRED_NOT_WRITTEN_BACK_TO_PERIODIC_GATE
edge_3ec973e0c0fbe003551a0e,pg_f8fcda589b7022b756,em_complete_0212_jid_212;em_complete_0345_jid_345,em_complete_0212_jid_212,Ca,0,1,stored_edge_orientation,2.05910516667,ExtraTrees,7f2cdf24e8baf50094c9eee85d5aabef357e1695572278cd624b47f0d1d88ba3,MODEL_AUDIT_REQUIRED_NOT_WRITTEN_BACK_TO_PERIODIC_GATE
edge_405c6201d76393eb441344,pg_4475ded0b1d689bcc3,em_complete_0043_jid_43;em_complete_0481_jid_481,em_complete_0043_jid_43,Li,0,1,stored_edge_orientation,1.33980041667,ExtraTrees,7f2cdf24e8baf50094c9eee85d5aabef357e1695572278cd624b47f0d1d88ba3,MODEL_AUDIT_REQUIRED_NOT_WRITTEN_BACK_TO_PERIODIC_GATE
edge_40f446812b50f55682860b,pg_4475ded0b1d689bcc3,em_complete_0043_jid_43;em_complete_0481_jid_481,em_complete_0043_jid_43,Li,0,1,reversed_to_occupied_start,0.831118583333,ExtraTrees,7f2cdf24e8baf50094c9eee85d5aabef357e1695572278cd624b47f0d1d88ba3,MODEL_AUDIT_REQUIRED_NOT_WRITTEN_BACK_TO_PERIODIC_GATE
edge_41049f4e75324dec0b76c9,pg_4475ded0b1d689bcc3,em_complete_0043_jid_43;em_complete_0481_jid_481,em_complete_0043_jid_43,Li,0,1,stored_edge_orientation,1.24623,ExtraTrees,7f2cdf24e8baf50094c9eee85d5aabef357e1695572278cd624b47f0d1d88ba3,MODEL_AUDIT_REQUIRED_NOT_WRITTEN_BACK_TO_PERIODIC_GATE
edge_4190b6bab9eacffa083186,pg_4475ded0b1d689bcc3,em_complete_0043_jid_43;em_complete_0481_jid_481,em_complete_0043_jid_43,Li,0,1,stored_edge_orientation,1.14762833333,ExtraTrees,7f2cdf24e8baf50094c9eee85d5aabef357e1695572278cd624b47f0d1d88ba3,MODEL_AUDIT_REQUIRED_NOT_WRITTEN_BACK_TO_PERIODIC_GATE
edge_41e677e03533756f89e09d,pg_4475ded0b1d689bcc3,em_complete_0043_jid_43;em_complete_0481_jid_481,em_complete_0043_jid_43,Li,0,1,stored_edge_orientation,1.16452166667,ExtraTrees,7f2cdf24e8baf50094c9eee85d5aabef357e1695572278cd624b47f0d1d88ba3,MODEL_AUDIT_REQUIRED_NOT_WRITTEN_BACK_TO_PERIODIC_GATE
edge_41f6fee00a87a104d128a1,pg_4475ded0b1d689bcc3,em_complete_0043_jid_43;em_complete_0481_jid_481,em_complete_0043_jid_43,Li,0,1,stored_edge_orientation,0.98595325,ExtraTrees,7f2cdf24e8baf50094c9eee85d5aabef357e1695572278cd624b47f0d1d88ba3,MODEL_AUDIT_REQUIRED_NOT_WRITTEN_BACK_TO_PERIODIC_GATE
edge_421a37a84b9c640eb6e7a6,pg_20a00349bb6ec6a266,em_complete_0029_jid_29,em_complete_0029_jid_29,Na,0,1,stored_edge_orientation,0.44098,ExtraTrees,7f2cdf24e8baf50094c9eee85d5aabef357e1695572278cd624b47f0d1d88ba3,MODEL_AUDIT_REQUIRED_NOT_WRITTEN_BACK_TO_PERIODIC_GATE
edge_42687e54b80bd9588deb43,pg_4475ded0b1d689bcc3,em_complete_0043_jid_43;em_complete_0481_jid_481,em_complete_0043_jid_43,Li,0,1,stored_edge_orientation,1.01469141667,ExtraTrees,7f2cdf24e8baf50094c9eee85d5aabef357e1695572278cd624b47f0d1d88ba3,MODEL_AUDIT_REQUIRED_NOT_WRITTEN_BACK_TO_PERIODIC_GATE
edge_4339297e97f9de40daa517,pg_4475ded0b1d689bcc3,em_complete_0043_jid_43;em_complete_0481_jid_481,em_complete_0043_jid_43,Li,0,1,stored_edge_orientation,1.24623,ExtraTrees,7f2cdf24e8baf50094c9eee85d5aabef357e1695572278cd624b47f0d1d88ba3,MODEL_AUDIT_REQUIRED_NOT_WRITTEN_BACK_TO_PERIODIC_GATE
edge_433ea0cf2f4a3c179a8b57,pg_4475ded0b1d689bcc3,em_complete_0043_jid_43;em_complete_0481_jid_481,em_complete_0043_jid_43,Li,0,1,stored_edge_orientation,1.1631025,ExtraTrees,7f2cdf24e8baf50094c9eee85d5aabef357e1695572278cd624b47f0d1d88ba3,MODEL_AUDIT_REQUIRED_NOT_WRITTEN_BACK_TO_PERIODIC_GATE
edge_43ec6392ceb19e6c2f39cf,pg_4475ded0b1d689bcc3,em_complete_0043_jid_43;em_complete_0481_jid_481,em_complete_0043_jid_43,Li,0,1,stored_edge_orientation,1.06180308333,ExtraTrees,7f2cdf24e8baf50094c9eee85d5aabef357e1695572278cd624b47f0d1d88ba3,MODEL_AUDIT_REQUIRED_NOT_WRITTEN_BACK_TO_PERIODIC_GATE
edge_441d669b453f4f231f3f62,pg_4475ded0b1d689bcc3,em_complete_0043_jid_43;em_complete_0481_jid_481,em_complete_0043_jid_43,Li,0,1,stored_edge_orientation,1.2466425,ExtraTrees,7f2cdf24e8baf50094c9eee85d5aabef357e1695572278cd624b47f0d1d88ba3,MODEL_AUDIT_REQUIRED_NOT_WRITTEN_BACK_TO_PERIODIC_GATE
edge_449f5ca1e32bb77f3c0946,pg_4475ded0b1d689bcc3,em_complete_0043_jid_43;em_complete_0481_jid_481,em_complete_0043_jid_43,Li,0,1,reversed_to_occupied_start,1.2186625,ExtraTrees,7f2cdf24e8baf50094c9eee85d5aabef357e1695572278cd624b47f0d1d88ba3,MODEL_AUDIT_REQUIRED_NOT_WRITTEN_BACK_TO_PERIODIC_GATE
edge_45672f458caaa07d187a50,pg_20a00349bb6ec6a266,em_complete_0029_jid_29,em_complete_0029_jid_29,Na,0,1,stored_edge_orientation,0.511963583333,ExtraTrees,7f2cdf24e8baf50094c9eee85d5aabef357e1695572278cd624b47f0d1d88ba3,MODEL_AUDIT_REQUIRED_NOT_WRITTEN_BACK_TO_PERIODIC_GATE
edge_45830b550163ad72a54503,pg_20a00349bb6ec6a266,em_complete_0029_jid_29,em_complete_0029_jid_29,Na,0,1,stored_edge_orientation,0.509911916667,ExtraTrees,7f2cdf24e8baf50094c9eee85d5aabef357e1695572278cd624b47f0d1d88ba3,MODEL_AUDIT_REQUIRED_NOT_WRITTEN_BACK_TO_PERIODIC_GATE
edge_45ccb9dde53cc8d45685da,pg_4475ded0b1d689bcc3,em_complete_0043_jid_43;em_complete_0481_jid_481,em_complete_0043_jid_43,Li,0,1,stored_edge_orientation,1.1631025,ExtraTrees,7f2cdf24e8baf50094c9eee85d5aabef357e1695572278cd624b47f0d1d88ba3,MODEL_AUDIT_REQUIRED_NOT_WRITTEN_BACK_TO_PERIODIC_GATE
edge_45f7da22493aa97290656d,pg_4475ded0b1d689bcc3,em_complete_0043_jid_43;em_complete_0481_jid_481,em_complete_0043_jid_43,Li,0,1,stored_edge_orientation,1.06180308333,ExtraTrees,7f2cdf24e8baf50094c9eee85d5aabef357e1695572278cd624b47f0d1d88ba3,MODEL_AUDIT_REQUIRED_NOT_WRITTEN_BACK_TO_PERIODIC_GATE
edge_47a9b25f95c209962b991f,pg_4475ded0b1d689bcc3,em_complete_0043_jid_43;em_complete_0481_jid_481,em_complete_0043_jid_43,Li,0,1,stored_edge_orientation,1.22996833333,ExtraTrees,7f2cdf24e8baf50094c9eee85d5aabef357e1695572278cd624b47f0d1d88ba3,MODEL_AUDIT_REQUIRED_NOT_WRITTEN_BACK_TO_PERIODIC_GATE
edge_48431fa069e04bd3b3aee2,pg_4475ded0b1d689bcc3,em_complete_0043_jid_43;em_complete_0481_jid_481,em_complete_0043_jid_43,Li,0,1,stored_edge_orientation,1.24788941667,ExtraTrees,7f2cdf24e8baf50094c9eee85d5aabef357e1695572278cd624b47f0d1d88ba3,MODEL_AUDIT_REQUIRED_NOT_WRITTEN_BACK_TO_PERIODIC_GATE
edge_486dc5f52d18a6fcb9d67b,pg_4475ded0b1d689bcc3,em_complete_0043_jid_43;em_complete_0481_jid_481,em_complete_0043_jid_43,Li,0,1,stored_edge_orientation,1.184801,ExtraTrees,7f2cdf24e8baf50094c9eee85d5aabef357e1695572278cd624b47f0d1d88ba3,MODEL_AUDIT_REQUIRED_NOT_WRITTEN_BACK_TO_PERIODIC_GATE
edge_4887049aa385072540bd6a,pg_4475ded0b1d689bcc3,em_complete_0043_jid_43;em_complete_0481_jid_481,em_complete_0043_jid_43,Li,0,1,stored_edge_orientation,1.14673583333,ExtraTrees,7f2cdf24e8baf50094c9eee85d5aabef357e1695572278cd624b47f0d1d88ba3,MODEL_AUDIT_REQUIRED_NOT_WRITTEN_BACK_TO_PERIODIC_GATE
edge_48e7dfa2ddbe21b84dc53c,pg_4475ded0b1d689bcc3,em_complete_0043_jid_43;em_complete_0481_jid_481,em_complete_0043_jid_43,Li,0,1,stored_edge_orientation,1.06996058333,ExtraTrees,7f2cdf24e8baf50094c9eee85d5aabef357e1695572278cd624b47f0d1d88ba3,MODEL_AUDIT_REQUIRED_NOT_WRITTEN_BACK_TO_PERIODIC_GATE
edge_48f1be44816b6f70bec15e,pg_4475ded0b1d689bcc3,em_complete_0043_jid_43;em_complete_0481_jid_481,em_complete_0043_jid_43,Li,0,1,stored_edge_orientation,1.1488475,ExtraTrees,7f2cdf24e8baf50094c9eee85d5aabef357e1695572278cd624b47f0d1d88ba3,MODEL_AUDIT_REQUIRED_NOT_WRITTEN_BACK_TO_PERIODIC_GATE
edge_48f5908c55988690474a8c,pg_4475ded0b1d689bcc3,em_complete_0043_jid_43;em_complete_0481_jid_481,em_complete_0043_jid_43,Li,0,1,stored_edge_orientation,1.22996833333,ExtraTrees,7f2cdf24e8baf50094c9eee85d5aabef357e1695572278cd624b47f0d1d88ba3,MODEL_AUDIT_REQUIRED_NOT_WRITTEN_BACK_TO_PERIODIC_GATE
edge_490210c2cda19883b0dcec,pg_4475ded0b1d689bcc3,em_complete_0043_jid_43;em_complete_0481_jid_481,em_complete_0043_jid_43,Li,0,1,stored_edge_orientation,1.06427475,ExtraTrees,7f2cdf24e8baf50094c9eee85d5aabef357e1695572278cd624b47f0d1d88ba3,MODEL_AUDIT_REQUIRED_NOT_WRITTEN_BACK_TO_PERIODIC_GATE
edge_49e25157ed6beae86835bc,pg_4475ded0b1d689bcc3,em_complete_0043_jid_43;em_complete_0481_jid_481,em_complete_0043_jid_43,Li,0,1,stored_edge_orientation,1.1631025,ExtraTrees,7f2cdf24e8baf50094c9eee85d5aabef357e1695572278cd624b47f0d1d88ba3,MODEL_AUDIT_REQUIRED_NOT_WRITTEN_BACK_TO_PERIODIC_GATE
edge_4bc9c8b85f569471cc7767,pg_20a00349bb6ec6a266,em_complete_0029_jid_29,em_complete_0029_jid_29,Na,0,1,stored_edge_orientation,0.509911916667,ExtraTrees,7f2cdf24e8baf50094c9eee85d5aabef357e1695572278cd624b47f0d1d88ba3,MODEL_AUDIT_REQUIRED_NOT_WRITTEN_BACK_TO_PERIODIC_GATE
edge_4c0a522a168a23ca4d87a6,pg_4475ded0b1d689bcc3,em_complete_0043_jid_43;em_complete_0481_jid_481,em_complete_0043_jid_43,Li,0,1,stored_edge_orientation,1.06996058333,ExtraTrees,7f2cdf24e8baf50094c9eee85d5aabef357e1695572278cd624b47f0d1d88ba3,MODEL_AUDIT_REQUIRED_NOT_WRITTEN_BACK_TO_PERIODIC_GATE
edge_4c8a645eefb02bf69f8917,pg_4475ded0b1d689bcc3,em_complete_0043_jid_43;em_complete_0481_jid_481,em_complete_0043_jid_43,Li,0,1,stored_edge_orientation,1.25172441667,ExtraTrees,7f2cdf24e8baf50094c9eee85d5aabef357e1695572278cd624b47f0d1d88ba3,MODEL_AUDIT_REQUIRED_NOT_WRITTEN_BACK_TO_PERIODIC_GATE
edge_4cef61fd7e4fb49984ab1c,pg_4475ded0b1d689bcc3,em_complete_0043_jid_43;em_complete_0481_jid_481,em_complete_0043_jid_43,Li,0,1,stored_edge_orientation,1.1631025,ExtraTrees,7f2cdf24e8baf50094c9eee85d5aabef357e1695572278cd624b47f0d1d88ba3,MODEL_AUDIT_REQUIRED_NOT_WRITTEN_BACK_TO_PERIODIC_GATE
edge_4da646b75fa05a455381bb,pg_4475ded0b1d689bcc3,em_complete_0043_jid_43;em_complete_0481_jid_481,em_complete_0043_jid_43,Li,0,1,stored_edge_orientation,1.22996833333,ExtraTrees,7f2cdf24e8baf50094c9eee85d5aabef357e1695572278cd624b47f0d1d88ba3,MODEL_AUDIT_REQUIRED_NOT_WRITTEN_BACK_TO_PERIODIC_GATE
edge_4ddeb489cb9d757dee13bb,pg_4475ded0b1d689bcc3,em_complete_0043_jid_43;em_complete_0481_jid_481,em_complete_0043_jid_43,Li,0,1,stored_edge_orientation,1.24623,ExtraTrees,7f2cdf24e8baf50094c9eee85d5aabef357e1695572278cd624b47f0d1d88ba3,MODEL_AUDIT_REQUIRED_NOT_WRITTEN_BACK_TO_PERIODIC_GATE
edge_4e2cec26fe39ad68687522,pg_4475ded0b1d689bcc3,em_complete_0043_jid_43;em_complete_0481_jid_481,em_complete_0043_jid_43,Li,0,1,stored_edge_orientation,1.06180308333,ExtraTrees,7f2cdf24e8baf50094c9eee85d5aabef357e1695572278cd624b47f0d1d88ba3,MODEL_AUDIT_REQUIRED_NOT_WRITTEN_BACK_TO_PERIODIC_GATE
edge_4e86200214e44200c83869,pg_4475ded0b1d689bcc3,em_complete_0043_jid_43;em_complete_0481_jid_481,em_complete_0043_jid_43,Li,0,1,stored_edge_orientation,1.2466425,ExtraTrees,7f2cdf24e8baf50094c9eee85d5aabef357e1695572278cd624b47f0d1d88ba3,MODEL_AUDIT_REQUIRED_NOT_WRITTEN_BACK_TO_PERIODIC_GATE
edge_4ec411d09d41e19c5d5578,pg_4475ded0b1d689bcc3,em_complete_0043_jid_43;em_complete_0481_jid_481,em_complete_0043_jid_43,Li,0,1,stored_edge_orientation,1.22996833333,ExtraTrees,7f2cdf24e8baf50094c9eee85d5aabef357e1695572278cd624b47f0d1d88ba3,MODEL_AUDIT_REQUIRED_NOT_WRITTEN_BACK_TO_PERIODIC_GATE
edge_4f59d247ce2e37f849bc47,pg_4475ded0b1d689bcc3,em_complete_0043_jid_43;em_complete_0481_jid_481,em_complete_0043_jid_43,Li,0,1,stored_edge_orientation,1.25359941667,ExtraTrees,7f2cdf24e8baf50094c9eee85d5aabef357e1695572278cd624b47f0d1d88ba3,MODEL_AUDIT_REQUIRED_NOT_WRITTEN_BACK_TO_PERIODIC_GATE
edge_4fc634eba624a3b66efa16,pg_4475ded0b1d689bcc3,em_complete_0043_jid_43;em_complete_0481_jid_481,em_complete_0043_jid_43,Li,0,1,stored_edge_orientation,1.165505,ExtraTrees,7f2cdf24e8baf50094c9eee85d5aabef357e1695572278cd624b47f0d1d88ba3,MODEL_AUDIT_REQUIRED_NOT_WRITTEN_BACK_TO_PERIODIC_GATE
edge_5009000180bb5b3c3fb94d,pg_20a00349bb6ec6a266,em_complete_0029_jid_29,em_complete_0029_jid_29,Na,0,1,stored_edge_orientation,0.536079166667,ExtraTrees,7f2cdf24e8baf50094c9eee85d5aabef357e1695572278cd624b47f0d1d88ba3,MODEL_AUDIT_REQUIRED_NOT_WRITTEN_BACK_TO_PERIODIC_GATE
edge_50250ce8d4f234bbc67d4d,pg_20a00349bb6ec6a266,em_complete_0029_jid_29,em_complete_0029_jid_29,Na,0,1,stored_edge_orientation,0.438835833333,ExtraTrees,7f2cdf24e8baf50094c9eee85d5aabef357e1695572278cd624b47f0d1d88ba3,MODEL_AUDIT_REQUIRED_NOT_WRITTEN_BACK_TO_PERIODIC_GATE
edge_516006e034ac9821f180e9,pg_4475ded0b1d689bcc3,em_complete_0043_jid_43;em_complete_0481_jid_481,em_complete_0043_jid_43,Li,0,1,stored_edge_orientation,1.2466425,ExtraTrees,7f2cdf24e8baf50094c9eee85d5aabef357e1695572278cd624b47f0d1d88ba3,MODEL_AUDIT_REQUIRED_NOT_WRITTEN_BACK_TO_PERIODIC_GATE
edge_523195a96764bce1690800,pg_4475ded0b1d689bcc3,em_complete_0043_jid_43;em_complete_0481_jid_481,em_complete_0043_jid_43,Li,0,1,stored_edge_orientation,1.07111975,ExtraTrees,7f2cdf24e8baf50094c9eee85d5aabef357e1695572278cd624b47f0d1d88ba3,MODEL_AUDIT_REQUIRED_NOT_WRITTEN_BACK_TO_PERIODIC_GATE
edge_5287ee5adbc83e02c05924,pg_4475ded0b1d689bcc3,em_complete_0043_jid_43;em_complete_0481_jid_481,em_complete_0043_jid_43,Li,0,1,stored_edge_orientation,1.22996833333,ExtraTrees,7f2cdf24e8baf50094c9eee85d5aabef357e1695572278cd624b47f0d1d88ba3,MODEL_AUDIT_REQUIRED_NOT_WRITTEN_BACK_TO_PERIODIC_GATE
edge_52b15903b0a95f3242b4ec,pg_4475ded0b1d689bcc3,em_complete_0043_jid_43;em_complete_0481_jid_481,em_complete_0043_jid_43,Li,0,1,stored_edge_orientation,1.1488475,ExtraTrees,7f2cdf24e8baf50094c9eee85d5aabef357e1695572278cd624b47f0d1d88ba3,MODEL_AUDIT_REQUIRED_NOT_WRITTEN_BACK_TO_PERIODIC_GATE
edge_531e0eeaca7498e357cfc4,pg_4475ded0b1d689bcc3,em_complete_0043_jid_43;em_complete_0481_jid_481,em_complete_0043_jid_43,Li,0,1,stored_edge_orientation,1.07013641667,ExtraTrees,7f2cdf24e8baf50094c9eee85d5aabef357e1695572278cd624b47f0d1d88ba3,MODEL_AUDIT_REQUIRED_NOT_WRITTEN_BACK_TO_PERIODIC_GATE
edge_53751bf64aa9c11ce1154a,pg_4475ded0b1d689bcc3,em_complete_0043_jid_43;em_complete_0481_jid_481,em_complete_0043_jid_43,Li,0,1,stored_edge_orientation,1.23989041667,ExtraTrees,7f2cdf24e8baf50094c9eee85d5aabef357e1695572278cd624b47f0d1d88ba3,MODEL_AUDIT_REQUIRED_NOT_WRITTEN_BACK_TO_PERIODIC_GATE
edge_54e5c6bb40f188442613ed,pg_4475ded0b1d689bcc3,em_complete_0043_jid_43;em_complete_0481_jid_481,em_complete_0043_jid_43,Li,0,1,stored_edge_orientation,1.2466425,ExtraTrees,7f2cdf24e8baf50094c9eee85d5aabef357e1695572278cd624b47f0d1d88ba3,MODEL_AUDIT_REQUIRED_NOT_WRITTEN_BACK_TO_PERIODIC_GATE
edge_557b4c4cbdbdd8213aacba,pg_20a00349bb6ec6a266,em_complete_0029_jid_29,em_complete_0029_jid_29,Na,0,1,stored_edge_orientation,0.509911916667,ExtraTrees,7f2cdf24e8baf50094c9eee85d5aabef357e1695572278cd624b47f0d1d88ba3,MODEL_AUDIT_REQUIRED_NOT_WRITTEN_BACK_TO_PERIODIC_GATE
edge_564f808014cbfdda69ca4f,pg_4475ded0b1d689bcc3,em_complete_0043_jid_43;em_complete_0481_jid_481,em_complete_0043_jid_43,Li,0,1,stored_edge_orientation,1.22996833333,ExtraTrees,7f2cdf24e8baf50094c9eee85d5aabef357e1695572278cd624b47f0d1d88ba3,MODEL_AUDIT_REQUIRED_NOT_WRITTEN_BACK_TO_PERIODIC_GATE
edge_5671b696de494edc9658f2,pg_4475ded0b1d689bcc3,em_complete_0043_jid_43;em_complete_0481_jid_481,em_complete_0043_jid_43,Li,0,1,stored_edge_orientation,1.24030291667,ExtraTrees,7f2cdf24e8baf50094c9eee85d5aabef357e1695572278cd624b47f0d1d88ba3,MODEL_AUDIT_REQUIRED_NOT_WRITTEN_BACK_TO_PERIODIC_GATE
edge_56abb523a5f1464c10e79b,pg_8fa38152fbe8956b86,em_complete_0001_jid_1,em_complete_0001_jid_1,Mg,0,1,stored_edge_orientation,1.25367608333,ExtraTrees,7f2cdf24e8baf50094c9eee85d5aabef357e1695572278cd624b47f0d1d88ba3,MODEL_AUDIT_REQUIRED_NOT_WRITTEN_BACK_TO_PERIODIC_GATE
edge_56b11101e3333ffaa33d94,pg_4475ded0b1d689bcc3,em_complete_0043_jid_43;em_complete_0481_jid_481,em_complete_0043_jid_43,Li,0,1,stored_edge_orientation,1.165505,ExtraTrees,7f2cdf24e8baf50094c9eee85d5aabef357e1695572278cd624b47f0d1d88ba3,MODEL_AUDIT_REQUIRED_NOT_WRITTEN_BACK_TO_PERIODIC_GATE
edge_56b7511b8d1cc26bb63f83,pg_f8fcda589b7022b756,em_complete_0212_jid_212;em_complete_0345_jid_345,em_complete_0212_jid_212,Ca,0,1,stored_edge_orientation,2.05910516667,ExtraTrees,7f2cdf24e8baf50094c9eee85d5aabef357e1695572278cd624b47f0d1d88ba3,MODEL_AUDIT_REQUIRED_NOT_WRITTEN_BACK_TO_PERIODIC_GATE
edge_56cd143abebd24a881578e,pg_4475ded0b1d689bcc3,em_complete_0043_jid_43;em_complete_0481_jid_481,em_complete_0043_jid_43,Li,0,1,stored_edge_orientation,1.06996058333,ExtraTrees,7f2cdf24e8baf50094c9eee85d5aabef357e1695572278cd624b47f0d1d88ba3,MODEL_AUDIT_REQUIRED_NOT_WRITTEN_BACK_TO_PERIODIC_GATE
edge_56f5f40b51b94cf00ce412,pg_4475ded0b1d689bcc3,em_complete_0043_jid_43;em_complete_0481_jid_481,em_complete_0043_jid_43,Li,0,1,stored_edge_orientation,1.06766475,ExtraTrees,7f2cdf24e8baf50094c9eee85d5aabef357e1695572278cd624b47f0d1d88ba3,MODEL_AUDIT_REQUIRED_NOT_WRITTEN_BACK_TO_PERIODIC_GATE
edge_573e49a1e6e7bd6471eed3,pg_4475ded0b1d689bcc3,em_complete_0043_jid_43;em_complete_0481_jid_481,em_complete_0043_jid_43,Li,0,1,stored_edge_orientation,1.2466425,ExtraTrees,7f2cdf24e8baf50094c9eee85d5aabef357e1695572278cd624b47f0d1d88ba3,MODEL_AUDIT_REQUIRED_NOT_WRITTEN_BACK_TO_PERIODIC_GATE
edge_57d5cb18d33ad8a598f8f2,pg_4475ded0b1d689bcc3,em_complete_0043_jid_43;em_complete_0481_jid_481,em_complete_0043_jid_43,Li,0,1,stored_edge_orientation,1.06766475,ExtraTrees,7f2cdf24e8baf50094c9eee85d5aabef357e1695572278cd624b47f0d1d88ba3,MODEL_AUDIT_REQUIRED_NOT_WRITTEN_BACK_TO_PERIODIC_GATE
edge_57e1bea47013a7b3b93f78,pg_4475ded0b1d689bcc3,em_complete_0043_jid_43;em_complete_0481_jid_481,em_complete_0043_jid_43,Li,0,1,stored_edge_orientation,1.22996833333,ExtraTrees,7f2cdf24e8baf50094c9eee85d5aabef357e1695572278cd624b47f0d1d88ba3,MODEL_AUDIT_REQUIRED_NOT_WRITTEN_BACK_TO_PERIODIC_GATE
edge_58342355655b8077cf0e1e,pg_4475ded0b1d689bcc3,em_complete_0043_jid_43;em_complete_0481_jid_481,em_complete_0043_jid_43,Li,0,1,stored_edge_orientation,1.07111975,ExtraTrees,7f2cdf24e8baf50094c9eee85d5aabef357e1695572278cd624b47f0d1d88ba3,MODEL_AUDIT_REQUIRED_NOT_WRITTEN_BACK_TO_PERIODIC_GATE
edge_586a4c0f69c7755856b2e6,pg_f8fcda589b7022b756,em_complete_0212_jid_212;em_complete_0345_jid_345,em_complete_0212_jid_212,Ca,0,1,stored_edge_orientation,2.05910516667,ExtraTrees,7f2cdf24e8baf50094c9eee85d5aabef357e1695572278cd624b47f0d1d88ba3,MODEL_AUDIT_REQUIRED_NOT_WRITTEN_BACK_TO_PERIODIC_GATE
edge_586b4b121e45dad0eaf624,pg_4475ded0b1d689bcc3,em_complete_0043_jid_43;em_complete_0481_jid_481,em_complete_0043_jid_43,Li,0,1,reversed_to_occupied_start,1.29584583333,ExtraTrees,7f2cdf24e8baf50094c9eee85d5aabef357e1695572278cd624b47f0d1d88ba3,MODEL_AUDIT_REQUIRED_NOT_WRITTEN_BACK_TO_PERIODIC_GATE
edge_58db29affce1f37446067c,pg_4475ded0b1d689bcc3,em_complete_0043_jid_43;em_complete_0481_jid_481,em_complete_0043_jid_43,Li,0,1,stored_edge_orientation,1.2466425,ExtraTrees,7f2cdf24e8baf50094c9eee85d5aabef357e1695572278cd624b47f0d1d88ba3,MODEL_AUDIT_REQUIRED_NOT_WRITTEN_BACK_TO_PERIODIC_GATE
edge_597c6cb3d3a478c9f3b046,pg_4475ded0b1d689bcc3,em_complete_0043_jid_43;em_complete_0481_jid_481,em_complete_0043_jid_43,Li,0,1,stored_edge_orientation,1.22996833333,ExtraTrees,7f2cdf24e8baf50094c9eee85d5aabef357e1695572278cd624b47f0d1d88ba3,MODEL_AUDIT_REQUIRED_NOT_WRITTEN_BACK_TO_PERIODIC_GATE
edge_5a4973074dbc1eab22b725,pg_4475ded0b1d689bcc3,em_complete_0043_jid_43;em_complete_0481_jid_481,em_complete_0043_jid_43,Li,0,1,stored_edge_orientation,1.05860225,ExtraTrees,7f2cdf24e8baf50094c9eee85d5aabef357e1695572278cd624b47f0d1d88ba3,MODEL_AUDIT_REQUIRED_NOT_WRITTEN_BACK_TO_PERIODIC_GATE
edge_5a5baf5a2d65134da49b89,pg_4475ded0b1d689bcc3,em_complete_0043_jid_43;em_complete_0481_jid_481,em_complete_0043_jid_43,Li,0,1,stored_edge_orientation,1.14673583333,ExtraTrees,7f2cdf24e8baf50094c9eee85d5aabef357e1695572278cd624b47f0d1d88ba3,MODEL_AUDIT_REQUIRED_NOT_WRITTEN_BACK_TO_PERIODIC_GATE
edge_5a923fa323cdad58d9a69e,pg_20a00349bb6ec6a266,em_complete_0029_jid_29,em_complete_0029_jid_29,Na,0,1,stored_edge_orientation,0.509911916667,ExtraTrees,7f2cdf24e8baf50094c9eee85d5aabef357e1695572278cd624b47f0d1d88ba3,MODEL_AUDIT_REQUIRED_NOT_WRITTEN_BACK_TO_PERIODIC_GATE
edge_5ad29dee2fbc740531ba15,pg_4475ded0b1d689bcc3,em_complete_0043_jid_43;em_complete_0481_jid_481,em_complete_0043_jid_43,Li,0,1,stored_edge_orientation,1.25377858333,ExtraTrees,7f2cdf24e8baf50094c9eee85d5aabef357e1695572278cd624b47f0d1d88ba3,MODEL_AUDIT_REQUIRED_NOT_WRITTEN_BACK_TO_PERIODIC_GATE
edge_5ada3e9e5ce696012b7873,pg_4475ded0b1d689bcc3,em_complete_0043_jid_43;em_complete_0481_jid_481,em_complete_0043_jid_43,Li,0,1,stored_edge_orientation,1.30679875,ExtraTrees,7f2cdf24e8baf50094c9eee85d5aabef357e1695572278cd624b47f0d1d88ba3,MODEL_AUDIT_REQUIRED_NOT_WRITTEN_BACK_TO_PERIODIC_GATE
edge_5ae76c8589a2bcc928eab9,pg_20a00349bb6ec6a266,em_complete_0029_jid_29,em_complete_0029_jid_29,Na,0,1,stored_edge_orientation,0.509911916667,ExtraTrees,7f2cdf24e8baf50094c9eee85d5aabef357e1695572278cd624b47f0d1d88ba3,MODEL_AUDIT_REQUIRED_NOT_WRITTEN_BACK_TO_PERIODIC_GATE
edge_5b2210f0ca122c0724c15d,pg_4475ded0b1d689bcc3,em_complete_0043_jid_43;em_complete_0481_jid_481,em_complete_0043_jid_43,Li,0,1,stored_edge_orientation,1.06180308333,ExtraTrees,7f2cdf24e8baf50094c9eee85d5aabef357e1695572278cd624b47f0d1d88ba3,MODEL_AUDIT_REQUIRED_NOT_WRITTEN_BACK_TO_PERIODIC_GATE
edge_5b43b6395796df5c0496a4,pg_20a00349bb6ec6a266,em_complete_0029_jid_29,em_complete_0029_jid_29,Na,0,1,reversed_to_occupied_start,0.1114325,ExtraTrees,7f2cdf24e8baf50094c9eee85d5aabef357e1695572278cd624b47f0d1d88ba3,MODEL_AUDIT_REQUIRED_NOT_WRITTEN_BACK_TO_PERIODIC_GATE
edge_5b5c1e14d28512b8289fde,pg_4475ded0b1d689bcc3,em_complete_0043_jid_43;em_complete_0481_jid_481,em_complete_0043_jid_43,Li,0,1,stored_edge_orientation,1.06427475,ExtraTrees,7f2cdf24e8baf50094c9eee85d5aabef357e1695572278cd624b47f0d1d88ba3,MODEL_AUDIT_REQUIRED_NOT_WRITTEN_BACK_TO_PERIODIC_GATE
edge_5b68ae259d0ee5e97c13ac,pg_4475ded0b1d689bcc3,em_complete_0043_jid_43;em_complete_0481_jid_481,em_complete_0043_jid_43,Li,0,1,stored_edge_orientation,1.2466425,ExtraTrees,7f2cdf24e8baf50094c9eee85d5aabef357e1695572278cd624b47f0d1d88ba3,MODEL_AUDIT_REQUIRED_NOT_WRITTEN_BACK_TO_PERIODIC_GATE
edge_5b8c0d4583f2734fc46745,pg_4475ded0b1d689bcc3,em_complete_0043_jid_43;em_complete_0481_jid_481,em_complete_0043_jid_43,Li,0,1,stored_edge_orientation,1.14762833333,ExtraTrees,7f2cdf24e8baf50094c9eee85d5aabef357e1695572278cd624b47f0d1d88ba3,MODEL_AUDIT_REQUIRED_NOT_WRITTEN_BACK_TO_PERIODIC_GATE
edge_5bf946790df1cdf58c3257,pg_20a00349bb6ec6a266,em_complete_0029_jid_29,em_complete_0029_jid_29,Na,0,1,stored_edge_orientation,0.531298333333,ExtraTrees,7f2cdf24e8baf50094c9eee85d5aabef357e1695572278cd624b47f0d1d88ba3,MODEL_AUDIT_REQUIRED_NOT_WRITTEN_BACK_TO_PERIODIC_GATE
edge_5c273c1255b875ab1a46f2,pg_20a00349bb6ec6a266,em_complete_0029_jid_29,em_complete_0029_jid_29,Na,0,1,stored_edge_orientation,0.511963583333,ExtraTrees,7f2cdf24e8baf50094c9eee85d5aabef357e1695572278cd624b47f0d1d88ba3,MODEL_AUDIT_REQUIRED_NOT_WRITTEN_BACK_TO_PERIODIC_GATE
edge_5ceb33ccee5913914d5ecf,pg_20a00349bb6ec6a266,em_complete_0029_jid_29,em_complete_0029_jid_29,Na,0,1,stored_edge_orientation,0.531298333333,ExtraTrees,7f2cdf24e8baf50094c9eee85d5aabef357e1695572278cd624b47f0d1d88ba3,MODEL_AUDIT_REQUIRED_NOT_WRITTEN_BACK_TO_PERIODIC_GATE
edge_5d564ed3d98f664bbfeeb0,pg_4475ded0b1d689bcc3,em_complete_0043_jid_43;em_complete_0481_jid_481,em_complete_0043_jid_43,Li,0,1,stored_edge_orientation,1.24788941667,ExtraTrees,7f2cdf24e8baf50094c9eee85d5aabef357e1695572278cd624b47f0d1d88ba3,MODEL_AUDIT_REQUIRED_NOT_WRITTEN_BACK_TO_PERIODIC_GATE
edge_5d774f34b3a124f22dfdbb,pg_8fa38152fbe8956b86,em_complete_0001_jid_1,em_complete_0001_jid_1,Mg,0,1,stored_edge_orientation,1.25307608333,ExtraTrees,7f2cdf24e8baf50094c9eee85d5aabef357e1695572278cd624b47f0d1d88ba3,MODEL_AUDIT_REQUIRED_NOT_WRITTEN_BACK_TO_PERIODIC_GATE
edge_5dbb401ea8f28fb03e047b,pg_4475ded0b1d689bcc3,em_complete_0043_jid_43;em_complete_0481_jid_481,em_complete_0043_jid_43,Li,0,1,stored_edge_orientation,1.1488475,ExtraTrees,7f2cdf24e8baf50094c9eee85d5aabef357e1695572278cd624b47f0d1d88ba3,MODEL_AUDIT_REQUIRED_NOT_WRITTEN_BACK_TO_PERIODIC_GATE
edge_5dc11678ff983b45eafbce,pg_4475ded0b1d689bcc3,em_complete_0043_jid_43;em_complete_0481_jid_481,em_complete_0043_jid_43,Li,0,1,stored_edge_orientation,1.07013641667,ExtraTrees,7f2cdf24e8baf50094c9eee85d5aabef357e1695572278cd624b47f0d1d88ba3,MODEL_AUDIT_REQUIRED_NOT_WRITTEN_BACK_TO_PERIODIC_GATE
edge_5dd6ee366059e5d5a6ac46,pg_20a00349bb6ec6a266,em_complete_0029_jid_29,em_complete_0029_jid_29,Na,0,1,stored_edge_orientation,0.42934125,ExtraTrees,7f2cdf24e8baf50094c9eee85d5aabef357e1695572278cd624b47f0d1d88ba3,MODEL_AUDIT_REQUIRED_NOT_WRITTEN_BACK_TO_PERIODIC_GATE
edge_5e20046984df65a0fee4fe,pg_20a00349bb6ec6a266,em_complete_0029_jid_29,em_complete_0029_jid_29,Na,0,1,stored_edge_orientation,0.511963583333,ExtraTrees,7f2cdf24e8baf50094c9eee85d5aabef357e1695572278cd624b47f0d1d88ba3,MODEL_AUDIT_REQUIRED_NOT_WRITTEN_BACK_TO_PERIODIC_GATE
edge_5ea4f47e58c16a3e66f653,pg_4475ded0b1d689bcc3,em_complete_0043_jid_43;em_complete_0481_jid_481,em_complete_0043_jid_43,Li,0,1,stored_edge_orientation,1.2466425,ExtraTrees,7f2cdf24e8baf50094c9eee85d5aabef357e1695572278cd624b47f0d1d88ba3,MODEL_AUDIT_REQUIRED_NOT_WRITTEN_BACK_TO_PERIODIC_GATE
edge_5f02402937508e4458800e,pg_20a00349bb6ec6a266,em_complete_0029_jid_29,em_complete_0029_jid_29,Na,0,1,stored_edge_orientation,0.511963583333,ExtraTrees,7f2cdf24e8baf50094c9eee85d5aabef357e1695572278cd624b47f0d1d88ba3,MODEL_AUDIT_REQUIRED_NOT_WRITTEN_BACK_TO_PERIODIC_GATE
edge_5f56cfa2634e4e2e36dea3,pg_4475ded0b1d689bcc3,em_complete_0043_jid_43;em_complete_0481_jid_481,em_complete_0043_jid_43,Li,0,1,stored_edge_orientation,1.165505,ExtraTrees,7f2cdf24e8baf50094c9eee85d5aabef357e1695572278cd624b47f0d1d88ba3,MODEL_AUDIT_REQUIRED_NOT_WRITTEN_BACK_TO_PERIODIC_GATE
edge_5fb0575ad12a7692523b47,pg_4475ded0b1d689bcc3,em_complete_0043_jid_43;em_complete_0481_jid_481,em_complete_0043_jid_43,Li,0,1,reversed_to_occupied_start,0.98659075,ExtraTrees,7f2cdf24e8baf50094c9eee85d5aabef357e1695572278cd624b47f0d1d88ba3,MODEL_AUDIT_REQUIRED_NOT_WRITTEN_BACK_TO_PERIODIC_GATE
edge_60332711dad25fd61776a6,pg_f8fcda589b7022b756,em_complete_0212_jid_212;em_complete_0345_jid_345,em_complete_0212_jid_212,Ca,0,1,stored_edge_orientation,2.06272016667,ExtraTrees,7f2cdf24e8baf50094c9eee85d5aabef357e1695572278cd624b47f0d1d88ba3,MODEL_AUDIT_REQUIRED_NOT_WRITTEN_BACK_TO_PERIODIC_GATE
edge_60494e83abf510e1b98077,pg_4475ded0b1d689bcc3,em_complete_0043_jid_43;em_complete_0481_jid_481,em_complete_0043_jid_43,Li,0,1,stored_edge_orientation,1.04979975,ExtraTrees,7f2cdf24e8baf50094c9eee85d5aabef357e1695572278cd624b47f0d1d88ba3,MODEL_AUDIT_REQUIRED_NOT_WRITTEN_BACK_TO_PERIODIC_GATE
edge_60b1a670fa514894750270,pg_4475ded0b1d689bcc3,em_complete_0043_jid_43;em_complete_0481_jid_481,em_complete_0043_jid_43,Li,0,1,stored_edge_orientation,1.24788941667,ExtraTrees,7f2cdf24e8baf50094c9eee85d5aabef357e1695572278cd624b47f0d1d88ba3,MODEL_AUDIT_REQUIRED_NOT_WRITTEN_BACK_TO_PERIODIC_GATE
edge_612f8d7d79f165d398361e,pg_4475ded0b1d689bcc3,em_complete_0043_jid_43;em_complete_0481_jid_481,em_complete_0043_jid_43,Li,0,1,stored_edge_orientation,1.22996833333,ExtraTrees,7f2cdf24e8baf50094c9eee85d5aabef357e1695572278cd624b47f0d1d88ba3,MODEL_AUDIT_REQUIRED_NOT_WRITTEN_BACK_TO_PERIODIC_GATE
edge_61b05b4c06b34736e6e042,pg_4475ded0b1d689bcc3,em_complete_0043_jid_43;em_complete_0481_jid_481,em_complete_0043_jid_43,Li,0,1,stored_edge_orientation,0.395686166667,ExtraTrees,7f2cdf24e8baf50094c9eee85d5aabef357e1695572278cd624b47f0d1d88ba3,MODEL_AUDIT_REQUIRED_NOT_WRITTEN_BACK_TO_PERIODIC_GATE
edge_61ead69ab74c1ea1c6593b,pg_4475ded0b1d689bcc3,em_complete_0043_jid_43;em_complete_0481_jid_481,em_complete_0043_jid_43,Li,0,1,stored_edge_orientation,1.24788941667,ExtraTrees,7f2cdf24e8baf50094c9eee85d5aabef357e1695572278cd624b47f0d1d88ba3,MODEL_AUDIT_REQUIRED_NOT_WRITTEN_BACK_TO_PERIODIC_GATE
edge_6278db30086a1a6afcccb1,pg_20a00349bb6ec6a266,em_complete_0029_jid_29,em_complete_0029_jid_29,Na,0,1,stored_edge_orientation,0.509911916667,ExtraTrees,7f2cdf24e8baf50094c9eee85d5aabef357e1695572278cd624b47f0d1d88ba3,MODEL_AUDIT_REQUIRED_NOT_WRITTEN_BACK_TO_PERIODIC_GATE
edge_6286d7a8a1782fae25f737,pg_4475ded0b1d689bcc3,em_complete_0043_jid_43;em_complete_0481_jid_481,em_complete_0043_jid_43,Li,0,1,stored_edge_orientation,1.07013641667,ExtraTrees,7f2cdf24e8baf50094c9eee85d5aabef357e1695572278cd624b47f0d1d88ba3,MODEL_AUDIT_REQUIRED_NOT_WRITTEN_BACK_TO_PERIODIC_GATE
edge_62acc4cba3a28e45f027a2,pg_4475ded0b1d689bcc3,em_complete_0043_jid_43;em_complete_0481_jid_481,em_complete_0043_jid_43,Li,0,1,stored_edge_orientation,1.1631025,ExtraTrees,7f2cdf24e8baf50094c9eee85d5aabef357e1695572278cd624b47f0d1d88ba3,MODEL_AUDIT_REQUIRED_NOT_WRITTEN_BACK_TO_PERIODIC_GATE
edge_62c58d650060e9c41ec2b4,pg_4475ded0b1d689bcc3,em_complete_0043_jid_43;em_complete_0481_jid_481,em_complete_0043_jid_43,Li,0,1,stored_edge_orientation,1.24623,ExtraTrees,7f2cdf24e8baf50094c9eee85d5aabef357e1695572278cd624b47f0d1d88ba3,MODEL_AUDIT_REQUIRED_NOT_WRITTEN_BACK_TO_PERIODIC_GATE
edge_62f5de84111fca4819195f,pg_20a00349bb6ec6a266,em_complete_0029_jid_29,em_complete_0029_jid_29,Na,0,1,stored_edge_orientation,0.535620833333,ExtraTrees,7f2cdf24e8baf50094c9eee85d5aabef357e1695572278cd624b47f0d1d88ba3,MODEL_AUDIT_REQUIRED_NOT_WRITTEN_BACK_TO_PERIODIC_GATE
edge_632cf43fbeba1a6ca116f4,pg_4475ded0b1d689bcc3,em_complete_0043_jid_43;em_complete_0481_jid_481,em_complete_0043_jid_43,Li,0,1,stored_edge_orientation,1.06766475,ExtraTrees,7f2cdf24e8baf50094c9eee85d5aabef357e1695572278cd624b47f0d1d88ba3,MODEL_AUDIT_REQUIRED_NOT_WRITTEN_BACK_TO_PERIODIC_GATE
edge_633fed83ca837fc16f54f3,pg_4475ded0b1d689bcc3,em_complete_0043_jid_43;em_complete_0481_jid_481,em_complete_0043_jid_43,Li,0,1,stored_edge_orientation,1.06427475,ExtraTrees,7f2cdf24e8baf50094c9eee85d5aabef357e1695572278cd624b47f0d1d88ba3,MODEL_AUDIT_REQUIRED_NOT_WRITTEN_BACK_TO_PERIODIC_GATE
edge_635ba9c903bafd9b6acb6d,pg_4475ded0b1d689bcc3,em_complete_0043_jid_43;em_complete_0481_jid_481,em_complete_0043_jid_43,Li,0,1,stored_edge_orientation,1.26269858333,ExtraTrees,7f2cdf24e8baf50094c9eee85d5aabef357e1695572278cd624b47f0d1d88ba3,MODEL_AUDIT_REQUIRED_NOT_WRITTEN_BACK_TO_PERIODIC_GATE
edge_6391bda21e7417127f3bdd,pg_4475ded0b1d689bcc3,em_complete_0043_jid_43;em_complete_0481_jid_481,em_complete_0043_jid_43,Li,0,1,stored_edge_orientation,1.24623,ExtraTrees,7f2cdf24e8baf50094c9eee85d5aabef357e1695572278cd624b47f0d1d88ba3,MODEL_AUDIT_REQUIRED_NOT_WRITTEN_BACK_TO_PERIODIC_GATE
edge_63b4ddad265f22cb491f3b,pg_4475ded0b1d689bcc3,em_complete_0043_jid_43;em_complete_0481_jid_481,em_complete_0043_jid_43,Li,0,1,stored_edge_orientation,1.22996833333,ExtraTrees,7f2cdf24e8baf50094c9eee85d5aabef357e1695572278cd624b47f0d1d88ba3,MODEL_AUDIT_REQUIRED_NOT_WRITTEN_BACK_TO_PERIODIC_GATE
edge_6493ca7911c6c9c3735e60,pg_4475ded0b1d689bcc3,em_complete_0043_jid_43;em_complete_0481_jid_481,em_complete_0043_jid_43,Li,0,1,stored_edge_orientation,1.24623,ExtraTrees,7f2cdf24e8baf50094c9eee85d5aabef357e1695572278cd624b47f0d1d88ba3,MODEL_AUDIT_REQUIRED_NOT_WRITTEN_BACK_TO_PERIODIC_GATE
edge_6500ebe63703fc2892319f,pg_4475ded0b1d689bcc3,em_complete_0043_jid_43;em_complete_0481_jid_481,em_complete_0043_jid_43,Li,0,1,stored_edge_orientation,1.2466425,ExtraTrees,7f2cdf24e8baf50094c9eee85d5aabef357e1695572278cd624b47f0d1d88ba3,MODEL_AUDIT_REQUIRED_NOT_WRITTEN_BACK_TO_PERIODIC_GATE
edge_65b7019a5eeef82acf0b54,pg_4475ded0b1d689bcc3,em_complete_0043_jid_43;em_complete_0481_jid_481,em_complete_0043_jid_43,Li,0,1,stored_edge_orientation,1.24623,ExtraTrees,7f2cdf24e8baf50094c9eee85d5aabef357e1695572278cd624b47f0d1d88ba3,MODEL_AUDIT_REQUIRED_NOT_WRITTEN_BACK_TO_PERIODIC_GATE
edge_6613a31964c3eb00401dbe,pg_4475ded0b1d689bcc3,em_complete_0043_jid_43;em_complete_0481_jid_481,em_complete_0043_jid_43,Li,0,1,stored_edge_orientation,1.22264541667,ExtraTrees,7f2cdf24e8baf50094c9eee85d5aabef357e1695572278cd624b47f0d1d88ba3,MODEL_AUDIT_REQUIRED_NOT_WRITTEN_BACK_TO_PERIODIC_GATE
edge_66428762ebee0bd48d283d,pg_4475ded0b1d689bcc3,em_complete_0043_jid_43;em_complete_0481_jid_481,em_complete_0043_jid_43,Li,0,1,stored_edge_orientation,1.23890708333,ExtraTrees,7f2cdf24e8baf50094c9eee85d5aabef357e1695572278cd624b47f0d1d88ba3,MODEL_AUDIT_REQUIRED_NOT_WRITTEN_BACK_TO_PERIODIC_GATE
edge_66ac4acc9448e4c6aa9890,pg_4475ded0b1d689bcc3,em_complete_0043_jid_43;em_complete_0481_jid_481,em_complete_0043_jid_43,Li,0,1,stored_edge_orientation,1.14762833333,ExtraTrees,7f2cdf24e8baf50094c9eee85d5aabef357e1695572278cd624b47f0d1d88ba3,MODEL_AUDIT_REQUIRED_NOT_WRITTEN_BACK_TO_PERIODIC_GATE
edge_670c39a0cdddbdec454533,pg_f8fcda589b7022b756,em_complete_0212_jid_212;em_complete_0345_jid_345,em_complete_0212_jid_212,Ca,0,1,stored_edge_orientation,2.05910516667,ExtraTrees,7f2cdf24e8baf50094c9eee85d5aabef357e1695572278cd624b47f0d1d88ba3,MODEL_AUDIT_REQUIRED_NOT_WRITTEN_BACK_TO_PERIODIC_GATE
edge_67bde608197a8c5f2603ff,pg_4475ded0b1d689bcc3,em_complete_0043_jid_43;em_complete_0481_jid_481,em_complete_0043_jid_43,Li,0,1,stored_edge_orientation,1.06427475,ExtraTrees,7f2cdf24e8baf50094c9eee85d5aabef357e1695572278cd624b47f0d1d88ba3,MODEL_AUDIT_REQUIRED_NOT_WRITTEN_BACK_TO_PERIODIC_GATE
edge_68c727244705842edf5d8f,pg_4475ded0b1d689bcc3,em_complete_0043_jid_43;em_complete_0481_jid_481,em_complete_0043_jid_43,Li,0,1,stored_edge_orientation,1.23931958333,ExtraTrees,7f2cdf24e8baf50094c9eee85d5aabef357e1695572278cd624b47f0d1d88ba3,MODEL_AUDIT_REQUIRED_NOT_WRITTEN_BACK_TO_PERIODIC_GATE
edge_691a6a046bc50046c79540,pg_8fa38152fbe8956b86,em_complete_0001_jid_1,em_complete_0001_jid_1,Mg,0,1,stored_edge_orientation,1.25367608333,ExtraTrees,7f2cdf24e8baf50094c9eee85d5aabef357e1695572278cd624b47f0d1d88ba3,MODEL_AUDIT_REQUIRED_NOT_WRITTEN_BACK_TO_PERIODIC_GATE
edge_6929a4bf99b2f01c527631,pg_4475ded0b1d689bcc3,em_complete_0043_jid_43;em_complete_0481_jid_481,em_complete_0043_jid_43,Li,0,1,stored_edge_orientation,1.147955,ExtraTrees,7f2cdf24e8baf50094c9eee85d5aabef357e1695572278cd624b47f0d1d88ba3,MODEL_AUDIT_REQUIRED_NOT_WRITTEN_BACK_TO_PERIODIC_GATE
edge_69d05d270c1745f15a0e03,pg_4475ded0b1d689bcc3,em_complete_0043_jid_43;em_complete_0481_jid_481,em_complete_0043_jid_43,Li,0,1,stored_edge_orientation,1.14673583333,ExtraTrees,7f2cdf24e8baf50094c9eee85d5aabef357e1695572278cd624b47f0d1d88ba3,MODEL_AUDIT_REQUIRED_NOT_WRITTEN_BACK_TO_PERIODIC_GATE
edge_6a157eba99829fbbb34160,pg_4475ded0b1d689bcc3,em_complete_0043_jid_43;em_complete_0481_jid_481,em_complete_0043_jid_43,Li,0,1,stored_edge_orientation,1.24623,ExtraTrees,7f2cdf24e8baf50094c9eee85d5aabef357e1695572278cd624b47f0d1d88ba3,MODEL_AUDIT_REQUIRED_NOT_WRITTEN_BACK_TO_PERIODIC_GATE
edge_6a3158c772e0e690e9ae6c,pg_4475ded0b1d689bcc3,em_complete_0043_jid_43;em_complete_0481_jid_481,em_complete_0043_jid_43,Li,0,1,stored_edge_orientation,1.14673583333,ExtraTrees,7f2cdf24e8baf50094c9eee85d5aabef357e1695572278cd624b47f0d1d88ba3,MODEL_AUDIT_REQUIRED_NOT_WRITTEN_BACK_TO_PERIODIC_GATE
edge_6a3b56c5d44f5de9eff9b4,pg_4475ded0b1d689bcc3,em_complete_0043_jid_43;em_complete_0481_jid_481,em_complete_0043_jid_43,Li,0,1,stored_edge_orientation,1.14673583333,ExtraTrees,7f2cdf24e8baf50094c9eee85d5aabef357e1695572278cd624b47f0d1d88ba3,MODEL_AUDIT_REQUIRED_NOT_WRITTEN_BACK_TO_PERIODIC_GATE
edge_6a625719c6a3cae3868516,pg_4475ded0b1d689bcc3,em_complete_0043_jid_43;em_complete_0481_jid_481,em_complete_0043_jid_43,Li,0,1,stored_edge_orientation,1.23890708333,ExtraTrees,7f2cdf24e8baf50094c9eee85d5aabef357e1695572278cd624b47f0d1d88ba3,MODEL_AUDIT_REQUIRED_NOT_WRITTEN_BACK_TO_PERIODIC_GATE
edge_6c18d3403c601fe0220a9d,pg_4475ded0b1d689bcc3,em_complete_0043_jid_43;em_complete_0481_jid_481,em_complete_0043_jid_43,Li,0,1,stored_edge_orientation,1.25377858333,ExtraTrees,7f2cdf24e8baf50094c9eee85d5aabef357e1695572278cd624b47f0d1d88ba3,MODEL_AUDIT_REQUIRED_NOT_WRITTEN_BACK_TO_PERIODIC_GATE
edge_6c21cacd1cf9f1fadf67f4,pg_4475ded0b1d689bcc3,em_complete_0043_jid_43;em_complete_0481_jid_481,em_complete_0043_jid_43,Li,0,1,stored_edge_orientation,1.06996058333,ExtraTrees,7f2cdf24e8baf50094c9eee85d5aabef357e1695572278cd624b47f0d1d88ba3,MODEL_AUDIT_REQUIRED_NOT_WRITTEN_BACK_TO_PERIODIC_GATE
edge_6c31b47d8fb40e3e57b3d2,pg_4475ded0b1d689bcc3,em_complete_0043_jid_43;em_complete_0481_jid_481,em_complete_0043_jid_43,Li,0,1,stored_edge_orientation,1.25359941667,ExtraTrees,7f2cdf24e8baf50094c9eee85d5aabef357e1695572278cd624b47f0d1d88ba3,MODEL_AUDIT_REQUIRED_NOT_WRITTEN_BACK_TO_PERIODIC_GATE
edge_6cce8aaf5d316a5afbd4cf,pg_20a00349bb6ec6a266,em_complete_0029_jid_29,em_complete_0029_jid_29,Na,0,1,stored_edge_orientation,0.511963583333,ExtraTrees,7f2cdf24e8baf50094c9eee85d5aabef357e1695572278cd624b47f0d1d88ba3,MODEL_AUDIT_REQUIRED_NOT_WRITTEN_BACK_TO_PERIODIC_GATE
edge_6ce0e5d71cfe4ac83a3e45,pg_4475ded0b1d689bcc3,em_complete_0043_jid_43;em_complete_0481_jid_481,em_complete_0043_jid_43,Li,0,1,stored_edge_orientation,1.22996833333,ExtraTrees,7f2cdf24e8baf50094c9eee85d5aabef357e1695572278cd624b47f0d1d88ba3,MODEL_AUDIT_REQUIRED_NOT_WRITTEN_BACK_TO_PERIODIC_GATE
edge_6d537e9077a143ab1fdf38,pg_4475ded0b1d689bcc3,em_complete_0043_jid_43;em_complete_0481_jid_481,em_complete_0043_jid_43,Li,0,1,stored_edge_orientation,1.24788941667,ExtraTrees,7f2cdf24e8baf50094c9eee85d5aabef357e1695572278cd624b47f0d1d88ba3,MODEL_AUDIT_REQUIRED_NOT_WRITTEN_BACK_TO_PERIODIC_GATE
edge_6e3b973b19d2cebe6a229a,pg_4475ded0b1d689bcc3,em_complete_0043_jid_43;em_complete_0481_jid_481,em_complete_0043_jid_43,Li,0,1,stored_edge_orientation,1.22264541667,ExtraTrees,7f2cdf24e8baf50094c9eee85d5aabef357e1695572278cd624b47f0d1d88ba3,MODEL_AUDIT_REQUIRED_NOT_WRITTEN_BACK_TO_PERIODIC_GATE
edge_6eea36de83288a1944df9d,pg_4475ded0b1d689bcc3,em_complete_0043_jid_43;em_complete_0481_jid_481,em_complete_0043_jid_43,Li,0,1,stored_edge_orientation,1.07111975,ExtraTrees,7f2cdf24e8baf50094c9eee85d5aabef357e1695572278cd624b47f0d1d88ba3,MODEL_AUDIT_REQUIRED_NOT_WRITTEN_BACK_TO_PERIODIC_GATE
edge_6f5166ba182eef572021be,pg_20a00349bb6ec6a266,em_complete_0029_jid_29,em_complete_0029_jid_29,Na,0,1,stored_edge_orientation,0.438835833333,ExtraTrees,7f2cdf24e8baf50094c9eee85d5aabef357e1695572278cd624b47f0d1d88ba3,MODEL_AUDIT_REQUIRED_NOT_WRITTEN_BACK_TO_PERIODIC_GATE
edge_6f7c5ab8670d2aa134e66d,pg_4475ded0b1d689bcc3,em_complete_0043_jid_43;em_complete_0481_jid_481,em_complete_0043_jid_43,Li,0,1,stored_edge_orientation,1.23931958333,ExtraTrees,7f2cdf24e8baf50094c9eee85d5aabef357e1695572278cd624b47f0d1d88ba3,MODEL_AUDIT_REQUIRED_NOT_WRITTEN_BACK_TO_PERIODIC_GATE
edge_6f8a4ce3ce5ff655010c66,pg_20a00349bb6ec6a266,em_complete_0029_jid_29,em_complete_0029_jid_29,Na,0,1,stored_edge_orientation,0.511963583333,ExtraTrees,7f2cdf24e8baf50094c9eee85d5aabef357e1695572278cd624b47f0d1d88ba3,MODEL_AUDIT_REQUIRED_NOT_WRITTEN_BACK_TO_PERIODIC_GATE
edge_6f99c0f80b405f6a80ab6c,pg_f8fcda589b7022b756,em_complete_0212_jid_212;em_complete_0345_jid_345,em_complete_0212_jid_212,Ca,0,1,stored_edge_orientation,2.05910516667,ExtraTrees,7f2cdf24e8baf50094c9eee85d5aabef357e1695572278cd624b47f0d1d88ba3,MODEL_AUDIT_REQUIRED_NOT_WRITTEN_BACK_TO_PERIODIC_GATE
edge_6f9e1baad8b3d73fcabbfc,pg_20a00349bb6ec6a266,em_complete_0029_jid_29,em_complete_0029_jid_29,Na,0,1,stored_edge_orientation,0.511963583333,ExtraTrees,7f2cdf24e8baf50094c9eee85d5aabef357e1695572278cd624b47f0d1d88ba3,MODEL_AUDIT_REQUIRED_NOT_WRITTEN_BACK_TO_PERIODIC_GATE
edge_701c97e0fb0354eb58e0f9,pg_20a00349bb6ec6a266,em_complete_0029_jid_29,em_complete_0029_jid_29,Na,0,1,stored_edge_orientation,0.509911916667,ExtraTrees,7f2cdf24e8baf50094c9eee85d5aabef357e1695572278cd624b47f0d1d88ba3,MODEL_AUDIT_REQUIRED_NOT_WRITTEN_BACK_TO_PERIODIC_GATE
edge_70585343fcc33014ed34bf,pg_20a00349bb6ec6a266,em_complete_0029_jid_29,em_complete_0029_jid_29,Na,0,1,stored_edge_orientation,0.438035833333,ExtraTrees,7f2cdf24e8baf50094c9eee85d5aabef357e1695572278cd624b47f0d1d88ba3,MODEL_AUDIT_REQUIRED_NOT_WRITTEN_BACK_TO_PERIODIC_GATE
edge_70e0dfbee8f15faf78f4a7,pg_20a00349bb6ec6a266,em_complete_0029_jid_29,em_complete_0029_jid_29,Na,0,1,stored_edge_orientation,0.509911916667,ExtraTrees,7f2cdf24e8baf50094c9eee85d5aabef357e1695572278cd624b47f0d1d88ba3,MODEL_AUDIT_REQUIRED_NOT_WRITTEN_BACK_TO_PERIODIC_GATE
edge_70e8aca062b49a623c57a5,pg_f8fcda589b7022b756,em_complete_0212_jid_212;em_complete_0345_jid_345,em_complete_0212_jid_212,Ca,0,1,stored_edge_orientation,2.06272016667,ExtraTrees,7f2cdf24e8baf50094c9eee85d5aabef357e1695572278cd624b47f0d1d88ba3,MODEL_AUDIT_REQUIRED_NOT_WRITTEN_BACK_TO_PERIODIC_GATE
edge_70f88d340960b3a33137c0,pg_20a00349bb6ec6a266,em_complete_0029_jid_29,em_complete_0029_jid_29,Na,0,1,stored_edge_orientation,0.435891666667,ExtraTrees,7f2cdf24e8baf50094c9eee85d5aabef357e1695572278cd624b47f0d1d88ba3,MODEL_AUDIT_REQUIRED_NOT_WRITTEN_BACK_TO_PERIODIC_GATE
edge_7138d3a7864e59550521a6,pg_4475ded0b1d689bcc3,em_complete_0043_jid_43;em_complete_0481_jid_481,em_complete_0043_jid_43,Li,0,1,stored_edge_orientation,1.26309941667,ExtraTrees,7f2cdf24e8baf50094c9eee85d5aabef357e1695572278cd624b47f0d1d88ba3,MODEL_AUDIT_REQUIRED_NOT_WRITTEN_BACK_TO_PERIODIC_GATE
edge_713b19074110fda88771c1,pg_4475ded0b1d689bcc3,em_complete_0043_jid_43;em_complete_0481_jid_481,em_complete_0043_jid_43,Li,0,1,stored_edge_orientation,1.04979975,ExtraTrees,7f2cdf24e8baf50094c9eee85d5aabef357e1695572278cd624b47f0d1d88ba3,MODEL_AUDIT_REQUIRED_NOT_WRITTEN_BACK_TO_PERIODIC_GATE
edge_7182657a5423918c80b970,pg_4475ded0b1d689bcc3,em_complete_0043_jid_43;em_complete_0481_jid_481,em_complete_0043_jid_43,Li,0,1,stored_edge_orientation,1.34272375,ExtraTrees,7f2cdf24e8baf50094c9eee85d5aabef357e1695572278cd624b47f0d1d88ba3,MODEL_AUDIT_REQUIRED_NOT_WRITTEN_BACK_TO_PERIODIC_GATE
edge_71f98ed4127b63c84d4395,pg_4475ded0b1d689bcc3,em_complete_0043_jid_43;em_complete_0481_jid_481,em_complete_0043_jid_43,Li,0,1,stored_edge_orientation,1.34272375,ExtraTrees,7f2cdf24e8baf50094c9eee85d5aabef357e1695572278cd624b47f0d1d88ba3,MODEL_AUDIT_REQUIRED_NOT_WRITTEN_BACK_TO_PERIODIC_GATE
edge_71fd8aa601435014a14535,pg_4475ded0b1d689bcc3,em_complete_0043_jid_43;em_complete_0481_jid_481,em_complete_0043_jid_43,Li,0,1,stored_edge_orientation,1.06180308333,ExtraTrees,7f2cdf24e8baf50094c9eee85d5aabef357e1695572278cd624b47f0d1d88ba3,MODEL_AUDIT_REQUIRED_NOT_WRITTEN_BACK_TO_PERIODIC_GATE
edge_72a4e84cccba1703d58e40,pg_4475ded0b1d689bcc3,em_complete_0043_jid_43;em_complete_0481_jid_481,em_complete_0043_jid_43,Li,0,1,stored_edge_orientation,1.2466425,ExtraTrees,7f2cdf24e8baf50094c9eee85d5aabef357e1695572278cd624b47f0d1d88ba3,MODEL_AUDIT_REQUIRED_NOT_WRITTEN_BACK_TO_PERIODIC_GATE
edge_731fc6c2c9a571c928a858,pg_4475ded0b1d689bcc3,em_complete_0043_jid_43;em_complete_0481_jid_481,em_complete_0043_jid_43,Li,0,1,stored_edge_orientation,0.98595325,ExtraTrees,7f2cdf24e8baf50094c9eee85d5aabef357e1695572278cd624b47f0d1d88ba3,MODEL_AUDIT_REQUIRED_NOT_WRITTEN_BACK_TO_PERIODIC_GATE
edge_737b635348c705bbb00596,pg_20a00349bb6ec6a266,em_complete_0029_jid_29,em_complete_0029_jid_29,Na,0,1,stored_edge_orientation,0.509911916667,ExtraTrees,7f2cdf24e8baf50094c9eee85d5aabef357e1695572278cd624b47f0d1d88ba3,MODEL_AUDIT_REQUIRED_NOT_WRITTEN_BACK_TO_PERIODIC_GATE
edge_7444c0ac0051c7262e423a,pg_4475ded0b1d689bcc3,em_complete_0043_jid_43;em_complete_0481_jid_481,em_complete_0043_jid_43,Li,0,1,stored_edge_orientation,1.06427475,ExtraTrees,7f2cdf24e8baf50094c9eee85d5aabef357e1695572278cd624b47f0d1d88ba3,MODEL_AUDIT_REQUIRED_NOT_WRITTEN_BACK_TO_PERIODIC_GATE
edge_74a934baf42d6b0cff30ab,pg_4475ded0b1d689bcc3,em_complete_0043_jid_43;em_complete_0481_jid_481,em_complete_0043_jid_43,Li,0,1,stored_edge_orientation,1.22264541667,ExtraTrees,7f2cdf24e8baf50094c9eee85d5aabef357e1695572278cd624b47f0d1d88ba3,MODEL_AUDIT_REQUIRED_NOT_WRITTEN_BACK_TO_PERIODIC_GATE
edge_7553a038bb3513e19d194d,pg_4475ded0b1d689bcc3,em_complete_0043_jid_43;em_complete_0481_jid_481,em_complete_0043_jid_43,Li,0,1,stored_edge_orientation,1.22996833333,ExtraTrees,7f2cdf24e8baf50094c9eee85d5aabef357e1695572278cd624b47f0d1d88ba3,MODEL_AUDIT_REQUIRED_NOT_WRITTEN_BACK_TO_PERIODIC_GATE
edge_75a8319e353db1c3d8b3b9,pg_4475ded0b1d689bcc3,em_complete_0043_jid_43;em_complete_0481_jid_481,em_complete_0043_jid_43,Li,0,1,stored_edge_orientation,1.22996833333,ExtraTrees,7f2cdf24e8baf50094c9eee85d5aabef357e1695572278cd624b47f0d1d88ba3,MODEL_AUDIT_REQUIRED_NOT_WRITTEN_BACK_TO_PERIODIC_GATE
edge_75b049284bcebe80071b65,pg_4475ded0b1d689bcc3,em_complete_0043_jid_43;em_complete_0481_jid_481,em_complete_0043_jid_43,Li,0,1,stored_edge_orientation,1.06180308333,ExtraTrees,7f2cdf24e8baf50094c9eee85d5aabef357e1695572278cd624b47f0d1d88ba3,MODEL_AUDIT_REQUIRED_NOT_WRITTEN_BACK_TO_PERIODIC_GATE
edge_75cd91428cf5eaef5910bf,pg_4475ded0b1d689bcc3,em_complete_0043_jid_43;em_complete_0481_jid_481,em_complete_0043_jid_43,Li,0,1,stored_edge_orientation,1.2466425,ExtraTrees,7f2cdf24e8baf50094c9eee85d5aabef357e1695572278cd624b47f0d1d88ba3,MODEL_AUDIT_REQUIRED_NOT_WRITTEN_BACK_TO_PERIODIC_GATE
edge_7673391afd91221b0e0621,pg_4475ded0b1d689bcc3,em_complete_0043_jid_43;em_complete_0481_jid_481,em_complete_0043_jid_43,Li,0,1,stored_edge_orientation,1.22996833333,ExtraTrees,7f2cdf24e8baf50094c9eee85d5aabef357e1695572278cd624b47f0d1d88ba3,MODEL_AUDIT_REQUIRED_NOT_WRITTEN_BACK_TO_PERIODIC_GATE
edge_76f83973777ddc8d788bcf,pg_4475ded0b1d689bcc3,em_complete_0043_jid_43;em_complete_0481_jid_481,em_complete_0043_jid_43,Li,0,1,reversed_to_occupied_start,0.399033666667,ExtraTrees,7f2cdf24e8baf50094c9eee85d5aabef357e1695572278cd624b47f0d1d88ba3,MODEL_AUDIT_REQUIRED_NOT_WRITTEN_BACK_TO_PERIODIC_GATE
edge_774751a18fcfd601ce73ac,pg_4475ded0b1d689bcc3,em_complete_0043_jid_43;em_complete_0481_jid_481,em_complete_0043_jid_43,Li,0,1,stored_edge_orientation,1.14673583333,ExtraTrees,7f2cdf24e8baf50094c9eee85d5aabef357e1695572278cd624b47f0d1d88ba3,MODEL_AUDIT_REQUIRED_NOT_WRITTEN_BACK_TO_PERIODIC_GATE
edge_774be8ac34b86065112442,pg_4475ded0b1d689bcc3,em_complete_0043_jid_43;em_complete_0481_jid_481,em_complete_0043_jid_43,Li,0,1,stored_edge_orientation,1.24623,ExtraTrees,7f2cdf24e8baf50094c9eee85d5aabef357e1695572278cd624b47f0d1d88ba3,MODEL_AUDIT_REQUIRED_NOT_WRITTEN_BACK_TO_PERIODIC_GATE
edge_77aa94b21e3cdda55b4c3d,pg_4475ded0b1d689bcc3,em_complete_0043_jid_43;em_complete_0481_jid_481,em_complete_0043_jid_43,Li,0,1,stored_edge_orientation,1.14673583333,ExtraTrees,7f2cdf24e8baf50094c9eee85d5aabef357e1695572278cd624b47f0d1d88ba3,MODEL_AUDIT_REQUIRED_NOT_WRITTEN_BACK_TO_PERIODIC_GATE
edge_77fc77753133482bb309ef,pg_4475ded0b1d689bcc3,em_complete_0043_jid_43;em_complete_0481_jid_481,em_complete_0043_jid_43,Li,0,1,stored_edge_orientation,1.23931958333,ExtraTrees,7f2cdf24e8baf50094c9eee85d5aabef357e1695572278cd624b47f0d1d88ba3,MODEL_AUDIT_REQUIRED_NOT_WRITTEN_BACK_TO_PERIODIC_GATE
edge_7805bb4136424350b6fd62,pg_4475ded0b1d689bcc3,em_complete_0043_jid_43;em_complete_0481_jid_481,em_complete_0043_jid_43,Li,0,1,stored_edge_orientation,1.14673583333,ExtraTrees,7f2cdf24e8baf50094c9eee85d5aabef357e1695572278cd624b47f0d1d88ba3,MODEL_AUDIT_REQUIRED_NOT_WRITTEN_BACK_TO_PERIODIC_GATE
edge_784dfea8b24c185c4da058,pg_20a00349bb6ec6a266,em_complete_0029_jid_29,em_complete_0029_jid_29,Na,0,1,stored_edge_orientation,0.438835833333,ExtraTrees,7f2cdf24e8baf50094c9eee85d5aabef357e1695572278cd624b47f0d1d88ba3,MODEL_AUDIT_REQUIRED_NOT_WRITTEN_BACK_TO_PERIODIC_GATE
edge_7865a1ab5777fbc22da7a6,pg_20a00349bb6ec6a266,em_complete_0029_jid_29,em_complete_0029_jid_29,Na,0,1,stored_edge_orientation,0.531298333333,ExtraTrees,7f2cdf24e8baf50094c9eee85d5aabef357e1695572278cd624b47f0d1d88ba3,MODEL_AUDIT_REQUIRED_NOT_WRITTEN_BACK_TO_PERIODIC_GATE
edge_7879f2fc7a6292b7101242,pg_4475ded0b1d689bcc3,em_complete_0043_jid_43;em_complete_0481_jid_481,em_complete_0043_jid_43,Li,0,1,stored_edge_orientation,1.1631025,ExtraTrees,7f2cdf24e8baf50094c9eee85d5aabef357e1695572278cd624b47f0d1d88ba3,MODEL_AUDIT_REQUIRED_NOT_WRITTEN_BACK_TO_PERIODIC_GATE
edge_78b4d1d513dfe6d77e0ee3,pg_4475ded0b1d689bcc3,em_complete_0043_jid_43;em_complete_0481_jid_481,em_complete_0043_jid_43,Li,0,1,stored_edge_orientation,1.23691525,ExtraTrees,7f2cdf24e8baf50094c9eee85d5aabef357e1695572278cd624b47f0d1d88ba3,MODEL_AUDIT_REQUIRED_NOT_WRITTEN_BACK_TO_PERIODIC_GATE
edge_79f21f1403f2c086db76cc,pg_20a00349bb6ec6a266,em_complete_0029_jid_29,em_complete_0029_jid_29,Na,0,1,stored_edge_orientation,0.509911916667,ExtraTrees,7f2cdf24e8baf50094c9eee85d5aabef357e1695572278cd624b47f0d1d88ba3,MODEL_AUDIT_REQUIRED_NOT_WRITTEN_BACK_TO_PERIODIC_GATE
edge_7b89fcddbd8c08bef0221f,pg_4475ded0b1d689bcc3,em_complete_0043_jid_43;em_complete_0481_jid_481,em_complete_0043_jid_43,Li,0,1,stored_edge_orientation,1.22996833333,ExtraTrees,7f2cdf24e8baf50094c9eee85d5aabef357e1695572278cd624b47f0d1d88ba3,MODEL_AUDIT_REQUIRED_NOT_WRITTEN_BACK_TO_PERIODIC_GATE
edge_7b9e7427d1223c8615e235,pg_f8fcda589b7022b756,em_complete_0212_jid_212;em_complete_0345_jid_345,em_complete_0212_jid_212,Ca,0,1,stored_edge_orientation,1.67177116667,ExtraTrees,7f2cdf24e8baf50094c9eee85d5aabef357e1695572278cd624b47f0d1d88ba3,MODEL_AUDIT_REQUIRED_NOT_WRITTEN_BACK_TO_PERIODIC_GATE
edge_7bee48c3ea4fd5f960ac38,pg_20a00349bb6ec6a266,em_complete_0029_jid_29,em_complete_0029_jid_29,Na,0,1,stored_edge_orientation,0.511963583333,ExtraTrees,7f2cdf24e8baf50094c9eee85d5aabef357e1695572278cd624b47f0d1d88ba3,MODEL_AUDIT_REQUIRED_NOT_WRITTEN_BACK_TO_PERIODIC_GATE
edge_7bf62bd544941dd24e7118,pg_4475ded0b1d689bcc3,em_complete_0043_jid_43;em_complete_0481_jid_481,em_complete_0043_jid_43,Li,0,1,stored_edge_orientation,1.26497441667,ExtraTrees,7f2cdf24e8baf50094c9eee85d5aabef357e1695572278cd624b47f0d1d88ba3,MODEL_AUDIT_REQUIRED_NOT_WRITTEN_BACK_TO_PERIODIC_GATE
edge_7c01813c5f6cf479942033,pg_20a00349bb6ec6a266,em_complete_0029_jid_29,em_complete_0029_jid_29,Na,0,1,stored_edge_orientation,0.509911916667,ExtraTrees,7f2cdf24e8baf50094c9eee85d5aabef357e1695572278cd624b47f0d1d88ba3,MODEL_AUDIT_REQUIRED_NOT_WRITTEN_BACK_TO_PERIODIC_GATE
edge_7c4363d78c71827add0141,pg_4475ded0b1d689bcc3,em_complete_0043_jid_43;em_complete_0481_jid_481,em_complete_0043_jid_43,Li,0,1,stored_edge_orientation,1.14762833333,ExtraTrees,7f2cdf24e8baf50094c9eee85d5aabef357e1695572278cd624b47f0d1d88ba3,MODEL_AUDIT_REQUIRED_NOT_WRITTEN_BACK_TO_PERIODIC_GATE
edge_7d50557ac636bcddd870a8,pg_4475ded0b1d689bcc3,em_complete_0043_jid_43;em_complete_0481_jid_481,em_complete_0043_jid_43,Li,0,1,stored_edge_orientation,1.06996058333,ExtraTrees,7f2cdf24e8baf50094c9eee85d5aabef357e1695572278cd624b47f0d1d88ba3,MODEL_AUDIT_REQUIRED_NOT_WRITTEN_BACK_TO_PERIODIC_GATE
edge_7da09eafbd6ef2fd937de1,pg_20a00349bb6ec6a266,em_complete_0029_jid_29,em_complete_0029_jid_29,Na,0,1,stored_edge_orientation,0.511963583333,ExtraTrees,7f2cdf24e8baf50094c9eee85d5aabef357e1695572278cd624b47f0d1d88ba3,MODEL_AUDIT_REQUIRED_NOT_WRITTEN_BACK_TO_PERIODIC_GATE
edge_7dd95c3304f8e29561361c,pg_4475ded0b1d689bcc3,em_complete_0043_jid_43;em_complete_0481_jid_481,em_complete_0043_jid_43,Li,0,1,stored_edge_orientation,1.2466425,ExtraTrees,7f2cdf24e8baf50094c9eee85d5aabef357e1695572278cd624b47f0d1d88ba3,MODEL_AUDIT_REQUIRED_NOT_WRITTEN_BACK_TO_PERIODIC_GATE
edge_7df00d90e28e75513a30d6,pg_4475ded0b1d689bcc3,em_complete_0043_jid_43;em_complete_0481_jid_481,em_complete_0043_jid_43,Li,0,1,stored_edge_orientation,1.22996833333,ExtraTrees,7f2cdf24e8baf50094c9eee85d5aabef357e1695572278cd624b47f0d1d88ba3,MODEL_AUDIT_REQUIRED_NOT_WRITTEN_BACK_TO_PERIODIC_GATE
edge_7e09fabbec8a4dd31bf336,pg_4475ded0b1d689bcc3,em_complete_0043_jid_43;em_complete_0481_jid_481,em_complete_0043_jid_43,Li,0,1,stored_edge_orientation,1.07013641667,ExtraTrees,7f2cdf24e8baf50094c9eee85d5aabef357e1695572278cd624b47f0d1d88ba3,MODEL_AUDIT_REQUIRED_NOT_WRITTEN_BACK_TO_PERIODIC_GATE
edge_7e43b80f91016f292ea142,pg_4475ded0b1d689bcc3,em_complete_0043_jid_43;em_complete_0481_jid_481,em_complete_0043_jid_43,Li,0,1,stored_edge_orientation,1.1631025,ExtraTrees,7f2cdf24e8baf50094c9eee85d5aabef357e1695572278cd624b47f0d1d88ba3,MODEL_AUDIT_REQUIRED_NOT_WRITTEN_BACK_TO_PERIODIC_GATE
edge_7e8eea5fa7fb9028ed88ee,pg_4475ded0b1d689bcc3,em_complete_0043_jid_43;em_complete_0481_jid_481,em_complete_0043_jid_43,Li,0,1,stored_edge_orientation,1.2466425,ExtraTrees,7f2cdf24e8baf50094c9eee85d5aabef357e1695572278cd624b47f0d1d88ba3,MODEL_AUDIT_REQUIRED_NOT_WRITTEN_BACK_TO_PERIODIC_GATE
edge_7ea7937962bbf44b0c38e8,pg_4475ded0b1d689bcc3,em_complete_0043_jid_43;em_complete_0481_jid_481,em_complete_0043_jid_43,Li,0,1,stored_edge_orientation,1.06180308333,ExtraTrees,7f2cdf24e8baf50094c9eee85d5aabef357e1695572278cd624b47f0d1d88ba3,MODEL_AUDIT_REQUIRED_NOT_WRITTEN_BACK_TO_PERIODIC_GATE
edge_7ea930131d0454a241d361,pg_f8fcda589b7022b756,em_complete_0212_jid_212;em_complete_0345_jid_345,em_complete_0212_jid_212,Ca,0,1,stored_edge_orientation,2.05910516667,ExtraTrees,7f2cdf24e8baf50094c9eee85d5aabef357e1695572278cd624b47f0d1d88ba3,MODEL_AUDIT_REQUIRED_NOT_WRITTEN_BACK_TO_PERIODIC_GATE
edge_7f5be49ea54dce4ce3a3d4,pg_4475ded0b1d689bcc3,em_complete_0043_jid_43;em_complete_0481_jid_481,em_complete_0043_jid_43,Li,0,1,stored_edge_orientation,1.06525808333,ExtraTrees,7f2cdf24e8baf50094c9eee85d5aabef357e1695572278cd624b47f0d1d88ba3,MODEL_AUDIT_REQUIRED_NOT_WRITTEN_BACK_TO_PERIODIC_GATE
edge_80bc17c258897f0fcd0a2d,pg_4475ded0b1d689bcc3,em_complete_0043_jid_43;em_complete_0481_jid_481,em_complete_0043_jid_43,Li,0,1,stored_edge_orientation,1.14673583333,ExtraTrees,7f2cdf24e8baf50094c9eee85d5aabef357e1695572278cd624b47f0d1d88ba3,MODEL_AUDIT_REQUIRED_NOT_WRITTEN_BACK_TO_PERIODIC_GATE
edge_80c607f758eb9c27727565,pg_4475ded0b1d689bcc3,em_complete_0043_jid_43;em_complete_0481_jid_481,em_complete_0043_jid_43,Li,0,1,reversed_to_occupied_start,1.29584583333,ExtraTrees,7f2cdf24e8baf50094c9eee85d5aabef357e1695572278cd624b47f0d1d88ba3,MODEL_AUDIT_REQUIRED_NOT_WRITTEN_BACK_TO_PERIODIC_GATE
edge_80de2d9a60266b1cdaa81e,pg_4475ded0b1d689bcc3,em_complete_0043_jid_43;em_complete_0481_jid_481,em_complete_0043_jid_43,Li,0,1,stored_edge_orientation,1.24788941667,ExtraTrees,7f2cdf24e8baf50094c9eee85d5aabef357e1695572278cd624b47f0d1d88ba3,MODEL_AUDIT_REQUIRED_NOT_WRITTEN_BACK_TO_PERIODIC_GATE
edge_80e6eebfd121b53c0dc6c5,pg_4475ded0b1d689bcc3,em_complete_0043_jid_43;em_complete_0481_jid_481,em_complete_0043_jid_43,Li,0,1,stored_edge_orientation,1.01716308333,ExtraTrees,7f2cdf24e8baf50094c9eee85d5aabef357e1695572278cd624b47f0d1d88ba3,MODEL_AUDIT_REQUIRED_NOT_WRITTEN_BACK_TO_PERIODIC_GATE
edge_8126c470a90fbb7623494e,pg_4475ded0b1d689bcc3,em_complete_0043_jid_43;em_complete_0481_jid_481,em_complete_0043_jid_43,Li,0,1,stored_edge_orientation,1.26497441667,ExtraTrees,7f2cdf24e8baf50094c9eee85d5aabef357e1695572278cd624b47f0d1d88ba3,MODEL_AUDIT_REQUIRED_NOT_WRITTEN_BACK_TO_PERIODIC_GATE
edge_819dab1ac5f313df927002,pg_4475ded0b1d689bcc3,em_complete_0043_jid_43;em_complete_0481_jid_481,em_complete_0043_jid_43,Li,0,1,stored_edge_orientation,1.35898541667,ExtraTrees,7f2cdf24e8baf50094c9eee85d5aabef357e1695572278cd624b47f0d1d88ba3,MODEL_AUDIT_REQUIRED_NOT_WRITTEN_BACK_TO_PERIODIC_GATE
edge_81b2d0c42fd108137e1f37,pg_20a00349bb6ec6a266,em_complete_0029_jid_29,em_complete_0029_jid_29,Na,0,1,stored_edge_orientation,0.438035833333,ExtraTrees,7f2cdf24e8baf50094c9eee85d5aabef357e1695572278cd624b47f0d1d88ba3,MODEL_AUDIT_REQUIRED_NOT_WRITTEN_BACK_TO_PERIODIC_GATE
edge_821dd07da6447b2f0faf7f,pg_20a00349bb6ec6a266,em_complete_0029_jid_29,em_complete_0029_jid_29,Na,0,1,stored_edge_orientation,0.435891666667,ExtraTrees,7f2cdf24e8baf50094c9eee85d5aabef357e1695572278cd624b47f0d1d88ba3,MODEL_AUDIT_REQUIRED_NOT_WRITTEN_BACK_TO_PERIODIC_GATE
edge_82630f8753862d0654b275,pg_20a00349bb6ec6a266,em_complete_0029_jid_29,em_complete_0029_jid_29,Na,0,1,stored_edge_orientation,0.531298333333,ExtraTrees,7f2cdf24e8baf50094c9eee85d5aabef357e1695572278cd624b47f0d1d88ba3,MODEL_AUDIT_REQUIRED_NOT_WRITTEN_BACK_TO_PERIODIC_GATE
edge_82997cc103e5bb3d8b9238,pg_20a00349bb6ec6a266,em_complete_0029_jid_29,em_complete_0029_jid_29,Na,0,1,stored_edge_orientation,0.536079166667,ExtraTrees,7f2cdf24e8baf50094c9eee85d5aabef357e1695572278cd624b47f0d1d88ba3,MODEL_AUDIT_REQUIRED_NOT_WRITTEN_BACK_TO_PERIODIC_GATE
edge_82999cb02999a430d296dc,pg_4475ded0b1d689bcc3,em_complete_0043_jid_43;em_complete_0481_jid_481,em_complete_0043_jid_43,Li,0,1,stored_edge_orientation,1.2466425,ExtraTrees,7f2cdf24e8baf50094c9eee85d5aabef357e1695572278cd624b47f0d1d88ba3,MODEL_AUDIT_REQUIRED_NOT_WRITTEN_BACK_TO_PERIODIC_GATE
edge_82b05272824f8a4bc6cd38,pg_20a00349bb6ec6a266,em_complete_0029_jid_29,em_complete_0029_jid_29,Na,0,1,stored_edge_orientation,0.42934125,ExtraTrees,7f2cdf24e8baf50094c9eee85d5aabef357e1695572278cd624b47f0d1d88ba3,MODEL_AUDIT_REQUIRED_NOT_WRITTEN_BACK_TO_PERIODIC_GATE
edge_82f7508d159c2f6eee1cfd,pg_4475ded0b1d689bcc3,em_complete_0043_jid_43;em_complete_0481_jid_481,em_complete_0043_jid_43,Li,0,1,stored_edge_orientation,1.1488475,ExtraTrees,7f2cdf24e8baf50094c9eee85d5aabef357e1695572278cd624b47f0d1d88ba3,MODEL_AUDIT_REQUIRED_NOT_WRITTEN_BACK_TO_PERIODIC_GATE
edge_8321286ac92e4b2286eff5,pg_20a00349bb6ec6a266,em_complete_0029_jid_29,em_complete_0029_jid_29,Na,0,1,stored_edge_orientation,0.509911916667,ExtraTrees,7f2cdf24e8baf50094c9eee85d5aabef357e1695572278cd624b47f0d1d88ba3,MODEL_AUDIT_REQUIRED_NOT_WRITTEN_BACK_TO_PERIODIC_GATE
edge_84577872ce2b727ea501f5,pg_4475ded0b1d689bcc3,em_complete_0043_jid_43;em_complete_0481_jid_481,em_complete_0043_jid_43,Li,0,1,stored_edge_orientation,1.2466425,ExtraTrees,7f2cdf24e8baf50094c9eee85d5aabef357e1695572278cd624b47f0d1d88ba3,MODEL_AUDIT_REQUIRED_NOT_WRITTEN_BACK_TO_PERIODIC_GATE
edge_84f1daf367779f0e34e55d,pg_4475ded0b1d689bcc3,em_complete_0043_jid_43;em_complete_0481_jid_481,em_complete_0043_jid_43,Li,0,1,stored_edge_orientation,1.22996833333,ExtraTrees,7f2cdf24e8baf50094c9eee85d5aabef357e1695572278cd624b47f0d1d88ba3,MODEL_AUDIT_REQUIRED_NOT_WRITTEN_BACK_TO_PERIODIC_GATE
edge_855ca0aef43caa36cc4fdd,pg_f8fcda589b7022b756,em_complete_0212_jid_212;em_complete_0345_jid_345,em_complete_0212_jid_212,Ca,0,1,stored_edge_orientation,1.67177116667,ExtraTrees,7f2cdf24e8baf50094c9eee85d5aabef357e1695572278cd624b47f0d1d88ba3,MODEL_AUDIT_REQUIRED_NOT_WRITTEN_BACK_TO_PERIODIC_GATE
edge_856ebdbd972f8fa6f1cfe0,pg_20a00349bb6ec6a266,em_complete_0029_jid_29,em_complete_0029_jid_29,Na,0,1,stored_edge_orientation,0.509911916667,ExtraTrees,7f2cdf24e8baf50094c9eee85d5aabef357e1695572278cd624b47f0d1d88ba3,MODEL_AUDIT_REQUIRED_NOT_WRITTEN_BACK_TO_PERIODIC_GATE
edge_85cff0943f3cbadfe06d23,pg_4475ded0b1d689bcc3,em_complete_0043_jid_43;em_complete_0481_jid_481,em_complete_0043_jid_43,Li,0,1,stored_edge_orientation,1.07013641667,ExtraTrees,7f2cdf24e8baf50094c9eee85d5aabef357e1695572278cd624b47f0d1d88ba3,MODEL_AUDIT_REQUIRED_NOT_WRITTEN_BACK_TO_PERIODIC_GATE
edge_861f53f46667ffc3e3b64b,pg_4475ded0b1d689bcc3,em_complete_0043_jid_43;em_complete_0481_jid_481,em_complete_0043_jid_43,Li,0,1,stored_edge_orientation,1.25565358333,ExtraTrees,7f2cdf24e8baf50094c9eee85d5aabef357e1695572278cd624b47f0d1d88ba3,MODEL_AUDIT_REQUIRED_NOT_WRITTEN_BACK_TO_PERIODIC_GATE
edge_862a363c2cf9911d6fcba3,pg_20a00349bb6ec6a266,em_complete_0029_jid_29,em_complete_0029_jid_29,Na,0,1,stored_edge_orientation,0.15889625,ExtraTrees,7f2cdf24e8baf50094c9eee85d5aabef357e1695572278cd624b47f0d1d88ba3,MODEL_AUDIT_REQUIRED_NOT_WRITTEN_BACK_TO_PERIODIC_GATE
edge_8692a8e717f86a34954eee,pg_4475ded0b1d689bcc3,em_complete_0043_jid_43;em_complete_0481_jid_481,em_complete_0043_jid_43,Li,0,1,stored_edge_orientation,1.22264541667,ExtraTrees,7f2cdf24e8baf50094c9eee85d5aabef357e1695572278cd624b47f0d1d88ba3,MODEL_AUDIT_REQUIRED_NOT_WRITTEN_BACK_TO_PERIODIC_GATE
edge_86bc513451cd09f007bf25,pg_4475ded0b1d689bcc3,em_complete_0043_jid_43;em_complete_0481_jid_481,em_complete_0043_jid_43,Li,0,1,stored_edge_orientation,1.35898541667,ExtraTrees,7f2cdf24e8baf50094c9eee85d5aabef357e1695572278cd624b47f0d1d88ba3,MODEL_AUDIT_REQUIRED_NOT_WRITTEN_BACK_TO_PERIODIC_GATE
edge_86fa33b76abe9a42caada8,pg_4475ded0b1d689bcc3,em_complete_0043_jid_43;em_complete_0481_jid_481,em_complete_0043_jid_43,Li,0,1,stored_edge_orientation,1.24340541667,ExtraTrees,7f2cdf24e8baf50094c9eee85d5aabef357e1695572278cd624b47f0d1d88ba3,MODEL_AUDIT_REQUIRED_NOT_WRITTEN_BACK_TO_PERIODIC_GATE
edge_870486778c620837346ac5,pg_4475ded0b1d689bcc3,em_complete_0043_jid_43;em_complete_0481_jid_481,em_complete_0043_jid_43,Li,0,1,stored_edge_orientation,1.18724683333,ExtraTrees,7f2cdf24e8baf50094c9eee85d5aabef357e1695572278cd624b47f0d1d88ba3,MODEL_AUDIT_REQUIRED_NOT_WRITTEN_BACK_TO_PERIODIC_GATE
edge_87783c5de15a13d6333ac8,pg_4475ded0b1d689bcc3,em_complete_0043_jid_43;em_complete_0481_jid_481,em_complete_0043_jid_43,Li,0,1,stored_edge_orientation,1.2466425,ExtraTrees,7f2cdf24e8baf50094c9eee85d5aabef357e1695572278cd624b47f0d1d88ba3,MODEL_AUDIT_REQUIRED_NOT_WRITTEN_BACK_TO_PERIODIC_GATE
edge_87a3150996055dc59d4c53,pg_4475ded0b1d689bcc3,em_complete_0043_jid_43;em_complete_0481_jid_481,em_complete_0043_jid_43,Li,0,1,stored_edge_orientation,1.22264541667,ExtraTrees,7f2cdf24e8baf50094c9eee85d5aabef357e1695572278cd624b47f0d1d88ba3,MODEL_AUDIT_REQUIRED_NOT_WRITTEN_BACK_TO_PERIODIC_GATE
edge_88430f1a096b3841b27ca5,pg_4475ded0b1d689bcc3,em_complete_0043_jid_43;em_complete_0481_jid_481,em_complete_0043_jid_43,Li,0,1,stored_edge_orientation,1.22996833333,ExtraTrees,7f2cdf24e8baf50094c9eee85d5aabef357e1695572278cd624b47f0d1d88ba3,MODEL_AUDIT_REQUIRED_NOT_WRITTEN_BACK_TO_PERIODIC_GATE
edge_887e82c6adb574cf06ca4b,pg_4475ded0b1d689bcc3,em_complete_0043_jid_43;em_complete_0481_jid_481,em_complete_0043_jid_43,Li,0,1,stored_edge_orientation,1.34370708333,ExtraTrees,7f2cdf24e8baf50094c9eee85d5aabef357e1695572278cd624b47f0d1d88ba3,MODEL_AUDIT_REQUIRED_NOT_WRITTEN_BACK_TO_PERIODIC_GATE
edge_88f84779f0371da3b2e781,pg_4475ded0b1d689bcc3,em_complete_0043_jid_43;em_complete_0481_jid_481,em_complete_0043_jid_43,Li,0,1,stored_edge_orientation,1.25359941667,ExtraTrees,7f2cdf24e8baf50094c9eee85d5aabef357e1695572278cd624b47f0d1d88ba3,MODEL_AUDIT_REQUIRED_NOT_WRITTEN_BACK_TO_PERIODIC_GATE
edge_8925a5588e63116e177d2c,pg_4475ded0b1d689bcc3,em_complete_0043_jid_43;em_complete_0481_jid_481,em_complete_0043_jid_43,Li,0,1,stored_edge_orientation,1.06427475,ExtraTrees,7f2cdf24e8baf50094c9eee85d5aabef357e1695572278cd624b47f0d1d88ba3,MODEL_AUDIT_REQUIRED_NOT_WRITTEN_BACK_TO_PERIODIC_GATE
edge_895ad3d2bfabdbef7210e0,pg_4475ded0b1d689bcc3,em_complete_0043_jid_43;em_complete_0481_jid_481,em_complete_0043_jid_43,Li,0,1,stored_edge_orientation,1.06180308333,ExtraTrees,7f2cdf24e8baf50094c9eee85d5aabef357e1695572278cd624b47f0d1d88ba3,MODEL_AUDIT_REQUIRED_NOT_WRITTEN_BACK_TO_PERIODIC_GATE
edge_897543137393ee2fda79ac,pg_4475ded0b1d689bcc3,em_complete_0043_jid_43;em_complete_0481_jid_481,em_complete_0043_jid_43,Li,0,1,stored_edge_orientation,1.06427475,ExtraTrees,7f2cdf24e8baf50094c9eee85d5aabef357e1695572278cd624b47f0d1d88ba3,MODEL_AUDIT_REQUIRED_NOT_WRITTEN_BACK_TO_PERIODIC_GATE
edge_89a5ba85856a0da684b7de,pg_4475ded0b1d689bcc3,em_complete_0043_jid_43;em_complete_0481_jid_481,em_complete_0043_jid_43,Li,0,1,stored_edge_orientation,1.06180308333,ExtraTrees,7f2cdf24e8baf50094c9eee85d5aabef357e1695572278cd624b47f0d1d88ba3,MODEL_AUDIT_REQUIRED_NOT_WRITTEN_BACK_TO_PERIODIC_GATE
edge_89feeabd68a29e483dfd4e,pg_4475ded0b1d689bcc3,em_complete_0043_jid_43;em_complete_0481_jid_481,em_complete_0043_jid_43,Li,0,1,stored_edge_orientation,1.22996833333,ExtraTrees,7f2cdf24e8baf50094c9eee85d5aabef357e1695572278cd624b47f0d1d88ba3,MODEL_AUDIT_REQUIRED_NOT_WRITTEN_BACK_TO_PERIODIC_GATE
edge_8a79857b3250881e05ed97,pg_4475ded0b1d689bcc3,em_complete_0043_jid_43;em_complete_0481_jid_481,em_complete_0043_jid_43,Li,0,1,stored_edge_orientation,1.22996833333,ExtraTrees,7f2cdf24e8baf50094c9eee85d5aabef357e1695572278cd624b47f0d1d88ba3,MODEL_AUDIT_REQUIRED_NOT_WRITTEN_BACK_TO_PERIODIC_GATE
edge_8a9e8a03cfb37413159502,pg_20a00349bb6ec6a266,em_complete_0029_jid_29,em_complete_0029_jid_29,Na,0,1,stored_edge_orientation,0.438035833333,ExtraTrees,7f2cdf24e8baf50094c9eee85d5aabef357e1695572278cd624b47f0d1d88ba3,MODEL_AUDIT_REQUIRED_NOT_WRITTEN_BACK_TO_PERIODIC_GATE
edge_8b270267c39f9cb0dbb7a5,pg_20a00349bb6ec6a266,em_complete_0029_jid_29,em_complete_0029_jid_29,Na,0,1,stored_edge_orientation,0.511963583333,ExtraTrees,7f2cdf24e8baf50094c9eee85d5aabef357e1695572278cd624b47f0d1d88ba3,MODEL_AUDIT_REQUIRED_NOT_WRITTEN_BACK_TO_PERIODIC_GATE
edge_8b84db9086fc82a594ac50,pg_4475ded0b1d689bcc3,em_complete_0043_jid_43;em_complete_0481_jid_481,em_complete_0043_jid_43,Li,0,1,stored_edge_orientation,1.14673583333,ExtraTrees,7f2cdf24e8baf50094c9eee85d5aabef357e1695572278cd624b47f0d1d88ba3,MODEL_AUDIT_REQUIRED_NOT_WRITTEN_BACK_TO_PERIODIC_GATE
edge_8b871d53d297cd55d43c45,pg_4475ded0b1d689bcc3,em_complete_0043_jid_43;em_complete_0481_jid_481,em_complete_0043_jid_43,Li,0,1,stored_edge_orientation,1.24623,ExtraTrees,7f2cdf24e8baf50094c9eee85d5aabef357e1695572278cd624b47f0d1d88ba3,MODEL_AUDIT_REQUIRED_NOT_WRITTEN_BACK_TO_PERIODIC_GATE
edge_8c0b7c9862ec86903e9e0f,pg_4475ded0b1d689bcc3,em_complete_0043_jid_43;em_complete_0481_jid_481,em_complete_0043_jid_43,Li,0,1,stored_edge_orientation,1.1631025,ExtraTrees,7f2cdf24e8baf50094c9eee85d5aabef357e1695572278cd624b47f0d1d88ba3,MODEL_AUDIT_REQUIRED_NOT_WRITTEN_BACK_TO_PERIODIC_GATE
edge_8c63e4fe138905ebd18278,pg_f8fcda589b7022b756,em_complete_0212_jid_212;em_complete_0345_jid_345,em_complete_0212_jid_212,Ca,0,1,stored_edge_orientation,2.06272016667,ExtraTrees,7f2cdf24e8baf50094c9eee85d5aabef357e1695572278cd624b47f0d1d88ba3,MODEL_AUDIT_REQUIRED_NOT_WRITTEN_BACK_TO_PERIODIC_GATE
edge_8c76a4386cfd461c8d9de5,pg_4475ded0b1d689bcc3,em_complete_0043_jid_43;em_complete_0481_jid_481,em_complete_0043_jid_43,Li,0,1,stored_edge_orientation,1.23890708333,ExtraTrees,7f2cdf24e8baf50094c9eee85d5aabef357e1695572278cd624b47f0d1d88ba3,MODEL_AUDIT_REQUIRED_NOT_WRITTEN_BACK_TO_PERIODIC_GATE
edge_8c7ac37cffc2fc6d1bdf0c,pg_4475ded0b1d689bcc3,em_complete_0043_jid_43;em_complete_0481_jid_481,em_complete_0043_jid_43,Li,0,1,stored_edge_orientation,1.02055308333,ExtraTrees,7f2cdf24e8baf50094c9eee85d5aabef357e1695572278cd624b47f0d1d88ba3,MODEL_AUDIT_REQUIRED_NOT_WRITTEN_BACK_TO_PERIODIC_GATE
edge_8cbabe4157cf8854c87d1e,pg_20a00349bb6ec6a266,em_complete_0029_jid_29,em_complete_0029_jid_29,Na,0,1,stored_edge_orientation,0.438035833333,ExtraTrees,7f2cdf24e8baf50094c9eee85d5aabef357e1695572278cd624b47f0d1d88ba3,MODEL_AUDIT_REQUIRED_NOT_WRITTEN_BACK_TO_PERIODIC_GATE
edge_8d0777853f01224f06df14,pg_20a00349bb6ec6a266,em_complete_0029_jid_29,em_complete_0029_jid_29,Na,0,1,stored_edge_orientation,0.509911916667,ExtraTrees,7f2cdf24e8baf50094c9eee85d5aabef357e1695572278cd624b47f0d1d88ba3,MODEL_AUDIT_REQUIRED_NOT_WRITTEN_BACK_TO_PERIODIC_GATE
edge_8d467ab679581acfcf8bf0,pg_20a00349bb6ec6a266,em_complete_0029_jid_29,em_complete_0029_jid_29,Na,0,1,stored_edge_orientation,0.511963583333,ExtraTrees,7f2cdf24e8baf50094c9eee85d5aabef357e1695572278cd624b47f0d1d88ba3,MODEL_AUDIT_REQUIRED_NOT_WRITTEN_BACK_TO_PERIODIC_GATE
edge_8d787df089572197a6db3f,pg_4475ded0b1d689bcc3,em_complete_0043_jid_43;em_complete_0481_jid_481,em_complete_0043_jid_43,Li,0,1,stored_edge_orientation,1.06446391667,ExtraTrees,7f2cdf24e8baf50094c9eee85d5aabef357e1695572278cd624b47f0d1d88ba3,MODEL_AUDIT_REQUIRED_NOT_WRITTEN_BACK_TO_PERIODIC_GATE
edge_8df98625117fbccd52a16c,pg_4475ded0b1d689bcc3,em_complete_0043_jid_43;em_complete_0481_jid_481,em_complete_0043_jid_43,Li,0,1,stored_edge_orientation,1.23890708333,ExtraTrees,7f2cdf24e8baf50094c9eee85d5aabef357e1695572278cd624b47f0d1d88ba3,MODEL_AUDIT_REQUIRED_NOT_WRITTEN_BACK_TO_PERIODIC_GATE
edge_8e094b546861af4c405f93,pg_4475ded0b1d689bcc3,em_complete_0043_jid_43;em_complete_0481_jid_481,em_complete_0043_jid_43,Li,0,1,stored_edge_orientation,1.165505,ExtraTrees,7f2cdf24e8baf50094c9eee85d5aabef357e1695572278cd624b47f0d1d88ba3,MODEL_AUDIT_REQUIRED_NOT_WRITTEN_BACK_TO_PERIODIC_GATE
edge_8ed80b98b270dc408da767,pg_4475ded0b1d689bcc3,em_complete_0043_jid_43;em_complete_0481_jid_481,em_complete_0043_jid_43,Li,0,1,stored_edge_orientation,1.26269858333,ExtraTrees,7f2cdf24e8baf50094c9eee85d5aabef357e1695572278cd624b47f0d1d88ba3,MODEL_AUDIT_REQUIRED_NOT_WRITTEN_BACK_TO_PERIODIC_GATE
edge_8ef86b03b687a3ddbf79e5,pg_20a00349bb6ec6a266,em_complete_0029_jid_29,em_complete_0029_jid_29,Na,0,1,stored_edge_orientation,0.509911916667,ExtraTrees,7f2cdf24e8baf50094c9eee85d5aabef357e1695572278cd624b47f0d1d88ba3,MODEL_AUDIT_REQUIRED_NOT_WRITTEN_BACK_TO_PERIODIC_GATE
edge_8f164b4797f516082e5ccb,pg_4475ded0b1d689bcc3,em_complete_0043_jid_43;em_complete_0481_jid_481,em_complete_0043_jid_43,Li,0,1,stored_edge_orientation,1.24623,ExtraTrees,7f2cdf24e8baf50094c9eee85d5aabef357e1695572278cd624b47f0d1d88ba3,MODEL_AUDIT_REQUIRED_NOT_WRITTEN_BACK_TO_PERIODIC_GATE
edge_8fef97d560163300630cec,pg_4475ded0b1d689bcc3,em_complete_0043_jid_43;em_complete_0481_jid_481,em_complete_0043_jid_43,Li,0,1,stored_edge_orientation,1.2466425,ExtraTrees,7f2cdf24e8baf50094c9eee85d5aabef357e1695572278cd624b47f0d1d88ba3,MODEL_AUDIT_REQUIRED_NOT_WRITTEN_BACK_TO_PERIODIC_GATE
edge_91879adefb1858cfa0ae97,pg_4475ded0b1d689bcc3,em_complete_0043_jid_43;em_complete_0481_jid_481,em_complete_0043_jid_43,Li,0,1,stored_edge_orientation,1.14673583333,ExtraTrees,7f2cdf24e8baf50094c9eee85d5aabef357e1695572278cd624b47f0d1d88ba3,MODEL_AUDIT_REQUIRED_NOT_WRITTEN_BACK_TO_PERIODIC_GATE
edge_91bbd7f9389b43053ef6b2,pg_20a00349bb6ec6a266,em_complete_0029_jid_29,em_complete_0029_jid_29,Na,0,1,stored_edge_orientation,0.511963583333,ExtraTrees,7f2cdf24e8baf50094c9eee85d5aabef357e1695572278cd624b47f0d1d88ba3,MODEL_AUDIT_REQUIRED_NOT_WRITTEN_BACK_TO_PERIODIC_GATE
edge_9216831157d80c34d72106,pg_4475ded0b1d689bcc3,em_complete_0043_jid_43;em_complete_0481_jid_481,em_complete_0043_jid_43,Li,0,1,stored_edge_orientation,1.14762833333,ExtraTrees,7f2cdf24e8baf50094c9eee85d5aabef357e1695572278cd624b47f0d1d88ba3,MODEL_AUDIT_REQUIRED_NOT_WRITTEN_BACK_TO_PERIODIC_GATE
edge_922f7896c9ceba628f099d,pg_20a00349bb6ec6a266,em_complete_0029_jid_29,em_complete_0029_jid_29,Na,0,1,stored_edge_orientation,0.509911916667,ExtraTrees,7f2cdf24e8baf50094c9eee85d5aabef357e1695572278cd624b47f0d1d88ba3,MODEL_AUDIT_REQUIRED_NOT_WRITTEN_BACK_TO_PERIODIC_GATE
edge_9259016f7350e77ce9ef6e,pg_4475ded0b1d689bcc3,em_complete_0043_jid_43;em_complete_0481_jid_481,em_complete_0043_jid_43,Li,0,1,stored_edge_orientation,1.14762833333,ExtraTrees,7f2cdf24e8baf50094c9eee85d5aabef357e1695572278cd624b47f0d1d88ba3,MODEL_AUDIT_REQUIRED_NOT_WRITTEN_BACK_TO_PERIODIC_GATE
edge_926647dc786c5c31b0d5e8,pg_20a00349bb6ec6a266,em_complete_0029_jid_29,em_complete_0029_jid_29,Na,0,1,stored_edge_orientation,0.435891666667,ExtraTrees,7f2cdf24e8baf50094c9eee85d5aabef357e1695572278cd624b47f0d1d88ba3,MODEL_AUDIT_REQUIRED_NOT_WRITTEN_BACK_TO_PERIODIC_GATE
edge_9372d86cbd48bbfd55fb62,pg_4475ded0b1d689bcc3,em_complete_0043_jid_43;em_complete_0481_jid_481,em_complete_0043_jid_43,Li,0,1,stored_edge_orientation,1.14673583333,ExtraTrees,7f2cdf24e8baf50094c9eee85d5aabef357e1695572278cd624b47f0d1d88ba3,MODEL_AUDIT_REQUIRED_NOT_WRITTEN_BACK_TO_PERIODIC_GATE
edge_93a2e1a60aafaec25f9d40,pg_4475ded0b1d689bcc3,em_complete_0043_jid_43;em_complete_0481_jid_481,em_complete_0043_jid_43,Li,0,1,stored_edge_orientation,1.06766475,ExtraTrees,7f2cdf24e8baf50094c9eee85d5aabef357e1695572278cd624b47f0d1d88ba3,MODEL_AUDIT_REQUIRED_NOT_WRITTEN_BACK_TO_PERIODIC_GATE
edge_9469dbb89e234a4dfa23e3,pg_20a00349bb6ec6a266,em_complete_0029_jid_29,em_complete_0029_jid_29,Na,0,1,stored_edge_orientation,0.435891666667,ExtraTrees,7f2cdf24e8baf50094c9eee85d5aabef357e1695572278cd624b47f0d1d88ba3,MODEL_AUDIT_REQUIRED_NOT_WRITTEN_BACK_TO_PERIODIC_GATE
edge_94b6c7026badf38071bedf,pg_20a00349bb6ec6a266,em_complete_0029_jid_29,em_complete_0029_jid_29,Na,0,1,stored_edge_orientation,0.511963583333,ExtraTrees,7f2cdf24e8baf50094c9eee85d5aabef357e1695572278cd624b47f0d1d88ba3,MODEL_AUDIT_REQUIRED_NOT_WRITTEN_BACK_TO_PERIODIC_GATE
edge_9599a831a97b091a6ccbc9,pg_4475ded0b1d689bcc3,em_complete_0043_jid_43;em_complete_0481_jid_481,em_complete_0043_jid_43,Li,0,1,stored_edge_orientation,1.06180308333,ExtraTrees,7f2cdf24e8baf50094c9eee85d5aabef357e1695572278cd624b47f0d1d88ba3,MODEL_AUDIT_REQUIRED_NOT_WRITTEN_BACK_TO_PERIODIC_GATE
edge_966d52fe02c2316a8f5f1b,pg_4475ded0b1d689bcc3,em_complete_0043_jid_43;em_complete_0481_jid_481,em_complete_0043_jid_43,Li,0,1,stored_edge_orientation,1.22996833333,ExtraTrees,7f2cdf24e8baf50094c9eee85d5aabef357e1695572278cd624b47f0d1d88ba3,MODEL_AUDIT_REQUIRED_NOT_WRITTEN_BACK_TO_PERIODIC_GATE
edge_96b0d069bdc92f3a7277ac,pg_20a00349bb6ec6a266,em_complete_0029_jid_29,em_complete_0029_jid_29,Na,0,1,stored_edge_orientation,0.509911916667,ExtraTrees,7f2cdf24e8baf50094c9eee85d5aabef357e1695572278cd624b47f0d1d88ba3,MODEL_AUDIT_REQUIRED_NOT_WRITTEN_BACK_TO_PERIODIC_GATE
edge_96d30687582ba3b81153db,pg_4475ded0b1d689bcc3,em_complete_0043_jid_43;em_complete_0481_jid_481,em_complete_0043_jid_43,Li,0,1,stored_edge_orientation,1.22996833333,ExtraTrees,7f2cdf24e8baf50094c9eee85d5aabef357e1695572278cd624b47f0d1d88ba3,MODEL_AUDIT_REQUIRED_NOT_WRITTEN_BACK_TO_PERIODIC_GATE
edge_9800d41328baf6638d5ab1,pg_4475ded0b1d689bcc3,em_complete_0043_jid_43;em_complete_0481_jid_481,em_complete_0043_jid_43,Li,0,1,stored_edge_orientation,1.24623,ExtraTrees,7f2cdf24e8baf50094c9eee85d5aabef357e1695572278cd624b47f0d1d88ba3,MODEL_AUDIT_REQUIRED_NOT_WRITTEN_BACK_TO_PERIODIC_GATE
edge_9852d17f42336bbaed0bda,pg_20a00349bb6ec6a266,em_complete_0029_jid_29,em_complete_0029_jid_29,Na,0,1,stored_edge_orientation,0.42934125,ExtraTrees,7f2cdf24e8baf50094c9eee85d5aabef357e1695572278cd624b47f0d1d88ba3,MODEL_AUDIT_REQUIRED_NOT_WRITTEN_BACK_TO_PERIODIC_GATE
edge_98768e0fd4f64a9f46bb07,pg_4475ded0b1d689bcc3,em_complete_0043_jid_43;em_complete_0481_jid_481,em_complete_0043_jid_43,Li,0,1,stored_edge_orientation,1.22264541667,ExtraTrees,7f2cdf24e8baf50094c9eee85d5aabef357e1695572278cd624b47f0d1d88ba3,MODEL_AUDIT_REQUIRED_NOT_WRITTEN_BACK_TO_PERIODIC_GATE
edge_98c589603ed6c5c5d372ce,pg_4475ded0b1d689bcc3,em_complete_0043_jid_43;em_complete_0481_jid_481,em_complete_0043_jid_43,Li,0,1,stored_edge_orientation,1.165505,ExtraTrees,7f2cdf24e8baf50094c9eee85d5aabef357e1695572278cd624b47f0d1d88ba3,MODEL_AUDIT_REQUIRED_NOT_WRITTEN_BACK_TO_PERIODIC_GATE
edge_990986d39df49512814e4e,pg_4475ded0b1d689bcc3,em_complete_0043_jid_43;em_complete_0481_jid_481,em_complete_0043_jid_43,Li,0,1,stored_edge_orientation,1.14673583333,ExtraTrees,7f2cdf24e8baf50094c9eee85d5aabef357e1695572278cd624b47f0d1d88ba3,MODEL_AUDIT_REQUIRED_NOT_WRITTEN_BACK_TO_PERIODIC_GATE
edge_9943113347a27fbf11e10c,pg_20a00349bb6ec6a266,em_complete_0029_jid_29,em_complete_0029_jid_29,Na,0,1,stored_edge_orientation,0.15889625,ExtraTrees,7f2cdf24e8baf50094c9eee85d5aabef357e1695572278cd624b47f0d1d88ba3,MODEL_AUDIT_REQUIRED_NOT_WRITTEN_BACK_TO_PERIODIC_GATE
edge_99acef0a750cbe52ae1273,pg_4475ded0b1d689bcc3,em_complete_0043_jid_43;em_complete_0481_jid_481,em_complete_0043_jid_43,Li,0,1,stored_edge_orientation,1.25172441667,ExtraTrees,7f2cdf24e8baf50094c9eee85d5aabef357e1695572278cd624b47f0d1d88ba3,MODEL_AUDIT_REQUIRED_NOT_WRITTEN_BACK_TO_PERIODIC_GATE
edge_99f04dfa0c61dc1bb077ed,pg_4475ded0b1d689bcc3,em_complete_0043_jid_43;em_complete_0481_jid_481,em_complete_0043_jid_43,Li,0,1,stored_edge_orientation,1.25359941667,ExtraTrees,7f2cdf24e8baf50094c9eee85d5aabef357e1695572278cd624b47f0d1d88ba3,MODEL_AUDIT_REQUIRED_NOT_WRITTEN_BACK_TO_PERIODIC_GATE
edge_9a2f917fd519eda0c4bbee,pg_4475ded0b1d689bcc3,em_complete_0043_jid_43;em_complete_0481_jid_481,em_complete_0043_jid_43,Li,0,1,stored_edge_orientation,1.25172441667,ExtraTrees,7f2cdf24e8baf50094c9eee85d5aabef357e1695572278cd624b47f0d1d88ba3,MODEL_AUDIT_REQUIRED_NOT_WRITTEN_BACK_TO_PERIODIC_GATE
edge_9a46defaef9850c7f4fa50,pg_4475ded0b1d689bcc3,em_complete_0043_jid_43;em_complete_0481_jid_481,em_complete_0043_jid_43,Li,0,1,stored_edge_orientation,1.2466425,ExtraTrees,7f2cdf24e8baf50094c9eee85d5aabef357e1695572278cd624b47f0d1d88ba3,MODEL_AUDIT_REQUIRED_NOT_WRITTEN_BACK_TO_PERIODIC_GATE
edge_9bcde9a2c3a271a24f9991,pg_20a00349bb6ec6a266,em_complete_0029_jid_29,em_complete_0029_jid_29,Na,0,1,reversed_to_occupied_start,0.1114325,ExtraTrees,7f2cdf24e8baf50094c9eee85d5aabef357e1695572278cd624b47f0d1d88ba3,MODEL_AUDIT_REQUIRED_NOT_WRITTEN_BACK_TO_PERIODIC_GATE
edge_9c3b0e91e740daae4eb8fa,pg_20a00349bb6ec6a266,em_complete_0029_jid_29,em_complete_0029_jid_29,Na,0,1,stored_edge_orientation,0.15889625,ExtraTrees,7f2cdf24e8baf50094c9eee85d5aabef357e1695572278cd624b47f0d1d88ba3,MODEL_AUDIT_REQUIRED_NOT_WRITTEN_BACK_TO_PERIODIC_GATE
edge_9c527dc0da7bad20fbd87a,pg_4475ded0b1d689bcc3,em_complete_0043_jid_43;em_complete_0481_jid_481,em_complete_0043_jid_43,Li,0,1,reversed_to_occupied_start,1.05325475,ExtraTrees,7f2cdf24e8baf50094c9eee85d5aabef357e1695572278cd624b47f0d1d88ba3,MODEL_AUDIT_REQUIRED_NOT_WRITTEN_BACK_TO_PERIODIC_GATE
edge_9cfe5172c20f2f936feddd,pg_8fa38152fbe8956b86,em_complete_0001_jid_1,em_complete_0001_jid_1,Mg,0,1,stored_edge_orientation,1.25307608333,ExtraTrees,7f2cdf24e8baf50094c9eee85d5aabef357e1695572278cd624b47f0d1d88ba3,MODEL_AUDIT_REQUIRED_NOT_WRITTEN_BACK_TO_PERIODIC_GATE
edge_9d37022972a76715abcb9a,pg_20a00349bb6ec6a266,em_complete_0029_jid_29,em_complete_0029_jid_29,Na,0,1,stored_edge_orientation,0.438835833333,ExtraTrees,7f2cdf24e8baf50094c9eee85d5aabef357e1695572278cd624b47f0d1d88ba3,MODEL_AUDIT_REQUIRED_NOT_WRITTEN_BACK_TO_PERIODIC_GATE
edge_9e409fbb8b29107cf3fde3,pg_4475ded0b1d689bcc3,em_complete_0043_jid_43;em_complete_0481_jid_481,em_complete_0043_jid_43,Li,0,1,stored_edge_orientation,1.1631025,ExtraTrees,7f2cdf24e8baf50094c9eee85d5aabef357e1695572278cd624b47f0d1d88ba3,MODEL_AUDIT_REQUIRED_NOT_WRITTEN_BACK_TO_PERIODIC_GATE
edge_9f32387a70d981766586d6,pg_4475ded0b1d689bcc3,em_complete_0043_jid_43;em_complete_0481_jid_481,em_complete_0043_jid_43,Li,0,1,stored_edge_orientation,1.23931958333,ExtraTrees,7f2cdf24e8baf50094c9eee85d5aabef357e1695572278cd624b47f0d1d88ba3,MODEL_AUDIT_REQUIRED_NOT_WRITTEN_BACK_TO_PERIODIC_GATE
edge_9f8a8138723d214dd1fb3d,pg_20a00349bb6ec6a266,em_complete_0029_jid_29,em_complete_0029_jid_29,Na,0,1,stored_edge_orientation,0.509911916667,ExtraTrees,7f2cdf24e8baf50094c9eee85d5aabef357e1695572278cd624b47f0d1d88ba3,MODEL_AUDIT_REQUIRED_NOT_WRITTEN_BACK_TO_PERIODIC_GATE
edge_9fb6a9eb0117222f6a16ef,pg_4475ded0b1d689bcc3,em_complete_0043_jid_43;em_complete_0481_jid_481,em_complete_0043_jid_43,Li,0,1,stored_edge_orientation,1.06996058333,ExtraTrees,7f2cdf24e8baf50094c9eee85d5aabef357e1695572278cd624b47f0d1d88ba3,MODEL_AUDIT_REQUIRED_NOT_WRITTEN_BACK_TO_PERIODIC_GATE
edge_a077b68a08e7e812dbd963,pg_4475ded0b1d689bcc3,em_complete_0043_jid_43;em_complete_0481_jid_481,em_complete_0043_jid_43,Li,0,1,stored_edge_orientation,1.2466425,ExtraTrees,7f2cdf24e8baf50094c9eee85d5aabef357e1695572278cd624b47f0d1d88ba3,MODEL_AUDIT_REQUIRED_NOT_WRITTEN_BACK_TO_PERIODIC_GATE
edge_a0c24c9100c611197ed8e9,pg_4475ded0b1d689bcc3,em_complete_0043_jid_43;em_complete_0481_jid_481,em_complete_0043_jid_43,Li,0,1,stored_edge_orientation,1.22996833333,ExtraTrees,7f2cdf24e8baf50094c9eee85d5aabef357e1695572278cd624b47f0d1d88ba3,MODEL_AUDIT_REQUIRED_NOT_WRITTEN_BACK_TO_PERIODIC_GATE
edge_a1b129bd87d1128535e943,pg_4475ded0b1d689bcc3,em_complete_0043_jid_43;em_complete_0481_jid_481,em_complete_0043_jid_43,Li,0,1,stored_edge_orientation,1.14673583333,ExtraTrees,7f2cdf24e8baf50094c9eee85d5aabef357e1695572278cd624b47f0d1d88ba3,MODEL_AUDIT_REQUIRED_NOT_WRITTEN_BACK_TO_PERIODIC_GATE
edge_a1d81934b3cdd588772240,pg_20a00349bb6ec6a266,em_complete_0029_jid_29,em_complete_0029_jid_29,Na,0,1,stored_edge_orientation,0.509911916667,ExtraTrees,7f2cdf24e8baf50094c9eee85d5aabef357e1695572278cd624b47f0d1d88ba3,MODEL_AUDIT_REQUIRED_NOT_WRITTEN_BACK_TO_PERIODIC_GATE
edge_a2252addc965af5de0afab,pg_20a00349bb6ec6a266,em_complete_0029_jid_29,em_complete_0029_jid_29,Na,0,1,stored_edge_orientation,0.509911916667,ExtraTrees,7f2cdf24e8baf50094c9eee85d5aabef357e1695572278cd624b47f0d1d88ba3,MODEL_AUDIT_REQUIRED_NOT_WRITTEN_BACK_TO_PERIODIC_GATE
edge_a2c7b0806ed80794319f8a,pg_20a00349bb6ec6a266,em_complete_0029_jid_29,em_complete_0029_jid_29,Na,0,1,stored_edge_orientation,0.509911916667,ExtraTrees,7f2cdf24e8baf50094c9eee85d5aabef357e1695572278cd624b47f0d1d88ba3,MODEL_AUDIT_REQUIRED_NOT_WRITTEN_BACK_TO_PERIODIC_GATE
edge_a34fb3356ff67e00aa0e9c,pg_4475ded0b1d689bcc3,em_complete_0043_jid_43;em_complete_0481_jid_481,em_complete_0043_jid_43,Li,0,1,stored_edge_orientation,1.14673583333,ExtraTrees,7f2cdf24e8baf50094c9eee85d5aabef357e1695572278cd624b47f0d1d88ba3,MODEL_AUDIT_REQUIRED_NOT_WRITTEN_BACK_TO_PERIODIC_GATE
edge_a39ca09d9375b9045357b8,pg_20a00349bb6ec6a266,em_complete_0029_jid_29,em_complete_0029_jid_29,Na,0,1,stored_edge_orientation,0.509911916667,ExtraTrees,7f2cdf24e8baf50094c9eee85d5aabef357e1695572278cd624b47f0d1d88ba3,MODEL_AUDIT_REQUIRED_NOT_WRITTEN_BACK_TO_PERIODIC_GATE
edge_a3c15273f71c0809f25d8c,pg_4475ded0b1d689bcc3,em_complete_0043_jid_43;em_complete_0481_jid_481,em_complete_0043_jid_43,Li,0,1,stored_edge_orientation,1.22996833333,ExtraTrees,7f2cdf24e8baf50094c9eee85d5aabef357e1695572278cd624b47f0d1d88ba3,MODEL_AUDIT_REQUIRED_NOT_WRITTEN_BACK_TO_PERIODIC_GATE
edge_a4c6415b406b29786f9ee7,pg_20a00349bb6ec6a266,em_complete_0029_jid_29,em_complete_0029_jid_29,Na,0,1,stored_edge_orientation,0.535620833333,ExtraTrees,7f2cdf24e8baf50094c9eee85d5aabef357e1695572278cd624b47f0d1d88ba3,MODEL_AUDIT_REQUIRED_NOT_WRITTEN_BACK_TO_PERIODIC_GATE
edge_a4e7b3bb0cef525a1eef5b,pg_20a00349bb6ec6a266,em_complete_0029_jid_29,em_complete_0029_jid_29,Na,0,1,stored_edge_orientation,0.509911916667,ExtraTrees,7f2cdf24e8baf50094c9eee85d5aabef357e1695572278cd624b47f0d1d88ba3,MODEL_AUDIT_REQUIRED_NOT_WRITTEN_BACK_TO_PERIODIC_GATE
edge_a4ea51a3e0c7bfaebab98f,pg_4475ded0b1d689bcc3,em_complete_0043_jid_43;em_complete_0481_jid_481,em_complete_0043_jid_43,Li,0,1,stored_edge_orientation,1.22264541667,ExtraTrees,7f2cdf24e8baf50094c9eee85d5aabef357e1695572278cd624b47f0d1d88ba3,MODEL_AUDIT_REQUIRED_NOT_WRITTEN_BACK_TO_PERIODIC_GATE
edge_a55f6d0102ec66a9de592d,pg_4475ded0b1d689bcc3,em_complete_0043_jid_43;em_complete_0481_jid_481,em_complete_0043_jid_43,Li,0,1,stored_edge_orientation,1.22996833333,ExtraTrees,7f2cdf24e8baf50094c9eee85d5aabef357e1695572278cd624b47f0d1d88ba3,MODEL_AUDIT_REQUIRED_NOT_WRITTEN_BACK_TO_PERIODIC_GATE
edge_a58985f24d28d22c92901b,pg_20a00349bb6ec6a266,em_complete_0029_jid_29,em_complete_0029_jid_29,Na,0,1,stored_edge_orientation,0.509911916667,ExtraTrees,7f2cdf24e8baf50094c9eee85d5aabef357e1695572278cd624b47f0d1d88ba3,MODEL_AUDIT_REQUIRED_NOT_WRITTEN_BACK_TO_PERIODIC_GATE
edge_a5b0f806ee55ca5c7e2298,pg_4475ded0b1d689bcc3,em_complete_0043_jid_43;em_complete_0481_jid_481,em_complete_0043_jid_43,Li,0,1,stored_edge_orientation,1.22996833333,ExtraTrees,7f2cdf24e8baf50094c9eee85d5aabef357e1695572278cd624b47f0d1d88ba3,MODEL_AUDIT_REQUIRED_NOT_WRITTEN_BACK_TO_PERIODIC_GATE
edge_a5b4692f3dd498507221fe,pg_20a00349bb6ec6a266,em_complete_0029_jid_29,em_complete_0029_jid_29,Na,0,1,stored_edge_orientation,0.509911916667,ExtraTrees,7f2cdf24e8baf50094c9eee85d5aabef357e1695572278cd624b47f0d1d88ba3,MODEL_AUDIT_REQUIRED_NOT_WRITTEN_BACK_TO_PERIODIC_GATE
edge_a5ca99f9c86f4b3ae76140,pg_4475ded0b1d689bcc3,em_complete_0043_jid_43;em_complete_0481_jid_481,em_complete_0043_jid_43,Li,0,1,stored_edge_orientation,1.07111975,ExtraTrees,7f2cdf24e8baf50094c9eee85d5aabef357e1695572278cd624b47f0d1d88ba3,MODEL_AUDIT_REQUIRED_NOT_WRITTEN_BACK_TO_PERIODIC_GATE
edge_a62b22aff819ea2167e68c,pg_4475ded0b1d689bcc3,em_complete_0043_jid_43;em_complete_0481_jid_481,em_complete_0043_jid_43,Li,0,1,reversed_to_occupied_start,0.98595325,ExtraTrees,7f2cdf24e8baf50094c9eee85d5aabef357e1695572278cd624b47f0d1d88ba3,MODEL_AUDIT_REQUIRED_NOT_WRITTEN_BACK_TO_PERIODIC_GATE
edge_a62be5041e215000f61643,pg_20a00349bb6ec6a266,em_complete_0029_jid_29,em_complete_0029_jid_29,Na,0,1,stored_edge_orientation,0.531298333333,ExtraTrees,7f2cdf24e8baf50094c9eee85d5aabef357e1695572278cd624b47f0d1d88ba3,MODEL_AUDIT_REQUIRED_NOT_WRITTEN_BACK_TO_PERIODIC_GATE
edge_a6648e07374477d03534ac,pg_4475ded0b1d689bcc3,em_complete_0043_jid_43;em_complete_0481_jid_481,em_complete_0043_jid_43,Li,0,1,stored_edge_orientation,1.14673583333,ExtraTrees,7f2cdf24e8baf50094c9eee85d5aabef357e1695572278cd624b47f0d1d88ba3,MODEL_AUDIT_REQUIRED_NOT_WRITTEN_BACK_TO_PERIODIC_GATE
edge_a6879a104825834fd38c9f,pg_4475ded0b1d689bcc3,em_complete_0043_jid_43;em_complete_0481_jid_481,em_complete_0043_jid_43,Li,0,1,reversed_to_occupied_start,1.05325475,ExtraTrees,7f2cdf24e8baf50094c9eee85d5aabef357e1695572278cd624b47f0d1d88ba3,MODEL_AUDIT_REQUIRED_NOT_WRITTEN_BACK_TO_PERIODIC_GATE
edge_a6972307add14f45f77270,pg_4475ded0b1d689bcc3,em_complete_0043_jid_43;em_complete_0481_jid_481,em_complete_0043_jid_43,Li,0,1,stored_edge_orientation,1.24623,ExtraTrees,7f2cdf24e8baf50094c9eee85d5aabef357e1695572278cd624b47f0d1d88ba3,MODEL_AUDIT_REQUIRED_NOT_WRITTEN_BACK_TO_PERIODIC_GATE
edge_a6ed3ff38d58bde1c53b51,pg_4475ded0b1d689bcc3,em_complete_0043_jid_43;em_complete_0481_jid_481,em_complete_0043_jid_43,Li,0,1,reversed_to_occupied_start,0.98659075,ExtraTrees,7f2cdf24e8baf50094c9eee85d5aabef357e1695572278cd624b47f0d1d88ba3,MODEL_AUDIT_REQUIRED_NOT_WRITTEN_BACK_TO_PERIODIC_GATE
edge_a6f3b5119fbddfb7edfb29,pg_20a00349bb6ec6a266,em_complete_0029_jid_29,em_complete_0029_jid_29,Na,0,1,stored_edge_orientation,0.509911916667,ExtraTrees,7f2cdf24e8baf50094c9eee85d5aabef357e1695572278cd624b47f0d1d88ba3,MODEL_AUDIT_REQUIRED_NOT_WRITTEN_BACK_TO_PERIODIC_GATE
edge_a71e6eab1610bf7058c275,pg_4475ded0b1d689bcc3,em_complete_0043_jid_43;em_complete_0481_jid_481,em_complete_0043_jid_43,Li,0,1,reversed_to_occupied_start,0.831118583333,ExtraTrees,7f2cdf24e8baf50094c9eee85d5aabef357e1695572278cd624b47f0d1d88ba3,MODEL_AUDIT_REQUIRED_NOT_WRITTEN_BACK_TO_PERIODIC_GATE
edge_a748dad481e357f9337f31,pg_20a00349bb6ec6a266,em_complete_0029_jid_29,em_complete_0029_jid_29,Na,0,1,stored_edge_orientation,0.435891666667,ExtraTrees,7f2cdf24e8baf50094c9eee85d5aabef357e1695572278cd624b47f0d1d88ba3,MODEL_AUDIT_REQUIRED_NOT_WRITTEN_BACK_TO_PERIODIC_GATE
edge_a77cb7827ba28c9b00bdbd,pg_4475ded0b1d689bcc3,em_complete_0043_jid_43;em_complete_0481_jid_481,em_complete_0043_jid_43,Li,0,1,stored_edge_orientation,1.22996833333,ExtraTrees,7f2cdf24e8baf50094c9eee85d5aabef357e1695572278cd624b47f0d1d88ba3,MODEL_AUDIT_REQUIRED_NOT_WRITTEN_BACK_TO_PERIODIC_GATE
edge_a79ca8b18a7b06ef2251f2,pg_20a00349bb6ec6a266,em_complete_0029_jid_29,em_complete_0029_jid_29,Na,0,1,stored_edge_orientation,0.509911916667,ExtraTrees,7f2cdf24e8baf50094c9eee85d5aabef357e1695572278cd624b47f0d1d88ba3,MODEL_AUDIT_REQUIRED_NOT_WRITTEN_BACK_TO_PERIODIC_GATE
edge_a7aa33e359bbe5bc6b7ed1,pg_4475ded0b1d689bcc3,em_complete_0043_jid_43;em_complete_0481_jid_481,em_complete_0043_jid_43,Li,0,1,stored_edge_orientation,1.2466425,ExtraTrees,7f2cdf24e8baf50094c9eee85d5aabef357e1695572278cd624b47f0d1d88ba3,MODEL_AUDIT_REQUIRED_NOT_WRITTEN_BACK_TO_PERIODIC_GATE
edge_a7ce719087392a82455462,pg_4475ded0b1d689bcc3,em_complete_0043_jid_43;em_complete_0481_jid_481,em_complete_0043_jid_43,Li,0,1,stored_edge_orientation,1.16452166667,ExtraTrees,7f2cdf24e8baf50094c9eee85d5aabef357e1695572278cd624b47f0d1d88ba3,MODEL_AUDIT_REQUIRED_NOT_WRITTEN_BACK_TO_PERIODIC_GATE
edge_a7d6b709c9a59bebcac506,pg_4475ded0b1d689bcc3,em_complete_0043_jid_43;em_complete_0481_jid_481,em_complete_0043_jid_43,Li,0,1,stored_edge_orientation,1.24623,ExtraTrees,7f2cdf24e8baf50094c9eee85d5aabef357e1695572278cd624b47f0d1d88ba3,MODEL_AUDIT_REQUIRED_NOT_WRITTEN_BACK_TO_PERIODIC_GATE
edge_a7e8805cd524b84e4582fe,pg_4475ded0b1d689bcc3,em_complete_0043_jid_43;em_complete_0481_jid_481,em_complete_0043_jid_43,Li,0,1,stored_edge_orientation,1.06427475,ExtraTrees,7f2cdf24e8baf50094c9eee85d5aabef357e1695572278cd624b47f0d1d88ba3,MODEL_AUDIT_REQUIRED_NOT_WRITTEN_BACK_TO_PERIODIC_GATE
edge_a82e34302d154641e0463e,pg_20a00349bb6ec6a266,em_complete_0029_jid_29,em_complete_0029_jid_29,Na,0,1,stored_edge_orientation,0.15889625,ExtraTrees,7f2cdf24e8baf50094c9eee85d5aabef357e1695572278cd624b47f0d1d88ba3,MODEL_AUDIT_REQUIRED_NOT_WRITTEN_BACK_TO_PERIODIC_GATE
edge_a8385a0845b0cec1f5c3f6,pg_4475ded0b1d689bcc3,em_complete_0043_jid_43;em_complete_0481_jid_481,em_complete_0043_jid_43,Li,0,1,reversed_to_occupied_start,0.98595325,ExtraTrees,7f2cdf24e8baf50094c9eee85d5aabef357e1695572278cd624b47f0d1d88ba3,MODEL_AUDIT_REQUIRED_NOT_WRITTEN_BACK_TO_PERIODIC_GATE
edge_a8aecb38b3e1f4e9031a3b,pg_4475ded0b1d689bcc3,em_complete_0043_jid_43;em_complete_0481_jid_481,em_complete_0043_jid_43,Li,0,1,stored_edge_orientation,1.165505,ExtraTrees,7f2cdf24e8baf50094c9eee85d5aabef357e1695572278cd624b47f0d1d88ba3,MODEL_AUDIT_REQUIRED_NOT_WRITTEN_BACK_TO_PERIODIC_GATE
edge_a8e009e29de68dac9372f0,pg_4475ded0b1d689bcc3,em_complete_0043_jid_43;em_complete_0481_jid_481,em_complete_0043_jid_43,Li,0,1,stored_edge_orientation,1.16452166667,ExtraTrees,7f2cdf24e8baf50094c9eee85d5aabef357e1695572278cd624b47f0d1d88ba3,MODEL_AUDIT_REQUIRED_NOT_WRITTEN_BACK_TO_PERIODIC_GATE
edge_a935ef21777fc4150a4b46,pg_4475ded0b1d689bcc3,em_complete_0043_jid_43;em_complete_0481_jid_481,em_complete_0043_jid_43,Li,0,1,stored_edge_orientation,1.1631025,ExtraTrees,7f2cdf24e8baf50094c9eee85d5aabef357e1695572278cd624b47f0d1d88ba3,MODEL_AUDIT_REQUIRED_NOT_WRITTEN_BACK_TO_PERIODIC_GATE
edge_a9557566a2478dc1cf5d28,pg_4475ded0b1d689bcc3,em_complete_0043_jid_43;em_complete_0481_jid_481,em_complete_0043_jid_43,Li,0,1,stored_edge_orientation,1.06996058333,ExtraTrees,7f2cdf24e8baf50094c9eee85d5aabef357e1695572278cd624b47f0d1d88ba3,MODEL_AUDIT_REQUIRED_NOT_WRITTEN_BACK_TO_PERIODIC_GATE
edge_a99be19cfc7cdb31b6d390,pg_4475ded0b1d689bcc3,em_complete_0043_jid_43;em_complete_0481_jid_481,em_complete_0043_jid_43,Li,0,1,stored_edge_orientation,1.14673583333,ExtraTrees,7f2cdf24e8baf50094c9eee85d5aabef357e1695572278cd624b47f0d1d88ba3,MODEL_AUDIT_REQUIRED_NOT_WRITTEN_BACK_TO_PERIODIC_GATE
edge_aa2dc56bd1fd89113a31b2,pg_20a00349bb6ec6a266,em_complete_0029_jid_29,em_complete_0029_jid_29,Na,0,1,stored_edge_orientation,0.435891666667,ExtraTrees,7f2cdf24e8baf50094c9eee85d5aabef357e1695572278cd624b47f0d1d88ba3,MODEL_AUDIT_REQUIRED_NOT_WRITTEN_BACK_TO_PERIODIC_GATE
edge_aa4c9a641a0d7a53fedc9b,pg_4475ded0b1d689bcc3,em_complete_0043_jid_43;em_complete_0481_jid_481,em_complete_0043_jid_43,Li,0,1,stored_edge_orientation,1.07013641667,ExtraTrees,7f2cdf24e8baf50094c9eee85d5aabef357e1695572278cd624b47f0d1d88ba3,MODEL_AUDIT_REQUIRED_NOT_WRITTEN_BACK_TO_PERIODIC_GATE
edge_aa7eb60661a4e71acf6d79,pg_20a00349bb6ec6a266,em_complete_0029_jid_29,em_complete_0029_jid_29,Na,0,1,stored_edge_orientation,0.511963583333,ExtraTrees,7f2cdf24e8baf50094c9eee85d5aabef357e1695572278cd624b47f0d1d88ba3,MODEL_AUDIT_REQUIRED_NOT_WRITTEN_BACK_TO_PERIODIC_GATE
edge_aab008e51aca18561da136,pg_20a00349bb6ec6a266,em_complete_0029_jid_29,em_complete_0029_jid_29,Na,0,1,stored_edge_orientation,0.15889625,ExtraTrees,7f2cdf24e8baf50094c9eee85d5aabef357e1695572278cd624b47f0d1d88ba3,MODEL_AUDIT_REQUIRED_NOT_WRITTEN_BACK_TO_PERIODIC_GATE
edge_ab6a4d13440060173217b8,pg_4475ded0b1d689bcc3,em_complete_0043_jid_43;em_complete_0481_jid_481,em_complete_0043_jid_43,Li,0,1,reversed_to_occupied_start,0.98595325,ExtraTrees,7f2cdf24e8baf50094c9eee85d5aabef357e1695572278cd624b47f0d1d88ba3,MODEL_AUDIT_REQUIRED_NOT_WRITTEN_BACK_TO_PERIODIC_GATE
edge_ab6c9d4ddc2c27b56a1ef9,pg_4475ded0b1d689bcc3,em_complete_0043_jid_43;em_complete_0481_jid_481,em_complete_0043_jid_43,Li,0,1,stored_edge_orientation,1.07111975,ExtraTrees,7f2cdf24e8baf50094c9eee85d5aabef357e1695572278cd624b47f0d1d88ba3,MODEL_AUDIT_REQUIRED_NOT_WRITTEN_BACK_TO_PERIODIC_GATE
edge_ac291445e56e1f8e371152,pg_20a00349bb6ec6a266,em_complete_0029_jid_29,em_complete_0029_jid_29,Na,0,1,stored_edge_orientation,0.438035833333,ExtraTrees,7f2cdf24e8baf50094c9eee85d5aabef357e1695572278cd624b47f0d1d88ba3,MODEL_AUDIT_REQUIRED_NOT_WRITTEN_BACK_TO_PERIODIC_GATE
edge_ac65738adf4f8fac902ca0,pg_4475ded0b1d689bcc3,em_complete_0043_jid_43;em_complete_0481_jid_481,em_complete_0043_jid_43,Li,0,1,stored_edge_orientation,1.33980041667,ExtraTrees,7f2cdf24e8baf50094c9eee85d5aabef357e1695572278cd624b47f0d1d88ba3,MODEL_AUDIT_REQUIRED_NOT_WRITTEN_BACK_TO_PERIODIC_GATE
edge_ad83e3d958d504308b1060,pg_4475ded0b1d689bcc3,em_complete_0043_jid_43;em_complete_0481_jid_481,em_complete_0043_jid_43,Li,0,1,stored_edge_orientation,1.2466425,ExtraTrees,7f2cdf24e8baf50094c9eee85d5aabef357e1695572278cd624b47f0d1d88ba3,MODEL_AUDIT_REQUIRED_NOT_WRITTEN_BACK_TO_PERIODIC_GATE
edge_adbc222c7d88547e33b574,pg_20a00349bb6ec6a266,em_complete_0029_jid_29,em_complete_0029_jid_29,Na,0,1,stored_edge_orientation,0.536079166667,ExtraTrees,7f2cdf24e8baf50094c9eee85d5aabef357e1695572278cd624b47f0d1d88ba3,MODEL_AUDIT_REQUIRED_NOT_WRITTEN_BACK_TO_PERIODIC_GATE
edge_ae47c2facb436be36572fd,pg_4475ded0b1d689bcc3,em_complete_0043_jid_43;em_complete_0481_jid_481,em_complete_0043_jid_43,Li,0,1,stored_edge_orientation,1.06180308333,ExtraTrees,7f2cdf24e8baf50094c9eee85d5aabef357e1695572278cd624b47f0d1d88ba3,MODEL_AUDIT_REQUIRED_NOT_WRITTEN_BACK_TO_PERIODIC_GATE
edge_ae4eaf9a91878acb820dbf,pg_4475ded0b1d689bcc3,em_complete_0043_jid_43;em_complete_0481_jid_481,em_complete_0043_jid_43,Li,0,1,stored_edge_orientation,1.24623,ExtraTrees,7f2cdf24e8baf50094c9eee85d5aabef357e1695572278cd624b47f0d1d88ba3,MODEL_AUDIT_REQUIRED_NOT_WRITTEN_BACK_TO_PERIODIC_GATE
edge_ae92d30cf4db9419543962,pg_20a00349bb6ec6a266,em_complete_0029_jid_29,em_complete_0029_jid_29,Na,0,1,stored_edge_orientation,0.511963583333,ExtraTrees,7f2cdf24e8baf50094c9eee85d5aabef357e1695572278cd624b47f0d1d88ba3,MODEL_AUDIT_REQUIRED_NOT_WRITTEN_BACK_TO_PERIODIC_GATE
edge_aeae5e26fa395c43b381f6,pg_4475ded0b1d689bcc3,em_complete_0043_jid_43;em_complete_0481_jid_481,em_complete_0043_jid_43,Li,0,1,stored_edge_orientation,1.22264541667,ExtraTrees,7f2cdf24e8baf50094c9eee85d5aabef357e1695572278cd624b47f0d1d88ba3,MODEL_AUDIT_REQUIRED_NOT_WRITTEN_BACK_TO_PERIODIC_GATE
edge_af0e2dcb8228c5c002c06b,pg_20a00349bb6ec6a266,em_complete_0029_jid_29,em_complete_0029_jid_29,Na,0,1,stored_edge_orientation,0.438835833333,ExtraTrees,7f2cdf24e8baf50094c9eee85d5aabef357e1695572278cd624b47f0d1d88ba3,MODEL_AUDIT_REQUIRED_NOT_WRITTEN_BACK_TO_PERIODIC_GATE
edge_af20f70b882d5c3c20bee3,pg_20a00349bb6ec6a266,em_complete_0029_jid_29,em_complete_0029_jid_29,Na,0,1,stored_edge_orientation,0.435891666667,ExtraTrees,7f2cdf24e8baf50094c9eee85d5aabef357e1695572278cd624b47f0d1d88ba3,MODEL_AUDIT_REQUIRED_NOT_WRITTEN_BACK_TO_PERIODIC_GATE
edge_affbb1dede3c8e991a11e0,pg_4475ded0b1d689bcc3,em_complete_0043_jid_43;em_complete_0481_jid_481,em_complete_0043_jid_43,Li,0,1,stored_edge_orientation,1.22996833333,ExtraTrees,7f2cdf24e8baf50094c9eee85d5aabef357e1695572278cd624b47f0d1d88ba3,MODEL_AUDIT_REQUIRED_NOT_WRITTEN_BACK_TO_PERIODIC_GATE
edge_b00d48c2b18c8de2c14759,pg_20a00349bb6ec6a266,em_complete_0029_jid_29,em_complete_0029_jid_29,Na,0,1,stored_edge_orientation,0.435891666667,ExtraTrees,7f2cdf24e8baf50094c9eee85d5aabef357e1695572278cd624b47f0d1d88ba3,MODEL_AUDIT_REQUIRED_NOT_WRITTEN_BACK_TO_PERIODIC_GATE
edge_b1fbf7710433fe832be2c7,pg_4475ded0b1d689bcc3,em_complete_0043_jid_43;em_complete_0481_jid_481,em_complete_0043_jid_43,Li,0,1,reversed_to_occupied_start,0.399033666667,ExtraTrees,7f2cdf24e8baf50094c9eee85d5aabef357e1695572278cd624b47f0d1d88ba3,MODEL_AUDIT_REQUIRED_NOT_WRITTEN_BACK_TO_PERIODIC_GATE
edge_b211457bd1ea6a63a2b0d3,pg_4475ded0b1d689bcc3,em_complete_0043_jid_43;em_complete_0481_jid_481,em_complete_0043_jid_43,Li,0,1,reversed_to_occupied_start,1.05325475,ExtraTrees,7f2cdf24e8baf50094c9eee85d5aabef357e1695572278cd624b47f0d1d88ba3,MODEL_AUDIT_REQUIRED_NOT_WRITTEN_BACK_TO_PERIODIC_GATE
edge_b22d32fa4c35fa4e0e56bb,pg_20a00349bb6ec6a266,em_complete_0029_jid_29,em_complete_0029_jid_29,Na,0,1,stored_edge_orientation,0.511963583333,ExtraTrees,7f2cdf24e8baf50094c9eee85d5aabef357e1695572278cd624b47f0d1d88ba3,MODEL_AUDIT_REQUIRED_NOT_WRITTEN_BACK_TO_PERIODIC_GATE
edge_b230657f84043998ffe90d,pg_4475ded0b1d689bcc3,em_complete_0043_jid_43;em_complete_0481_jid_481,em_complete_0043_jid_43,Li,0,1,stored_edge_orientation,1.22996833333,ExtraTrees,7f2cdf24e8baf50094c9eee85d5aabef357e1695572278cd624b47f0d1d88ba3,MODEL_AUDIT_REQUIRED_NOT_WRITTEN_BACK_TO_PERIODIC_GATE
edge_b254fc15b2514525c770c9,pg_4475ded0b1d689bcc3,em_complete_0043_jid_43;em_complete_0481_jid_481,em_complete_0043_jid_43,Li,0,1,stored_edge_orientation,1.2466425,ExtraTrees,7f2cdf24e8baf50094c9eee85d5aabef357e1695572278cd624b47f0d1d88ba3,MODEL_AUDIT_REQUIRED_NOT_WRITTEN_BACK_TO_PERIODIC_GATE
edge_b2e7cad212c15f43733ecf,pg_4475ded0b1d689bcc3,em_complete_0043_jid_43;em_complete_0481_jid_481,em_complete_0043_jid_43,Li,0,1,stored_edge_orientation,1.16452166667,ExtraTrees,7f2cdf24e8baf50094c9eee85d5aabef357e1695572278cd624b47f0d1d88ba3,MODEL_AUDIT_REQUIRED_NOT_WRITTEN_BACK_TO_PERIODIC_GATE
edge_b30c7634c94d7e45e5e1ec,pg_4475ded0b1d689bcc3,em_complete_0043_jid_43;em_complete_0481_jid_481,em_complete_0043_jid_43,Li,0,1,stored_edge_orientation,1.25565358333,ExtraTrees,7f2cdf24e8baf50094c9eee85d5aabef357e1695572278cd624b47f0d1d88ba3,MODEL_AUDIT_REQUIRED_NOT_WRITTEN_BACK_TO_PERIODIC_GATE
edge_b3242d085af0a21d6374c8,pg_4475ded0b1d689bcc3,em_complete_0043_jid_43;em_complete_0481_jid_481,em_complete_0043_jid_43,Li,0,1,stored_edge_orientation,1.2466425,ExtraTrees,7f2cdf24e8baf50094c9eee85d5aabef357e1695572278cd624b47f0d1d88ba3,MODEL_AUDIT_REQUIRED_NOT_WRITTEN_BACK_TO_PERIODIC_GATE
edge_b37596399dbd32bd036646,pg_4475ded0b1d689bcc3,em_complete_0043_jid_43;em_complete_0481_jid_481,em_complete_0043_jid_43,Li,0,1,stored_edge_orientation,1.2466425,ExtraTrees,7f2cdf24e8baf50094c9eee85d5aabef357e1695572278cd624b47f0d1d88ba3,MODEL_AUDIT_REQUIRED_NOT_WRITTEN_BACK_TO_PERIODIC_GATE
edge_b3be0f618087f952c185e0,pg_4475ded0b1d689bcc3,em_complete_0043_jid_43;em_complete_0481_jid_481,em_complete_0043_jid_43,Li,0,1,stored_edge_orientation,1.14673583333,ExtraTrees,7f2cdf24e8baf50094c9eee85d5aabef357e1695572278cd624b47f0d1d88ba3,MODEL_AUDIT_REQUIRED_NOT_WRITTEN_BACK_TO_PERIODIC_GATE
edge_b3e8e2e9b4ad93d0eaf72d,pg_4475ded0b1d689bcc3,em_complete_0043_jid_43;em_complete_0481_jid_481,em_complete_0043_jid_43,Li,0,1,stored_edge_orientation,1.22996833333,ExtraTrees,7f2cdf24e8baf50094c9eee85d5aabef357e1695572278cd624b47f0d1d88ba3,MODEL_AUDIT_REQUIRED_NOT_WRITTEN_BACK_TO_PERIODIC_GATE
edge_b3e99fc56fac9525533517,pg_4475ded0b1d689bcc3,em_complete_0043_jid_43;em_complete_0481_jid_481,em_complete_0043_jid_43,Li,0,1,stored_edge_orientation,1.06180308333,ExtraTrees,7f2cdf24e8baf50094c9eee85d5aabef357e1695572278cd624b47f0d1d88ba3,MODEL_AUDIT_REQUIRED_NOT_WRITTEN_BACK_TO_PERIODIC_GATE
edge_b46f94d04abd310ffeb35a,pg_4475ded0b1d689bcc3,em_complete_0043_jid_43;em_complete_0481_jid_481,em_complete_0043_jid_43,Li,0,1,stored_edge_orientation,1.23989041667,ExtraTrees,7f2cdf24e8baf50094c9eee85d5aabef357e1695572278cd624b47f0d1d88ba3,MODEL_AUDIT_REQUIRED_NOT_WRITTEN_BACK_TO_PERIODIC_GATE
edge_b4b002c19e1b3d4437a062,pg_4475ded0b1d689bcc3,em_complete_0043_jid_43;em_complete_0481_jid_481,em_complete_0043_jid_43,Li,0,1,stored_edge_orientation,1.26269858333,ExtraTrees,7f2cdf24e8baf50094c9eee85d5aabef357e1695572278cd624b47f0d1d88ba3,MODEL_AUDIT_REQUIRED_NOT_WRITTEN_BACK_TO_PERIODIC_GATE
edge_b4b4aba9ec7dbe2914dac7,pg_4475ded0b1d689bcc3,em_complete_0043_jid_43;em_complete_0481_jid_481,em_complete_0043_jid_43,Li,0,1,stored_edge_orientation,1.22996833333,ExtraTrees,7f2cdf24e8baf50094c9eee85d5aabef357e1695572278cd624b47f0d1d88ba3,MODEL_AUDIT_REQUIRED_NOT_WRITTEN_BACK_TO_PERIODIC_GATE
edge_b61230fcf86b9bafb7f87e,pg_4475ded0b1d689bcc3,em_complete_0043_jid_43;em_complete_0481_jid_481,em_complete_0043_jid_43,Li,0,1,stored_edge_orientation,0.399033666667,ExtraTrees,7f2cdf24e8baf50094c9eee85d5aabef357e1695572278cd624b47f0d1d88ba3,MODEL_AUDIT_REQUIRED_NOT_WRITTEN_BACK_TO_PERIODIC_GATE
edge_b61f033614773219b1bef8,pg_4475ded0b1d689bcc3,em_complete_0043_jid_43;em_complete_0481_jid_481,em_complete_0043_jid_43,Li,0,1,stored_edge_orientation,1.24623,ExtraTrees,7f2cdf24e8baf50094c9eee85d5aabef357e1695572278cd624b47f0d1d88ba3,MODEL_AUDIT_REQUIRED_NOT_WRITTEN_BACK_TO_PERIODIC_GATE
edge_b6242c3a36a5bcc7e1f85a,pg_4475ded0b1d689bcc3,em_complete_0043_jid_43;em_complete_0481_jid_481,em_complete_0043_jid_43,Li,0,1,stored_edge_orientation,1.24623,ExtraTrees,7f2cdf24e8baf50094c9eee85d5aabef357e1695572278cd624b47f0d1d88ba3,MODEL_AUDIT_REQUIRED_NOT_WRITTEN_BACK_TO_PERIODIC_GATE
edge_b6d8415837ee6bf1e6451a,pg_4475ded0b1d689bcc3,em_complete_0043_jid_43;em_complete_0481_jid_481,em_complete_0043_jid_43,Li,0,1,stored_edge_orientation,1.165505,ExtraTrees,7f2cdf24e8baf50094c9eee85d5aabef357e1695572278cd624b47f0d1d88ba3,MODEL_AUDIT_REQUIRED_NOT_WRITTEN_BACK_TO_PERIODIC_GATE
edge_b71b7ab00c04a3f77b90e2,pg_4475ded0b1d689bcc3,em_complete_0043_jid_43;em_complete_0481_jid_481,em_complete_0043_jid_43,Li,0,1,stored_edge_orientation,1.14673583333,ExtraTrees,7f2cdf24e8baf50094c9eee85d5aabef357e1695572278cd624b47f0d1d88ba3,MODEL_AUDIT_REQUIRED_NOT_WRITTEN_BACK_TO_PERIODIC_GATE
edge_b72aeec48ae1c626b909af,pg_4475ded0b1d689bcc3,em_complete_0043_jid_43;em_complete_0481_jid_481,em_complete_0043_jid_43,Li,0,1,stored_edge_orientation,1.22996833333,ExtraTrees,7f2cdf24e8baf50094c9eee85d5aabef357e1695572278cd624b47f0d1d88ba3,MODEL_AUDIT_REQUIRED_NOT_WRITTEN_BACK_TO_PERIODIC_GATE
edge_b754cd0f1206f986185d1a,pg_4475ded0b1d689bcc3,em_complete_0043_jid_43;em_complete_0481_jid_481,em_complete_0043_jid_43,Li,0,1,reversed_to_occupied_start,0.98659075,ExtraTrees,7f2cdf24e8baf50094c9eee85d5aabef357e1695572278cd624b47f0d1d88ba3,MODEL_AUDIT_REQUIRED_NOT_WRITTEN_BACK_TO_PERIODIC_GATE
edge_b80a36747bb0641ec4f7b4,pg_4475ded0b1d689bcc3,em_complete_0043_jid_43;em_complete_0481_jid_481,em_complete_0043_jid_43,Li,0,1,stored_edge_orientation,1.14673583333,ExtraTrees,7f2cdf24e8baf50094c9eee85d5aabef357e1695572278cd624b47f0d1d88ba3,MODEL_AUDIT_REQUIRED_NOT_WRITTEN_BACK_TO_PERIODIC_GATE
edge_b850fc8d3db0c14004a387,pg_20a00349bb6ec6a266,em_complete_0029_jid_29,em_complete_0029_jid_29,Na,0,1,stored_edge_orientation,0.509911916667,ExtraTrees,7f2cdf24e8baf50094c9eee85d5aabef357e1695572278cd624b47f0d1d88ba3,MODEL_AUDIT_REQUIRED_NOT_WRITTEN_BACK_TO_PERIODIC_GATE
edge_b85e1d0a857a303d010372,pg_4475ded0b1d689bcc3,em_complete_0043_jid_43;em_complete_0481_jid_481,em_complete_0043_jid_43,Li,0,1,stored_edge_orientation,1.25359941667,ExtraTrees,7f2cdf24e8baf50094c9eee85d5aabef357e1695572278cd624b47f0d1d88ba3,MODEL_AUDIT_REQUIRED_NOT_WRITTEN_BACK_TO_PERIODIC_GATE
edge_b900e2b7793f97df1227b8,pg_4475ded0b1d689bcc3,em_complete_0043_jid_43;em_complete_0481_jid_481,em_complete_0043_jid_43,Li,0,1,stored_edge_orientation,1.24623,ExtraTrees,7f2cdf24e8baf50094c9eee85d5aabef357e1695572278cd624b47f0d1d88ba3,MODEL_AUDIT_REQUIRED_NOT_WRITTEN_BACK_TO_PERIODIC_GATE
edge_b96b34c79e9ff861eb7a4d,pg_4475ded0b1d689bcc3,em_complete_0043_jid_43;em_complete_0481_jid_481,em_complete_0043_jid_43,Li,0,1,stored_edge_orientation,1.22996833333,ExtraTrees,7f2cdf24e8baf50094c9eee85d5aabef357e1695572278cd624b47f0d1d88ba3,MODEL_AUDIT_REQUIRED_NOT_WRITTEN_BACK_TO_PERIODIC_GATE
edge_b9a76533c385234fa1b24b,pg_4475ded0b1d689bcc3,em_complete_0043_jid_43;em_complete_0481_jid_481,em_complete_0043_jid_43,Li,0,1,stored_edge_orientation,1.22996833333,ExtraTrees,7f2cdf24e8baf50094c9eee85d5aabef357e1695572278cd624b47f0d1d88ba3,MODEL_AUDIT_REQUIRED_NOT_WRITTEN_BACK_TO_PERIODIC_GATE
edge_b9d43d9fd8d29feb700384,pg_20a00349bb6ec6a266,em_complete_0029_jid_29,em_complete_0029_jid_29,Na,0,1,stored_edge_orientation,0.509911916667,ExtraTrees,7f2cdf24e8baf50094c9eee85d5aabef357e1695572278cd624b47f0d1d88ba3,MODEL_AUDIT_REQUIRED_NOT_WRITTEN_BACK_TO_PERIODIC_GATE
edge_b9ea9feb8ea83b8b92d44b,pg_4475ded0b1d689bcc3,em_complete_0043_jid_43;em_complete_0481_jid_481,em_complete_0043_jid_43,Li,0,1,stored_edge_orientation,1.23989041667,ExtraTrees,7f2cdf24e8baf50094c9eee85d5aabef357e1695572278cd624b47f0d1d88ba3,MODEL_AUDIT_REQUIRED_NOT_WRITTEN_BACK_TO_PERIODIC_GATE
edge_b9f1c127bc15577d4759b4,pg_8fa38152fbe8956b86,em_complete_0001_jid_1,em_complete_0001_jid_1,Mg,0,1,stored_edge_orientation,1.25367608333,ExtraTrees,7f2cdf24e8baf50094c9eee85d5aabef357e1695572278cd624b47f0d1d88ba3,MODEL_AUDIT_REQUIRED_NOT_WRITTEN_BACK_TO_PERIODIC_GATE
edge_ba44ae346a841b51d9d857,pg_4475ded0b1d689bcc3,em_complete_0043_jid_43;em_complete_0481_jid_481,em_complete_0043_jid_43,Li,0,1,stored_edge_orientation,1.06525808333,ExtraTrees,7f2cdf24e8baf50094c9eee85d5aabef357e1695572278cd624b47f0d1d88ba3,MODEL_AUDIT_REQUIRED_NOT_WRITTEN_BACK_TO_PERIODIC_GATE
edge_bb1954b061fc9ad214bf75,pg_4475ded0b1d689bcc3,em_complete_0043_jid_43;em_complete_0481_jid_481,em_complete_0043_jid_43,Li,0,1,stored_edge_orientation,1.26309941667,ExtraTrees,7f2cdf24e8baf50094c9eee85d5aabef357e1695572278cd624b47f0d1d88ba3,MODEL_AUDIT_REQUIRED_NOT_WRITTEN_BACK_TO_PERIODIC_GATE
edge_bbeb6b443a51ede0dd3386,pg_4475ded0b1d689bcc3,em_complete_0043_jid_43;em_complete_0481_jid_481,em_complete_0043_jid_43,Li,0,1,stored_edge_orientation,1.22714375,ExtraTrees,7f2cdf24e8baf50094c9eee85d5aabef357e1695572278cd624b47f0d1d88ba3,MODEL_AUDIT_REQUIRED_NOT_WRITTEN_BACK_TO_PERIODIC_GATE
edge_bc380d21b7d51ead5f80f8,pg_4475ded0b1d689bcc3,em_complete_0043_jid_43;em_complete_0481_jid_481,em_complete_0043_jid_43,Li,0,1,stored_edge_orientation,1.165505,ExtraTrees,7f2cdf24e8baf50094c9eee85d5aabef357e1695572278cd624b47f0d1d88ba3,MODEL_AUDIT_REQUIRED_NOT_WRITTEN_BACK_TO_PERIODIC_GATE
edge_bcc5d1e63acae143c90893,pg_4475ded0b1d689bcc3,em_complete_0043_jid_43;em_complete_0481_jid_481,em_complete_0043_jid_43,Li,0,1,stored_edge_orientation,0.958534166667,ExtraTrees,7f2cdf24e8baf50094c9eee85d5aabef357e1695572278cd624b47f0d1d88ba3,MODEL_AUDIT_REQUIRED_NOT_WRITTEN_BACK_TO_PERIODIC_GATE
edge_bd4ce5708dfc43433db6b8,pg_8fa38152fbe8956b86,em_complete_0001_jid_1,em_complete_0001_jid_1,Mg,0,1,stored_edge_orientation,1.25367608333,ExtraTrees,7f2cdf24e8baf50094c9eee85d5aabef357e1695572278cd624b47f0d1d88ba3,MODEL_AUDIT_REQUIRED_NOT_WRITTEN_BACK_TO_PERIODIC_GATE
edge_bd4e68884ad01124399822,pg_4475ded0b1d689bcc3,em_complete_0043_jid_43;em_complete_0481_jid_481,em_complete_0043_jid_43,Li,0,1,stored_edge_orientation,1.22996833333,ExtraTrees,7f2cdf24e8baf50094c9eee85d5aabef357e1695572278cd624b47f0d1d88ba3,MODEL_AUDIT_REQUIRED_NOT_WRITTEN_BACK_TO_PERIODIC_GATE
edge_bd7cbb4546725d6728efbb,pg_4475ded0b1d689bcc3,em_complete_0043_jid_43;em_complete_0481_jid_481,em_complete_0043_jid_43,Li,0,1,stored_edge_orientation,1.06180308333,ExtraTrees,7f2cdf24e8baf50094c9eee85d5aabef357e1695572278cd624b47f0d1d88ba3,MODEL_AUDIT_REQUIRED_NOT_WRITTEN_BACK_TO_PERIODIC_GATE
edge_bdd9319bca86bfb2ef7680,pg_4475ded0b1d689bcc3,em_complete_0043_jid_43;em_complete_0481_jid_481,em_complete_0043_jid_43,Li,0,1,stored_edge_orientation,1.2466425,ExtraTrees,7f2cdf24e8baf50094c9eee85d5aabef357e1695572278cd624b47f0d1d88ba3,MODEL_AUDIT_REQUIRED_NOT_WRITTEN_BACK_TO_PERIODIC_GATE
edge_be18914c90004c851ae6b4,pg_20a00349bb6ec6a266,em_complete_0029_jid_29,em_complete_0029_jid_29,Na,0,1,stored_edge_orientation,0.509911916667,ExtraTrees,7f2cdf24e8baf50094c9eee85d5aabef357e1695572278cd624b47f0d1d88ba3,MODEL_AUDIT_REQUIRED_NOT_WRITTEN_BACK_TO_PERIODIC_GATE
edge_be3b42e7d11c9f59af2476,pg_20a00349bb6ec6a266,em_complete_0029_jid_29,em_complete_0029_jid_29,Na,0,1,stored_edge_orientation,0.509911916667,ExtraTrees,7f2cdf24e8baf50094c9eee85d5aabef357e1695572278cd624b47f0d1d88ba3,MODEL_AUDIT_REQUIRED_NOT_WRITTEN_BACK_TO_PERIODIC_GATE
edge_beb2af4599ac0d4ec62f3b,pg_4475ded0b1d689bcc3,em_complete_0043_jid_43;em_complete_0481_jid_481,em_complete_0043_jid_43,Li,0,1,stored_edge_orientation,1.2466425,ExtraTrees,7f2cdf24e8baf50094c9eee85d5aabef357e1695572278cd624b47f0d1d88ba3,MODEL_AUDIT_REQUIRED_NOT_WRITTEN_BACK_TO_PERIODIC_GATE
edge_bebd6b91dc5e8ecde260a5,pg_4475ded0b1d689bcc3,em_complete_0043_jid_43;em_complete_0481_jid_481,em_complete_0043_jid_43,Li,0,1,stored_edge_orientation,1.07111975,ExtraTrees,7f2cdf24e8baf50094c9eee85d5aabef357e1695572278cd624b47f0d1d88ba3,MODEL_AUDIT_REQUIRED_NOT_WRITTEN_BACK_TO_PERIODIC_GATE
edge_bedfcdf3a1e79ee6117657,pg_4475ded0b1d689bcc3,em_complete_0043_jid_43;em_complete_0481_jid_481,em_complete_0043_jid_43,Li,0,1,stored_edge_orientation,1.2466425,ExtraTrees,7f2cdf24e8baf50094c9eee85d5aabef357e1695572278cd624b47f0d1d88ba3,MODEL_AUDIT_REQUIRED_NOT_WRITTEN_BACK_TO_PERIODIC_GATE
edge_bf0d75d9b220a2afc45d64,pg_4475ded0b1d689bcc3,em_complete_0043_jid_43;em_complete_0481_jid_481,em_complete_0043_jid_43,Li,0,1,stored_edge_orientation,1.01716308333,ExtraTrees,7f2cdf24e8baf50094c9eee85d5aabef357e1695572278cd624b47f0d1d88ba3,MODEL_AUDIT_REQUIRED_NOT_WRITTEN_BACK_TO_PERIODIC_GATE
edge_c0b263d7f5c215e24c759f,pg_4475ded0b1d689bcc3,em_complete_0043_jid_43;em_complete_0481_jid_481,em_complete_0043_jid_43,Li,0,1,stored_edge_orientation,1.14673583333,ExtraTrees,7f2cdf24e8baf50094c9eee85d5aabef357e1695572278cd624b47f0d1d88ba3,MODEL_AUDIT_REQUIRED_NOT_WRITTEN_BACK_TO_PERIODIC_GATE
edge_c105003561c0f57a4d5100,pg_f8fcda589b7022b756,em_complete_0212_jid_212;em_complete_0345_jid_345,em_complete_0212_jid_212,Ca,0,1,stored_edge_orientation,1.67177116667,ExtraTrees,7f2cdf24e8baf50094c9eee85d5aabef357e1695572278cd624b47f0d1d88ba3,MODEL_AUDIT_REQUIRED_NOT_WRITTEN_BACK_TO_PERIODIC_GATE
edge_c1126cfe902b5bbec81f9c,pg_f8fcda589b7022b756,em_complete_0212_jid_212;em_complete_0345_jid_345,em_complete_0212_jid_212,Ca,0,1,stored_edge_orientation,1.67177116667,ExtraTrees,7f2cdf24e8baf50094c9eee85d5aabef357e1695572278cd624b47f0d1d88ba3,MODEL_AUDIT_REQUIRED_NOT_WRITTEN_BACK_TO_PERIODIC_GATE
edge_c1877e9e25c3791fdf7b69,pg_4475ded0b1d689bcc3,em_complete_0043_jid_43;em_complete_0481_jid_481,em_complete_0043_jid_43,Li,0,1,stored_edge_orientation,1.2466425,ExtraTrees,7f2cdf24e8baf50094c9eee85d5aabef357e1695572278cd624b47f0d1d88ba3,MODEL_AUDIT_REQUIRED_NOT_WRITTEN_BACK_TO_PERIODIC_GATE
edge_c28d349150e2c5fe802059,pg_4475ded0b1d689bcc3,em_complete_0043_jid_43;em_complete_0481_jid_481,em_complete_0043_jid_43,Li,0,1,stored_edge_orientation,1.14673583333,ExtraTrees,7f2cdf24e8baf50094c9eee85d5aabef357e1695572278cd624b47f0d1d88ba3,MODEL_AUDIT_REQUIRED_NOT_WRITTEN_BACK_TO_PERIODIC_GATE
edge_c4027eb80f528f6b821e7d,pg_4475ded0b1d689bcc3,em_complete_0043_jid_43;em_complete_0481_jid_481,em_complete_0043_jid_43,Li,0,1,stored_edge_orientation,1.30387541667,ExtraTrees,7f2cdf24e8baf50094c9eee85d5aabef357e1695572278cd624b47f0d1d88ba3,MODEL_AUDIT_REQUIRED_NOT_WRITTEN_BACK_TO_PERIODIC_GATE
edge_c40a9c11a76c4f0875a0a3,pg_4475ded0b1d689bcc3,em_complete_0043_jid_43;em_complete_0481_jid_481,em_complete_0043_jid_43,Li,0,1,stored_edge_orientation,1.33980041667,ExtraTrees,7f2cdf24e8baf50094c9eee85d5aabef357e1695572278cd624b47f0d1d88ba3,MODEL_AUDIT_REQUIRED_NOT_WRITTEN_BACK_TO_PERIODIC_GATE
edge_c42927a1163a28d220f544,pg_4475ded0b1d689bcc3,em_complete_0043_jid_43;em_complete_0481_jid_481,em_complete_0043_jid_43,Li,0,1,stored_edge_orientation,1.1488475,ExtraTrees,7f2cdf24e8baf50094c9eee85d5aabef357e1695572278cd624b47f0d1d88ba3,MODEL_AUDIT_REQUIRED_NOT_WRITTEN_BACK_TO_PERIODIC_GATE
edge_c48a280e07a4ebbd20a536,pg_4475ded0b1d689bcc3,em_complete_0043_jid_43;em_complete_0481_jid_481,em_complete_0043_jid_43,Li,0,1,stored_edge_orientation,1.23989041667,ExtraTrees,7f2cdf24e8baf50094c9eee85d5aabef357e1695572278cd624b47f0d1d88ba3,MODEL_AUDIT_REQUIRED_NOT_WRITTEN_BACK_TO_PERIODIC_GATE
edge_c492f02bbc3718d9ad940d,pg_20a00349bb6ec6a266,em_complete_0029_jid_29,em_complete_0029_jid_29,Na,0,1,stored_edge_orientation,0.15889625,ExtraTrees,7f2cdf24e8baf50094c9eee85d5aabef357e1695572278cd624b47f0d1d88ba3,MODEL_AUDIT_REQUIRED_NOT_WRITTEN_BACK_TO_PERIODIC_GATE
edge_c4fcd5c9c5dca77eeb6fbe,pg_4475ded0b1d689bcc3,em_complete_0043_jid_43;em_complete_0481_jid_481,em_complete_0043_jid_43,Li,0,1,stored_edge_orientation,1.2466425,ExtraTrees,7f2cdf24e8baf50094c9eee85d5aabef357e1695572278cd624b47f0d1d88ba3,MODEL_AUDIT_REQUIRED_NOT_WRITTEN_BACK_TO_PERIODIC_GATE
edge_c507f2e99743f47287c196,pg_4475ded0b1d689bcc3,em_complete_0043_jid_43;em_complete_0481_jid_481,em_complete_0043_jid_43,Li,0,1,stored_edge_orientation,1.25565358333,ExtraTrees,7f2cdf24e8baf50094c9eee85d5aabef357e1695572278cd624b47f0d1d88ba3,MODEL_AUDIT_REQUIRED_NOT_WRITTEN_BACK_TO_PERIODIC_GATE
edge_c56f72bce8155960364ce5,pg_20a00349bb6ec6a266,em_complete_0029_jid_29,em_complete_0029_jid_29,Na,0,1,stored_edge_orientation,0.435891666667,ExtraTrees,7f2cdf24e8baf50094c9eee85d5aabef357e1695572278cd624b47f0d1d88ba3,MODEL_AUDIT_REQUIRED_NOT_WRITTEN_BACK_TO_PERIODIC_GATE
edge_c5b618cd183cd6ae7d42c7,pg_20a00349bb6ec6a266,em_complete_0029_jid_29,em_complete_0029_jid_29,Na,0,1,stored_edge_orientation,0.438835833333,ExtraTrees,7f2cdf24e8baf50094c9eee85d5aabef357e1695572278cd624b47f0d1d88ba3,MODEL_AUDIT_REQUIRED_NOT_WRITTEN_BACK_TO_PERIODIC_GATE
edge_c5e885f93a613afec03597,pg_4475ded0b1d689bcc3,em_complete_0043_jid_43;em_complete_0481_jid_481,em_complete_0043_jid_43,Li,0,1,stored_edge_orientation,1.2466425,ExtraTrees,7f2cdf24e8baf50094c9eee85d5aabef357e1695572278cd624b47f0d1d88ba3,MODEL_AUDIT_REQUIRED_NOT_WRITTEN_BACK_TO_PERIODIC_GATE
edge_c72600ef31b61376c8f9e7,pg_4475ded0b1d689bcc3,em_complete_0043_jid_43;em_complete_0481_jid_481,em_complete_0043_jid_43,Li,0,1,stored_edge_orientation,1.24623,ExtraTrees,7f2cdf24e8baf50094c9eee85d5aabef357e1695572278cd624b47f0d1d88ba3,MODEL_AUDIT_REQUIRED_NOT_WRITTEN_BACK_TO_PERIODIC_GATE
edge_c7e950c184efe92ca8223a,pg_4475ded0b1d689bcc3,em_complete_0043_jid_43;em_complete_0481_jid_481,em_complete_0043_jid_43,Li,0,1,stored_edge_orientation,1.2466425,ExtraTrees,7f2cdf24e8baf50094c9eee85d5aabef357e1695572278cd624b47f0d1d88ba3,MODEL_AUDIT_REQUIRED_NOT_WRITTEN_BACK_TO_PERIODIC_GATE
edge_c810328c9677b94a10ed42,pg_4475ded0b1d689bcc3,em_complete_0043_jid_43;em_complete_0481_jid_481,em_complete_0043_jid_43,Li,0,1,stored_edge_orientation,1.24623,ExtraTrees,7f2cdf24e8baf50094c9eee85d5aabef357e1695572278cd624b47f0d1d88ba3,MODEL_AUDIT_REQUIRED_NOT_WRITTEN_BACK_TO_PERIODIC_GATE
edge_c84ae440a9a43e5620f778,pg_8fa38152fbe8956b86,em_complete_0001_jid_1,em_complete_0001_jid_1,Mg,0,1,stored_edge_orientation,1.25367608333,ExtraTrees,7f2cdf24e8baf50094c9eee85d5aabef357e1695572278cd624b47f0d1d88ba3,MODEL_AUDIT_REQUIRED_NOT_WRITTEN_BACK_TO_PERIODIC_GATE
edge_c86e78d712625ee0cd8341,pg_20a00349bb6ec6a266,em_complete_0029_jid_29,em_complete_0029_jid_29,Na,0,1,stored_edge_orientation,0.531298333333,ExtraTrees,7f2cdf24e8baf50094c9eee85d5aabef357e1695572278cd624b47f0d1d88ba3,MODEL_AUDIT_REQUIRED_NOT_WRITTEN_BACK_TO_PERIODIC_GATE
edge_c8825efa118081cea33d16,pg_20a00349bb6ec6a266,em_complete_0029_jid_29,em_complete_0029_jid_29,Na,0,1,stored_edge_orientation,0.509911916667,ExtraTrees,7f2cdf24e8baf50094c9eee85d5aabef357e1695572278cd624b47f0d1d88ba3,MODEL_AUDIT_REQUIRED_NOT_WRITTEN_BACK_TO_PERIODIC_GATE
edge_c8c0848ad1566e9ec0f247,pg_20a00349bb6ec6a266,em_complete_0029_jid_29,em_complete_0029_jid_29,Na,0,1,stored_edge_orientation,0.435891666667,ExtraTrees,7f2cdf24e8baf50094c9eee85d5aabef357e1695572278cd624b47f0d1d88ba3,MODEL_AUDIT_REQUIRED_NOT_WRITTEN_BACK_TO_PERIODIC_GATE
edge_c8cc4e86fc499c11764e0f,pg_4475ded0b1d689bcc3,em_complete_0043_jid_43;em_complete_0481_jid_481,em_complete_0043_jid_43,Li,0,1,stored_edge_orientation,1.22996833333,ExtraTrees,7f2cdf24e8baf50094c9eee85d5aabef357e1695572278cd624b47f0d1d88ba3,MODEL_AUDIT_REQUIRED_NOT_WRITTEN_BACK_TO_PERIODIC_GATE
edge_c9127690ea08e9fb1e5b5d,pg_4475ded0b1d689bcc3,em_complete_0043_jid_43;em_complete_0481_jid_481,em_complete_0043_jid_43,Li,0,1,stored_edge_orientation,1.23890708333,ExtraTrees,7f2cdf24e8baf50094c9eee85d5aabef357e1695572278cd624b47f0d1d88ba3,MODEL_AUDIT_REQUIRED_NOT_WRITTEN_BACK_TO_PERIODIC_GATE
edge_c92373c1596268ad0fa191,pg_4475ded0b1d689bcc3,em_complete_0043_jid_43;em_complete_0481_jid_481,em_complete_0043_jid_43,Li,0,1,stored_edge_orientation,1.23890708333,ExtraTrees,7f2cdf24e8baf50094c9eee85d5aabef357e1695572278cd624b47f0d1d88ba3,MODEL_AUDIT_REQUIRED_NOT_WRITTEN_BACK_TO_PERIODIC_GATE
edge_c924f48d1691675dccbb67,pg_4475ded0b1d689bcc3,em_complete_0043_jid_43;em_complete_0481_jid_481,em_complete_0043_jid_43,Li,0,1,stored_edge_orientation,1.26269858333,ExtraTrees,7f2cdf24e8baf50094c9eee85d5aabef357e1695572278cd624b47f0d1d88ba3,MODEL_AUDIT_REQUIRED_NOT_WRITTEN_BACK_TO_PERIODIC_GATE
edge_c97d3063b2f8eba7aad9b9,pg_20a00349bb6ec6a266,em_complete_0029_jid_29,em_complete_0029_jid_29,Na,0,1,stored_edge_orientation,0.435891666667,ExtraTrees,7f2cdf24e8baf50094c9eee85d5aabef357e1695572278cd624b47f0d1d88ba3,MODEL_AUDIT_REQUIRED_NOT_WRITTEN_BACK_TO_PERIODIC_GATE
edge_c9baefce7c7d18bce9ccf7,pg_20a00349bb6ec6a266,em_complete_0029_jid_29,em_complete_0029_jid_29,Na,0,1,stored_edge_orientation,0.438035833333,ExtraTrees,7f2cdf24e8baf50094c9eee85d5aabef357e1695572278cd624b47f0d1d88ba3,MODEL_AUDIT_REQUIRED_NOT_WRITTEN_BACK_TO_PERIODIC_GATE
edge_c9dc6ec8345e8dcc506a09,pg_4475ded0b1d689bcc3,em_complete_0043_jid_43;em_complete_0481_jid_481,em_complete_0043_jid_43,Li,0,1,stored_edge_orientation,1.1631025,ExtraTrees,7f2cdf24e8baf50094c9eee85d5aabef357e1695572278cd624b47f0d1d88ba3,MODEL_AUDIT_REQUIRED_NOT_WRITTEN_BACK_TO_PERIODIC_GATE
edge_ca4c0c9262022c97dfe66d,pg_4475ded0b1d689bcc3,em_complete_0043_jid_43;em_complete_0481_jid_481,em_complete_0043_jid_43,Li,0,1,stored_edge_orientation,1.06427475,ExtraTrees,7f2cdf24e8baf50094c9eee85d5aabef357e1695572278cd624b47f0d1d88ba3,MODEL_AUDIT_REQUIRED_NOT_WRITTEN_BACK_TO_PERIODIC_GATE
edge_cab30545f82bce97517510,pg_4475ded0b1d689bcc3,em_complete_0043_jid_43;em_complete_0481_jid_481,em_complete_0043_jid_43,Li,0,1,stored_edge_orientation,1.22996833333,ExtraTrees,7f2cdf24e8baf50094c9eee85d5aabef357e1695572278cd624b47f0d1d88ba3,MODEL_AUDIT_REQUIRED_NOT_WRITTEN_BACK_TO_PERIODIC_GATE
edge_cbbe081de558e4df9563cb,pg_4475ded0b1d689bcc3,em_complete_0043_jid_43;em_complete_0481_jid_481,em_complete_0043_jid_43,Li,0,1,stored_edge_orientation,1.34370708333,ExtraTrees,7f2cdf24e8baf50094c9eee85d5aabef357e1695572278cd624b47f0d1d88ba3,MODEL_AUDIT_REQUIRED_NOT_WRITTEN_BACK_TO_PERIODIC_GATE
edge_cce58596b3d9477a438487,pg_4475ded0b1d689bcc3,em_complete_0043_jid_43;em_complete_0481_jid_481,em_complete_0043_jid_43,Li,0,1,stored_edge_orientation,1.22996833333,ExtraTrees,7f2cdf24e8baf50094c9eee85d5aabef357e1695572278cd624b47f0d1d88ba3,MODEL_AUDIT_REQUIRED_NOT_WRITTEN_BACK_TO_PERIODIC_GATE
edge_cd07db064a139a3990b456,pg_4475ded0b1d689bcc3,em_complete_0043_jid_43;em_complete_0481_jid_481,em_complete_0043_jid_43,Li,0,1,stored_edge_orientation,1.147955,ExtraTrees,7f2cdf24e8baf50094c9eee85d5aabef357e1695572278cd624b47f0d1d88ba3,MODEL_AUDIT_REQUIRED_NOT_WRITTEN_BACK_TO_PERIODIC_GATE
edge_cd59334390bd6f1063d334,pg_4475ded0b1d689bcc3,em_complete_0043_jid_43;em_complete_0481_jid_481,em_complete_0043_jid_43,Li,0,1,stored_edge_orientation,1.23931958333,ExtraTrees,7f2cdf24e8baf50094c9eee85d5aabef357e1695572278cd624b47f0d1d88ba3,MODEL_AUDIT_REQUIRED_NOT_WRITTEN_BACK_TO_PERIODIC_GATE
edge_cd65f523d77914dc55b0dd,pg_20a00349bb6ec6a266,em_complete_0029_jid_29,em_complete_0029_jid_29,Na,0,1,stored_edge_orientation,0.509911916667,ExtraTrees,7f2cdf24e8baf50094c9eee85d5aabef357e1695572278cd624b47f0d1d88ba3,MODEL_AUDIT_REQUIRED_NOT_WRITTEN_BACK_TO_PERIODIC_GATE
edge_ce0dd5d2a2e7a53b94d4f1,pg_4475ded0b1d689bcc3,em_complete_0043_jid_43;em_complete_0481_jid_481,em_complete_0043_jid_43,Li,0,1,stored_edge_orientation,1.22996833333,ExtraTrees,7f2cdf24e8baf50094c9eee85d5aabef357e1695572278cd624b47f0d1d88ba3,MODEL_AUDIT_REQUIRED_NOT_WRITTEN_BACK_TO_PERIODIC_GATE
edge_ce9ab69efb971227f8d342,pg_20a00349bb6ec6a266,em_complete_0029_jid_29,em_complete_0029_jid_29,Na,0,1,stored_edge_orientation,0.435891666667,ExtraTrees,7f2cdf24e8baf50094c9eee85d5aabef357e1695572278cd624b47f0d1d88ba3,MODEL_AUDIT_REQUIRED_NOT_WRITTEN_BACK_TO_PERIODIC_GATE
edge_cea9fef12074682bea36f9,pg_4475ded0b1d689bcc3,em_complete_0043_jid_43;em_complete_0481_jid_481,em_complete_0043_jid_43,Li,0,1,stored_edge_orientation,1.2466425,ExtraTrees,7f2cdf24e8baf50094c9eee85d5aabef357e1695572278cd624b47f0d1d88ba3,MODEL_AUDIT_REQUIRED_NOT_WRITTEN_BACK_TO_PERIODIC_GATE
edge_ceb221ef8f0e645c2a2729,pg_4475ded0b1d689bcc3,em_complete_0043_jid_43;em_complete_0481_jid_481,em_complete_0043_jid_43,Li,0,1,stored_edge_orientation,1.2466425,ExtraTrees,7f2cdf24e8baf50094c9eee85d5aabef357e1695572278cd624b47f0d1d88ba3,MODEL_AUDIT_REQUIRED_NOT_WRITTEN_BACK_TO_PERIODIC_GATE
edge_ceccf6a90d2f77acd78ec1,pg_4475ded0b1d689bcc3,em_complete_0043_jid_43;em_complete_0481_jid_481,em_complete_0043_jid_43,Li,0,1,stored_edge_orientation,1.1631025,ExtraTrees,7f2cdf24e8baf50094c9eee85d5aabef357e1695572278cd624b47f0d1d88ba3,MODEL_AUDIT_REQUIRED_NOT_WRITTEN_BACK_TO_PERIODIC_GATE
edge_cf13d05c54e20cb19c57f0,pg_4475ded0b1d689bcc3,em_complete_0043_jid_43;em_complete_0481_jid_481,em_complete_0043_jid_43,Li,0,1,stored_edge_orientation,1.24623,ExtraTrees,7f2cdf24e8baf50094c9eee85d5aabef357e1695572278cd624b47f0d1d88ba3,MODEL_AUDIT_REQUIRED_NOT_WRITTEN_BACK_TO_PERIODIC_GATE
edge_cf71aa01a87e843004bc00,pg_4475ded0b1d689bcc3,em_complete_0043_jid_43;em_complete_0481_jid_481,em_complete_0043_jid_43,Li,0,1,stored_edge_orientation,1.07013641667,ExtraTrees,7f2cdf24e8baf50094c9eee85d5aabef357e1695572278cd624b47f0d1d88ba3,MODEL_AUDIT_REQUIRED_NOT_WRITTEN_BACK_TO_PERIODIC_GATE
edge_cf7e43be6cebc8da1f19cf,pg_4475ded0b1d689bcc3,em_complete_0043_jid_43;em_complete_0481_jid_481,em_complete_0043_jid_43,Li,0,1,stored_edge_orientation,1.07111975,ExtraTrees,7f2cdf24e8baf50094c9eee85d5aabef357e1695572278cd624b47f0d1d88ba3,MODEL_AUDIT_REQUIRED_NOT_WRITTEN_BACK_TO_PERIODIC_GATE
edge_cfccc37efdf7f1cbf45da8,pg_8fa38152fbe8956b86,em_complete_0001_jid_1,em_complete_0001_jid_1,Mg,0,1,reversed_to_occupied_start,0.3467125,ExtraTrees,7f2cdf24e8baf50094c9eee85d5aabef357e1695572278cd624b47f0d1d88ba3,MODEL_AUDIT_REQUIRED_NOT_WRITTEN_BACK_TO_PERIODIC_GATE
edge_cfd4e01bef180dca235a77,pg_f8fcda589b7022b756,em_complete_0212_jid_212;em_complete_0345_jid_345,em_complete_0212_jid_212,Ca,0,1,stored_edge_orientation,2.06272016667,ExtraTrees,7f2cdf24e8baf50094c9eee85d5aabef357e1695572278cd624b47f0d1d88ba3,MODEL_AUDIT_REQUIRED_NOT_WRITTEN_BACK_TO_PERIODIC_GATE
edge_d03c2ee7e9dacbb9425665,pg_4475ded0b1d689bcc3,em_complete_0043_jid_43;em_complete_0481_jid_481,em_complete_0043_jid_43,Li,0,1,stored_edge_orientation,1.34370708333,ExtraTrees,7f2cdf24e8baf50094c9eee85d5aabef357e1695572278cd624b47f0d1d88ba3,MODEL_AUDIT_REQUIRED_NOT_WRITTEN_BACK_TO_PERIODIC_GATE
edge_d05c0755a135531bd7de41,pg_4475ded0b1d689bcc3,em_complete_0043_jid_43;em_complete_0481_jid_481,em_complete_0043_jid_43,Li,0,1,stored_edge_orientation,1.34370708333,ExtraTrees,7f2cdf24e8baf50094c9eee85d5aabef357e1695572278cd624b47f0d1d88ba3,MODEL_AUDIT_REQUIRED_NOT_WRITTEN_BACK_TO_PERIODIC_GATE
edge_d0d3b5b7a63f45efb320bd,pg_4475ded0b1d689bcc3,em_complete_0043_jid_43;em_complete_0481_jid_481,em_complete_0043_jid_43,Li,0,1,stored_edge_orientation,1.22996833333,ExtraTrees,7f2cdf24e8baf50094c9eee85d5aabef357e1695572278cd624b47f0d1d88ba3,MODEL_AUDIT_REQUIRED_NOT_WRITTEN_BACK_TO_PERIODIC_GATE
edge_d0e0a29b7146ea85d57e8a,pg_20a00349bb6ec6a266,em_complete_0029_jid_29,em_complete_0029_jid_29,Na,0,1,stored_edge_orientation,0.531298333333,ExtraTrees,7f2cdf24e8baf50094c9eee85d5aabef357e1695572278cd624b47f0d1d88ba3,MODEL_AUDIT_REQUIRED_NOT_WRITTEN_BACK_TO_PERIODIC_GATE
edge_d18d2a7e0b425636a5fa77,pg_4475ded0b1d689bcc3,em_complete_0043_jid_43;em_complete_0481_jid_481,em_complete_0043_jid_43,Li,0,1,stored_edge_orientation,1.2466425,ExtraTrees,7f2cdf24e8baf50094c9eee85d5aabef357e1695572278cd624b47f0d1d88ba3,MODEL_AUDIT_REQUIRED_NOT_WRITTEN_BACK_TO_PERIODIC_GATE
edge_d1bca1dc5fd9cf863361f6,pg_20a00349bb6ec6a266,em_complete_0029_jid_29,em_complete_0029_jid_29,Na,0,1,stored_edge_orientation,0.511963583333,ExtraTrees,7f2cdf24e8baf50094c9eee85d5aabef357e1695572278cd624b47f0d1d88ba3,MODEL_AUDIT_REQUIRED_NOT_WRITTEN_BACK_TO_PERIODIC_GATE
edge_d1dc7131e72a4ae767bb16,pg_4475ded0b1d689bcc3,em_complete_0043_jid_43;em_complete_0481_jid_481,em_complete_0043_jid_43,Li,0,1,stored_edge_orientation,1.35898541667,ExtraTrees,7f2cdf24e8baf50094c9eee85d5aabef357e1695572278cd624b47f0d1d88ba3,MODEL_AUDIT_REQUIRED_NOT_WRITTEN_BACK_TO_PERIODIC_GATE
edge_d28bc99d2d10ee483e14a8,pg_20a00349bb6ec6a266,em_complete_0029_jid_29,em_complete_0029_jid_29,Na,0,1,stored_edge_orientation,0.509911916667,ExtraTrees,7f2cdf24e8baf50094c9eee85d5aabef357e1695572278cd624b47f0d1d88ba3,MODEL_AUDIT_REQUIRED_NOT_WRITTEN_BACK_TO_PERIODIC_GATE
edge_d3468770c002319e4ba70f,pg_4475ded0b1d689bcc3,em_complete_0043_jid_43;em_complete_0481_jid_481,em_complete_0043_jid_43,Li,0,1,stored_edge_orientation,1.24623,ExtraTrees,7f2cdf24e8baf50094c9eee85d5aabef357e1695572278cd624b47f0d1d88ba3,MODEL_AUDIT_REQUIRED_NOT_WRITTEN_BACK_TO_PERIODIC_GATE
edge_d3c68405d5d3d06352936f,pg_4475ded0b1d689bcc3,em_complete_0043_jid_43;em_complete_0481_jid_481,em_complete_0043_jid_43,Li,0,1,stored_edge_orientation,1.22996833333,ExtraTrees,7f2cdf24e8baf50094c9eee85d5aabef357e1695572278cd624b47f0d1d88ba3,MODEL_AUDIT_REQUIRED_NOT_WRITTEN_BACK_TO_PERIODIC_GATE
edge_d40b4ade62413c75e2af0b,pg_8fa38152fbe8956b86,em_complete_0001_jid_1,em_complete_0001_jid_1,Mg,0,1,reversed_to_occupied_start,0.3467125,ExtraTrees,7f2cdf24e8baf50094c9eee85d5aabef357e1695572278cd624b47f0d1d88ba3,MODEL_AUDIT_REQUIRED_NOT_WRITTEN_BACK_TO_PERIODIC_GATE
edge_d473319d7cb88e2070b871,pg_4475ded0b1d689bcc3,em_complete_0043_jid_43;em_complete_0481_jid_481,em_complete_0043_jid_43,Li,0,1,stored_edge_orientation,0.958534166667,ExtraTrees,7f2cdf24e8baf50094c9eee85d5aabef357e1695572278cd624b47f0d1d88ba3,MODEL_AUDIT_REQUIRED_NOT_WRITTEN_BACK_TO_PERIODIC_GATE
edge_d4e906572bbc559c320873,pg_4475ded0b1d689bcc3,em_complete_0043_jid_43;em_complete_0481_jid_481,em_complete_0043_jid_43,Li,0,1,stored_edge_orientation,1.06427475,ExtraTrees,7f2cdf24e8baf50094c9eee85d5aabef357e1695572278cd624b47f0d1d88ba3,MODEL_AUDIT_REQUIRED_NOT_WRITTEN_BACK_TO_PERIODIC_GATE
edge_d508678733470cc66ea42e,pg_20a00349bb6ec6a266,em_complete_0029_jid_29,em_complete_0029_jid_29,Na,0,1,stored_edge_orientation,0.1114325,ExtraTrees,7f2cdf24e8baf50094c9eee85d5aabef357e1695572278cd624b47f0d1d88ba3,MODEL_AUDIT_REQUIRED_NOT_WRITTEN_BACK_TO_PERIODIC_GATE
edge_d50a82b7317d58c5e72c36,pg_4475ded0b1d689bcc3,em_complete_0043_jid_43;em_complete_0481_jid_481,em_complete_0043_jid_43,Li,0,1,stored_edge_orientation,1.23890708333,ExtraTrees,7f2cdf24e8baf50094c9eee85d5aabef357e1695572278cd624b47f0d1d88ba3,MODEL_AUDIT_REQUIRED_NOT_WRITTEN_BACK_TO_PERIODIC_GATE
edge_d52bbab2e09f2889e482d0,pg_4475ded0b1d689bcc3,em_complete_0043_jid_43;em_complete_0481_jid_481,em_complete_0043_jid_43,Li,0,1,stored_edge_orientation,1.2466425,ExtraTrees,7f2cdf24e8baf50094c9eee85d5aabef357e1695572278cd624b47f0d1d88ba3,MODEL_AUDIT_REQUIRED_NOT_WRITTEN_BACK_TO_PERIODIC_GATE
edge_d532f9746c18e326712977,pg_4475ded0b1d689bcc3,em_complete_0043_jid_43;em_complete_0481_jid_481,em_complete_0043_jid_43,Li,0,1,stored_edge_orientation,1.22996833333,ExtraTrees,7f2cdf24e8baf50094c9eee85d5aabef357e1695572278cd624b47f0d1d88ba3,MODEL_AUDIT_REQUIRED_NOT_WRITTEN_BACK_TO_PERIODIC_GATE
edge_d54c44deb6d3b7972ef21e,pg_4475ded0b1d689bcc3,em_complete_0043_jid_43;em_complete_0481_jid_481,em_complete_0043_jid_43,Li,0,1,stored_edge_orientation,1.22996833333,ExtraTrees,7f2cdf24e8baf50094c9eee85d5aabef357e1695572278cd624b47f0d1d88ba3,MODEL_AUDIT_REQUIRED_NOT_WRITTEN_BACK_TO_PERIODIC_GATE
edge_d574110be8d430ce768248,pg_4475ded0b1d689bcc3,em_complete_0043_jid_43;em_complete_0481_jid_481,em_complete_0043_jid_43,Li,0,1,stored_edge_orientation,1.23931958333,ExtraTrees,7f2cdf24e8baf50094c9eee85d5aabef357e1695572278cd624b47f0d1d88ba3,MODEL_AUDIT_REQUIRED_NOT_WRITTEN_BACK_TO_PERIODIC_GATE
edge_d5ab9e7f1724dbb511d3e3,pg_4475ded0b1d689bcc3,em_complete_0043_jid_43;em_complete_0481_jid_481,em_complete_0043_jid_43,Li,0,1,reversed_to_occupied_start,0.98595325,ExtraTrees,7f2cdf24e8baf50094c9eee85d5aabef357e1695572278cd624b47f0d1d88ba3,MODEL_AUDIT_REQUIRED_NOT_WRITTEN_BACK_TO_PERIODIC_GATE
edge_d5c441b9bcbd4f0f3ed046,pg_4475ded0b1d689bcc3,em_complete_0043_jid_43;em_complete_0481_jid_481,em_complete_0043_jid_43,Li,0,1,stored_edge_orientation,1.22996833333,ExtraTrees,7f2cdf24e8baf50094c9eee85d5aabef357e1695572278cd624b47f0d1d88ba3,MODEL_AUDIT_REQUIRED_NOT_WRITTEN_BACK_TO_PERIODIC_GATE
edge_d5df34eb2454b7ab045fff,pg_4475ded0b1d689bcc3,em_complete_0043_jid_43;em_complete_0481_jid_481,em_complete_0043_jid_43,Li,0,1,stored_edge_orientation,1.22996833333,ExtraTrees,7f2cdf24e8baf50094c9eee85d5aabef357e1695572278cd624b47f0d1d88ba3,MODEL_AUDIT_REQUIRED_NOT_WRITTEN_BACK_TO_PERIODIC_GATE
edge_d6512617dddfd3f9f0d625,pg_4475ded0b1d689bcc3,em_complete_0043_jid_43;em_complete_0481_jid_481,em_complete_0043_jid_43,Li,0,1,stored_edge_orientation,1.24623,ExtraTrees,7f2cdf24e8baf50094c9eee85d5aabef357e1695572278cd624b47f0d1d88ba3,MODEL_AUDIT_REQUIRED_NOT_WRITTEN_BACK_TO_PERIODIC_GATE
edge_d71bb705368bafea9e404b,pg_4475ded0b1d689bcc3,em_complete_0043_jid_43;em_complete_0481_jid_481,em_complete_0043_jid_43,Li,0,1,stored_edge_orientation,1.32306041667,ExtraTrees,7f2cdf24e8baf50094c9eee85d5aabef357e1695572278cd624b47f0d1d88ba3,MODEL_AUDIT_REQUIRED_NOT_WRITTEN_BACK_TO_PERIODIC_GATE
edge_d74135e40e3c48efe410b5,pg_4475ded0b1d689bcc3,em_complete_0043_jid_43;em_complete_0481_jid_481,em_complete_0043_jid_43,Li,0,1,stored_edge_orientation,1.22996833333,ExtraTrees,7f2cdf24e8baf50094c9eee85d5aabef357e1695572278cd624b47f0d1d88ba3,MODEL_AUDIT_REQUIRED_NOT_WRITTEN_BACK_TO_PERIODIC_GATE
edge_d75e8de292f0cc558dd107,pg_4475ded0b1d689bcc3,em_complete_0043_jid_43;em_complete_0481_jid_481,em_complete_0043_jid_43,Li,0,1,stored_edge_orientation,1.22996833333,ExtraTrees,7f2cdf24e8baf50094c9eee85d5aabef357e1695572278cd624b47f0d1d88ba3,MODEL_AUDIT_REQUIRED_NOT_WRITTEN_BACK_TO_PERIODIC_GATE
edge_d78500316109d28337ad40,pg_20a00349bb6ec6a266,em_complete_0029_jid_29,em_complete_0029_jid_29,Na,0,1,stored_edge_orientation,0.435891666667,ExtraTrees,7f2cdf24e8baf50094c9eee85d5aabef357e1695572278cd624b47f0d1d88ba3,MODEL_AUDIT_REQUIRED_NOT_WRITTEN_BACK_TO_PERIODIC_GATE
edge_d86de1a420a28b34abd3d0,pg_4475ded0b1d689bcc3,em_complete_0043_jid_43;em_complete_0481_jid_481,em_complete_0043_jid_43,Li,0,1,reversed_to_occupied_start,0.395686166667,ExtraTrees,7f2cdf24e8baf50094c9eee85d5aabef357e1695572278cd624b47f0d1d88ba3,MODEL_AUDIT_REQUIRED_NOT_WRITTEN_BACK_TO_PERIODIC_GATE
edge_d8cf56c9b6bee4ed986b1c,pg_4475ded0b1d689bcc3,em_complete_0043_jid_43;em_complete_0481_jid_481,em_complete_0043_jid_43,Li,0,1,stored_edge_orientation,1.06525808333,ExtraTrees,7f2cdf24e8baf50094c9eee85d5aabef357e1695572278cd624b47f0d1d88ba3,MODEL_AUDIT_REQUIRED_NOT_WRITTEN_BACK_TO_PERIODIC_GATE
edge_d8e47cbeadf1e67c13751f,pg_4475ded0b1d689bcc3,em_complete_0043_jid_43;em_complete_0481_jid_481,em_complete_0043_jid_43,Li,0,1,stored_edge_orientation,1.2466425,ExtraTrees,7f2cdf24e8baf50094c9eee85d5aabef357e1695572278cd624b47f0d1d88ba3,MODEL_AUDIT_REQUIRED_NOT_WRITTEN_BACK_TO_PERIODIC_GATE
edge_d91911048f3bca50529bec,pg_4475ded0b1d689bcc3,em_complete_0043_jid_43;em_complete_0481_jid_481,em_complete_0043_jid_43,Li,0,1,stored_edge_orientation,1.24340541667,ExtraTrees,7f2cdf24e8baf50094c9eee85d5aabef357e1695572278cd624b47f0d1d88ba3,MODEL_AUDIT_REQUIRED_NOT_WRITTEN_BACK_TO_PERIODIC_GATE
edge_d9804518892ad5c1709e27,pg_4475ded0b1d689bcc3,em_complete_0043_jid_43;em_complete_0481_jid_481,em_complete_0043_jid_43,Li,0,1,stored_edge_orientation,1.25172441667,ExtraTrees,7f2cdf24e8baf50094c9eee85d5aabef357e1695572278cd624b47f0d1d88ba3,MODEL_AUDIT_REQUIRED_NOT_WRITTEN_BACK_TO_PERIODIC_GATE
edge_d98116cdba3856d88e40dc,pg_4475ded0b1d689bcc3,em_complete_0043_jid_43;em_complete_0481_jid_481,em_complete_0043_jid_43,Li,0,1,stored_edge_orientation,1.26269858333,ExtraTrees,7f2cdf24e8baf50094c9eee85d5aabef357e1695572278cd624b47f0d1d88ba3,MODEL_AUDIT_REQUIRED_NOT_WRITTEN_BACK_TO_PERIODIC_GATE
edge_da4e1e865543c8d55715cb,pg_f8fcda589b7022b756,em_complete_0212_jid_212;em_complete_0345_jid_345,em_complete_0212_jid_212,Ca,0,1,stored_edge_orientation,1.84810666667,ExtraTrees,7f2cdf24e8baf50094c9eee85d5aabef357e1695572278cd624b47f0d1d88ba3,MODEL_AUDIT_REQUIRED_NOT_WRITTEN_BACK_TO_PERIODIC_GATE
edge_dabab527af3b2e1f23e9be,pg_20a00349bb6ec6a266,em_complete_0029_jid_29,em_complete_0029_jid_29,Na,0,1,stored_edge_orientation,0.511963583333,ExtraTrees,7f2cdf24e8baf50094c9eee85d5aabef357e1695572278cd624b47f0d1d88ba3,MODEL_AUDIT_REQUIRED_NOT_WRITTEN_BACK_TO_PERIODIC_GATE
edge_dad3b43892a41b5cb25cc1,pg_20a00349bb6ec6a266,em_complete_0029_jid_29,em_complete_0029_jid_29,Na,0,1,stored_edge_orientation,0.511963583333,ExtraTrees,7f2cdf24e8baf50094c9eee85d5aabef357e1695572278cd624b47f0d1d88ba3,MODEL_AUDIT_REQUIRED_NOT_WRITTEN_BACK_TO_PERIODIC_GATE
edge_db2a8740d3888fdf935d99,pg_4475ded0b1d689bcc3,em_complete_0043_jid_43;em_complete_0481_jid_481,em_complete_0043_jid_43,Li,0,1,stored_edge_orientation,1.26497441667,ExtraTrees,7f2cdf24e8baf50094c9eee85d5aabef357e1695572278cd624b47f0d1d88ba3,MODEL_AUDIT_REQUIRED_NOT_WRITTEN_BACK_TO_PERIODIC_GATE
edge_db82879ca5b1b4bad6b546,pg_20a00349bb6ec6a266,em_complete_0029_jid_29,em_complete_0029_jid_29,Na,0,1,stored_edge_orientation,0.438035833333,ExtraTrees,7f2cdf24e8baf50094c9eee85d5aabef357e1695572278cd624b47f0d1d88ba3,MODEL_AUDIT_REQUIRED_NOT_WRITTEN_BACK_TO_PERIODIC_GATE
edge_dbb70828fc0e233b0cc5b8,pg_4475ded0b1d689bcc3,em_complete_0043_jid_43;em_complete_0481_jid_481,em_complete_0043_jid_43,Li,0,1,stored_edge_orientation,1.26269858333,ExtraTrees,7f2cdf24e8baf50094c9eee85d5aabef357e1695572278cd624b47f0d1d88ba3,MODEL_AUDIT_REQUIRED_NOT_WRITTEN_BACK_TO_PERIODIC_GATE
edge_dc7e385bb7cdec8151c3f1,pg_4475ded0b1d689bcc3,em_complete_0043_jid_43;em_complete_0481_jid_481,em_complete_0043_jid_43,Li,0,1,stored_edge_orientation,1.2466425,ExtraTrees,7f2cdf24e8baf50094c9eee85d5aabef357e1695572278cd624b47f0d1d88ba3,MODEL_AUDIT_REQUIRED_NOT_WRITTEN_BACK_TO_PERIODIC_GATE
edge_dcafa5e284685f87c63345,pg_4475ded0b1d689bcc3,em_complete_0043_jid_43;em_complete_0481_jid_481,em_complete_0043_jid_43,Li,0,1,stored_edge_orientation,1.18724683333,ExtraTrees,7f2cdf24e8baf50094c9eee85d5aabef357e1695572278cd624b47f0d1d88ba3,MODEL_AUDIT_REQUIRED_NOT_WRITTEN_BACK_TO_PERIODIC_GATE
edge_dcd680c9d9a7e0c337848a,pg_4475ded0b1d689bcc3,em_complete_0043_jid_43;em_complete_0481_jid_481,em_complete_0043_jid_43,Li,0,1,stored_edge_orientation,1.26497441667,ExtraTrees,7f2cdf24e8baf50094c9eee85d5aabef357e1695572278cd624b47f0d1d88ba3,MODEL_AUDIT_REQUIRED_NOT_WRITTEN_BACK_TO_PERIODIC_GATE
edge_dd5bea09c91119eb225d65,pg_4475ded0b1d689bcc3,em_complete_0043_jid_43;em_complete_0481_jid_481,em_complete_0043_jid_43,Li,0,1,stored_edge_orientation,1.22996833333,ExtraTrees,7f2cdf24e8baf50094c9eee85d5aabef357e1695572278cd624b47f0d1d88ba3,MODEL_AUDIT_REQUIRED_NOT_WRITTEN_BACK_TO_PERIODIC_GATE
edge_dd6757651061e84424068c,pg_4475ded0b1d689bcc3,em_complete_0043_jid_43;em_complete_0481_jid_481,em_complete_0043_jid_43,Li,0,1,stored_edge_orientation,1.2466425,ExtraTrees,7f2cdf24e8baf50094c9eee85d5aabef357e1695572278cd624b47f0d1d88ba3,MODEL_AUDIT_REQUIRED_NOT_WRITTEN_BACK_TO_PERIODIC_GATE
edge_ddd4c37cb9d8f917de07b8,pg_4475ded0b1d689bcc3,em_complete_0043_jid_43;em_complete_0481_jid_481,em_complete_0043_jid_43,Li,0,1,stored_edge_orientation,1.22996833333,ExtraTrees,7f2cdf24e8baf50094c9eee85d5aabef357e1695572278cd624b47f0d1d88ba3,MODEL_AUDIT_REQUIRED_NOT_WRITTEN_BACK_TO_PERIODIC_GATE
edge_ddea9fcbd0ba65776befb4,pg_20a00349bb6ec6a266,em_complete_0029_jid_29,em_complete_0029_jid_29,Na,0,1,stored_edge_orientation,0.531298333333,ExtraTrees,7f2cdf24e8baf50094c9eee85d5aabef357e1695572278cd624b47f0d1d88ba3,MODEL_AUDIT_REQUIRED_NOT_WRITTEN_BACK_TO_PERIODIC_GATE
edge_deb8d706c498acfa28b372,pg_4475ded0b1d689bcc3,em_complete_0043_jid_43;em_complete_0481_jid_481,em_complete_0043_jid_43,Li,0,1,stored_edge_orientation,1.2466425,ExtraTrees,7f2cdf24e8baf50094c9eee85d5aabef357e1695572278cd624b47f0d1d88ba3,MODEL_AUDIT_REQUIRED_NOT_WRITTEN_BACK_TO_PERIODIC_GATE
edge_df077f30b0c413761a1600,pg_4475ded0b1d689bcc3,em_complete_0043_jid_43;em_complete_0481_jid_481,em_complete_0043_jid_43,Li,0,1,stored_edge_orientation,1.06766475,ExtraTrees,7f2cdf24e8baf50094c9eee85d5aabef357e1695572278cd624b47f0d1d88ba3,MODEL_AUDIT_REQUIRED_NOT_WRITTEN_BACK_TO_PERIODIC_GATE
edge_e03128f0d9f7928acae083,pg_4475ded0b1d689bcc3,em_complete_0043_jid_43;em_complete_0481_jid_481,em_complete_0043_jid_43,Li,0,1,reversed_to_occupied_start,1.2186625,ExtraTrees,7f2cdf24e8baf50094c9eee85d5aabef357e1695572278cd624b47f0d1d88ba3,MODEL_AUDIT_REQUIRED_NOT_WRITTEN_BACK_TO_PERIODIC_GATE
edge_e034fc8f5a134afb71f09d,pg_4475ded0b1d689bcc3,em_complete_0043_jid_43;em_complete_0481_jid_481,em_complete_0043_jid_43,Li,0,1,stored_edge_orientation,1.2186625,ExtraTrees,7f2cdf24e8baf50094c9eee85d5aabef357e1695572278cd624b47f0d1d88ba3,MODEL_AUDIT_REQUIRED_NOT_WRITTEN_BACK_TO_PERIODIC_GATE
edge_e18adc54a17ab1a89a1f2f,pg_f8fcda589b7022b756,em_complete_0212_jid_212;em_complete_0345_jid_345,em_complete_0212_jid_212,Ca,0,1,stored_edge_orientation,2.05910516667,ExtraTrees,7f2cdf24e8baf50094c9eee85d5aabef357e1695572278cd624b47f0d1d88ba3,MODEL_AUDIT_REQUIRED_NOT_WRITTEN_BACK_TO_PERIODIC_GATE
edge_e1c6707b493d7e785cb49d,pg_4475ded0b1d689bcc3,em_complete_0043_jid_43;em_complete_0481_jid_481,em_complete_0043_jid_43,Li,0,1,stored_edge_orientation,1.22264541667,ExtraTrees,7f2cdf24e8baf50094c9eee85d5aabef357e1695572278cd624b47f0d1d88ba3,MODEL_AUDIT_REQUIRED_NOT_WRITTEN_BACK_TO_PERIODIC_GATE
edge_e205c642b3be337838aaf0,pg_f8fcda589b7022b756,em_complete_0212_jid_212;em_complete_0345_jid_345,em_complete_0212_jid_212,Ca,0,1,stored_edge_orientation,2.05910516667,ExtraTrees,7f2cdf24e8baf50094c9eee85d5aabef357e1695572278cd624b47f0d1d88ba3,MODEL_AUDIT_REQUIRED_NOT_WRITTEN_BACK_TO_PERIODIC_GATE
edge_e32cce62e95aff018f5a59,pg_4475ded0b1d689bcc3,em_complete_0043_jid_43;em_complete_0481_jid_481,em_complete_0043_jid_43,Li,0,1,stored_edge_orientation,1.14673583333,ExtraTrees,7f2cdf24e8baf50094c9eee85d5aabef357e1695572278cd624b47f0d1d88ba3,MODEL_AUDIT_REQUIRED_NOT_WRITTEN_BACK_TO_PERIODIC_GATE
edge_e36bad8d8b29cb94f43501,pg_4475ded0b1d689bcc3,em_complete_0043_jid_43;em_complete_0481_jid_481,em_complete_0043_jid_43,Li,0,1,reversed_to_occupied_start,1.05325475,ExtraTrees,7f2cdf24e8baf50094c9eee85d5aabef357e1695572278cd624b47f0d1d88ba3,MODEL_AUDIT_REQUIRED_NOT_WRITTEN_BACK_TO_PERIODIC_GATE
edge_e3ca37700d2ad4b0c7781b,pg_4475ded0b1d689bcc3,em_complete_0043_jid_43;em_complete_0481_jid_481,em_complete_0043_jid_43,Li,0,1,stored_edge_orientation,1.23691525,ExtraTrees,7f2cdf24e8baf50094c9eee85d5aabef357e1695572278cd624b47f0d1d88ba3,MODEL_AUDIT_REQUIRED_NOT_WRITTEN_BACK_TO_PERIODIC_GATE
edge_e43a008481364331d7a906,pg_4475ded0b1d689bcc3,em_complete_0043_jid_43;em_complete_0481_jid_481,em_complete_0043_jid_43,Li,0,1,stored_edge_orientation,1.24623,ExtraTrees,7f2cdf24e8baf50094c9eee85d5aabef357e1695572278cd624b47f0d1d88ba3,MODEL_AUDIT_REQUIRED_NOT_WRITTEN_BACK_TO_PERIODIC_GATE
edge_e475d319a09dea464016be,pg_20a00349bb6ec6a266,em_complete_0029_jid_29,em_complete_0029_jid_29,Na,0,1,stored_edge_orientation,0.509911916667,ExtraTrees,7f2cdf24e8baf50094c9eee85d5aabef357e1695572278cd624b47f0d1d88ba3,MODEL_AUDIT_REQUIRED_NOT_WRITTEN_BACK_TO_PERIODIC_GATE
edge_e4d27d519f50991940f811,pg_20a00349bb6ec6a266,em_complete_0029_jid_29,em_complete_0029_jid_29,Na,0,1,stored_edge_orientation,0.435891666667,ExtraTrees,7f2cdf24e8baf50094c9eee85d5aabef357e1695572278cd624b47f0d1d88ba3,MODEL_AUDIT_REQUIRED_NOT_WRITTEN_BACK_TO_PERIODIC_GATE
edge_e51a54e3cb8cd4cce7d7b9,pg_4475ded0b1d689bcc3,em_complete_0043_jid_43;em_complete_0481_jid_481,em_complete_0043_jid_43,Li,0,1,stored_edge_orientation,1.2466425,ExtraTrees,7f2cdf24e8baf50094c9eee85d5aabef357e1695572278cd624b47f0d1d88ba3,MODEL_AUDIT_REQUIRED_NOT_WRITTEN_BACK_TO_PERIODIC_GATE
edge_e5b8a16538b90c2afcadbe,pg_4475ded0b1d689bcc3,em_complete_0043_jid_43;em_complete_0481_jid_481,em_complete_0043_jid_43,Li,0,1,stored_edge_orientation,1.22996833333,ExtraTrees,7f2cdf24e8baf50094c9eee85d5aabef357e1695572278cd624b47f0d1d88ba3,MODEL_AUDIT_REQUIRED_NOT_WRITTEN_BACK_TO_PERIODIC_GATE
edge_e5fe9487ca780739319539,pg_20a00349bb6ec6a266,em_complete_0029_jid_29,em_complete_0029_jid_29,Na,0,1,stored_edge_orientation,0.42934125,ExtraTrees,7f2cdf24e8baf50094c9eee85d5aabef357e1695572278cd624b47f0d1d88ba3,MODEL_AUDIT_REQUIRED_NOT_WRITTEN_BACK_TO_PERIODIC_GATE
edge_e60eaab2518e7a0caa9ba5,pg_4475ded0b1d689bcc3,em_complete_0043_jid_43;em_complete_0481_jid_481,em_complete_0043_jid_43,Li,0,1,stored_edge_orientation,1.22996833333,ExtraTrees,7f2cdf24e8baf50094c9eee85d5aabef357e1695572278cd624b47f0d1d88ba3,MODEL_AUDIT_REQUIRED_NOT_WRITTEN_BACK_TO_PERIODIC_GATE
edge_e6b88fe6ce96cef1ecf468,pg_4475ded0b1d689bcc3,em_complete_0043_jid_43;em_complete_0481_jid_481,em_complete_0043_jid_43,Li,0,1,stored_edge_orientation,1.2466425,ExtraTrees,7f2cdf24e8baf50094c9eee85d5aabef357e1695572278cd624b47f0d1d88ba3,MODEL_AUDIT_REQUIRED_NOT_WRITTEN_BACK_TO_PERIODIC_GATE
edge_e6d25f0b7b2e2c478a7106,pg_4475ded0b1d689bcc3,em_complete_0043_jid_43;em_complete_0481_jid_481,em_complete_0043_jid_43,Li,0,1,stored_edge_orientation,1.22996833333,ExtraTrees,7f2cdf24e8baf50094c9eee85d5aabef357e1695572278cd624b47f0d1d88ba3,MODEL_AUDIT_REQUIRED_NOT_WRITTEN_BACK_TO_PERIODIC_GATE
edge_e72e8989f04fd75d2f4415,pg_4475ded0b1d689bcc3,em_complete_0043_jid_43;em_complete_0481_jid_481,em_complete_0043_jid_43,Li,0,1,stored_edge_orientation,1.2466425,ExtraTrees,7f2cdf24e8baf50094c9eee85d5aabef357e1695572278cd624b47f0d1d88ba3,MODEL_AUDIT_REQUIRED_NOT_WRITTEN_BACK_TO_PERIODIC_GATE
edge_e76253fa9417a7373e4ad5,pg_4475ded0b1d689bcc3,em_complete_0043_jid_43;em_complete_0481_jid_481,em_complete_0043_jid_43,Li,0,1,stored_edge_orientation,1.14673583333,ExtraTrees,7f2cdf24e8baf50094c9eee85d5aabef357e1695572278cd624b47f0d1d88ba3,MODEL_AUDIT_REQUIRED_NOT_WRITTEN_BACK_TO_PERIODIC_GATE
edge_e8086d146b07ba6b84e0c5,pg_4475ded0b1d689bcc3,em_complete_0043_jid_43;em_complete_0481_jid_481,em_complete_0043_jid_43,Li,0,1,stored_edge_orientation,1.07013641667,ExtraTrees,7f2cdf24e8baf50094c9eee85d5aabef357e1695572278cd624b47f0d1d88ba3,MODEL_AUDIT_REQUIRED_NOT_WRITTEN_BACK_TO_PERIODIC_GATE
edge_e848e15cec78349268c087,pg_20a00349bb6ec6a266,em_complete_0029_jid_29,em_complete_0029_jid_29,Na,0,1,stored_edge_orientation,0.531298333333,ExtraTrees,7f2cdf24e8baf50094c9eee85d5aabef357e1695572278cd624b47f0d1d88ba3,MODEL_AUDIT_REQUIRED_NOT_WRITTEN_BACK_TO_PERIODIC_GATE
edge_e8d89bcd9cdc17a538ac34,pg_4475ded0b1d689bcc3,em_complete_0043_jid_43;em_complete_0481_jid_481,em_complete_0043_jid_43,Li,0,1,stored_edge_orientation,1.06180308333,ExtraTrees,7f2cdf24e8baf50094c9eee85d5aabef357e1695572278cd624b47f0d1d88ba3,MODEL_AUDIT_REQUIRED_NOT_WRITTEN_BACK_TO_PERIODIC_GATE
edge_e8dc7b86ef19d4c1b8781b,pg_4475ded0b1d689bcc3,em_complete_0043_jid_43;em_complete_0481_jid_481,em_complete_0043_jid_43,Li,0,1,reversed_to_occupied_start,0.395686166667,ExtraTrees,7f2cdf24e8baf50094c9eee85d5aabef357e1695572278cd624b47f0d1d88ba3,MODEL_AUDIT_REQUIRED_NOT_WRITTEN_BACK_TO_PERIODIC_GATE
edge_e9373a321cca960d3022f0,pg_20a00349bb6ec6a266,em_complete_0029_jid_29,em_complete_0029_jid_29,Na,0,1,stored_edge_orientation,0.509911916667,ExtraTrees,7f2cdf24e8baf50094c9eee85d5aabef357e1695572278cd624b47f0d1d88ba3,MODEL_AUDIT_REQUIRED_NOT_WRITTEN_BACK_TO_PERIODIC_GATE
edge_e9529fef762c27038a2038,pg_20a00349bb6ec6a266,em_complete_0029_jid_29,em_complete_0029_jid_29,Na,0,1,stored_edge_orientation,0.509911916667,ExtraTrees,7f2cdf24e8baf50094c9eee85d5aabef357e1695572278cd624b47f0d1d88ba3,MODEL_AUDIT_REQUIRED_NOT_WRITTEN_BACK_TO_PERIODIC_GATE
edge_e9837a616d7503276738e5,pg_4475ded0b1d689bcc3,em_complete_0043_jid_43;em_complete_0481_jid_481,em_complete_0043_jid_43,Li,0,1,stored_edge_orientation,1.24340541667,ExtraTrees,7f2cdf24e8baf50094c9eee85d5aabef357e1695572278cd624b47f0d1d88ba3,MODEL_AUDIT_REQUIRED_NOT_WRITTEN_BACK_TO_PERIODIC_GATE
edge_ea54ae0a3dc6ef3dc110c5,pg_20a00349bb6ec6a266,em_complete_0029_jid_29,em_complete_0029_jid_29,Na,0,1,stored_edge_orientation,0.511963583333,ExtraTrees,7f2cdf24e8baf50094c9eee85d5aabef357e1695572278cd624b47f0d1d88ba3,MODEL_AUDIT_REQUIRED_NOT_WRITTEN_BACK_TO_PERIODIC_GATE
edge_ead7e6f4501a52ced76e75,pg_20a00349bb6ec6a266,em_complete_0029_jid_29,em_complete_0029_jid_29,Na,0,1,stored_edge_orientation,0.511963583333,ExtraTrees,7f2cdf24e8baf50094c9eee85d5aabef357e1695572278cd624b47f0d1d88ba3,MODEL_AUDIT_REQUIRED_NOT_WRITTEN_BACK_TO_PERIODIC_GATE
edge_eb15bc9a2487d72b7da164,pg_4475ded0b1d689bcc3,em_complete_0043_jid_43;em_complete_0481_jid_481,em_complete_0043_jid_43,Li,0,1,stored_edge_orientation,1.22996833333,ExtraTrees,7f2cdf24e8baf50094c9eee85d5aabef357e1695572278cd624b47f0d1d88ba3,MODEL_AUDIT_REQUIRED_NOT_WRITTEN_BACK_TO_PERIODIC_GATE
edge_eb868e35ab046dcafeb9a4,pg_4475ded0b1d689bcc3,em_complete_0043_jid_43;em_complete_0481_jid_481,em_complete_0043_jid_43,Li,0,1,stored_edge_orientation,1.2466425,ExtraTrees,7f2cdf24e8baf50094c9eee85d5aabef357e1695572278cd624b47f0d1d88ba3,MODEL_AUDIT_REQUIRED_NOT_WRITTEN_BACK_TO_PERIODIC_GATE
edge_eb8b4de9dfbaa02d92b48c,pg_4475ded0b1d689bcc3,em_complete_0043_jid_43;em_complete_0481_jid_481,em_complete_0043_jid_43,Li,0,1,stored_edge_orientation,1.16452166667,ExtraTrees,7f2cdf24e8baf50094c9eee85d5aabef357e1695572278cd624b47f0d1d88ba3,MODEL_AUDIT_REQUIRED_NOT_WRITTEN_BACK_TO_PERIODIC_GATE
edge_ebbd9d2be2beaf0905e186,pg_4475ded0b1d689bcc3,em_complete_0043_jid_43;em_complete_0481_jid_481,em_complete_0043_jid_43,Li,0,1,stored_edge_orientation,1.1631025,ExtraTrees,7f2cdf24e8baf50094c9eee85d5aabef357e1695572278cd624b47f0d1d88ba3,MODEL_AUDIT_REQUIRED_NOT_WRITTEN_BACK_TO_PERIODIC_GATE
edge_ebd9a3b57b12c78a0568b5,pg_4475ded0b1d689bcc3,em_complete_0043_jid_43;em_complete_0481_jid_481,em_complete_0043_jid_43,Li,0,1,stored_edge_orientation,1.1631025,ExtraTrees,7f2cdf24e8baf50094c9eee85d5aabef357e1695572278cd624b47f0d1d88ba3,MODEL_AUDIT_REQUIRED_NOT_WRITTEN_BACK_TO_PERIODIC_GATE
edge_ecb90092a1fd07d73a8acb,pg_4475ded0b1d689bcc3,em_complete_0043_jid_43;em_complete_0481_jid_481,em_complete_0043_jid_43,Li,0,1,stored_edge_orientation,1.06180308333,ExtraTrees,7f2cdf24e8baf50094c9eee85d5aabef357e1695572278cd624b47f0d1d88ba3,MODEL_AUDIT_REQUIRED_NOT_WRITTEN_BACK_TO_PERIODIC_GATE
edge_ed59ef8da2208dc7172229,pg_4475ded0b1d689bcc3,em_complete_0043_jid_43;em_complete_0481_jid_481,em_complete_0043_jid_43,Li,0,1,stored_edge_orientation,1.2466425,ExtraTrees,7f2cdf24e8baf50094c9eee85d5aabef357e1695572278cd624b47f0d1d88ba3,MODEL_AUDIT_REQUIRED_NOT_WRITTEN_BACK_TO_PERIODIC_GATE
edge_edab61879912d28dc3c01a,pg_20a00349bb6ec6a266,em_complete_0029_jid_29,em_complete_0029_jid_29,Na,0,1,stored_edge_orientation,0.509911916667,ExtraTrees,7f2cdf24e8baf50094c9eee85d5aabef357e1695572278cd624b47f0d1d88ba3,MODEL_AUDIT_REQUIRED_NOT_WRITTEN_BACK_TO_PERIODIC_GATE
edge_ee96bc04ede47bb9359b4c,pg_4475ded0b1d689bcc3,em_complete_0043_jid_43;em_complete_0481_jid_481,em_complete_0043_jid_43,Li,0,1,stored_edge_orientation,1.24623,ExtraTrees,7f2cdf24e8baf50094c9eee85d5aabef357e1695572278cd624b47f0d1d88ba3,MODEL_AUDIT_REQUIRED_NOT_WRITTEN_BACK_TO_PERIODIC_GATE
edge_eed122b66b517288ffc6a5,pg_20a00349bb6ec6a266,em_complete_0029_jid_29,em_complete_0029_jid_29,Na,0,1,stored_edge_orientation,0.44098,ExtraTrees,7f2cdf24e8baf50094c9eee85d5aabef357e1695572278cd624b47f0d1d88ba3,MODEL_AUDIT_REQUIRED_NOT_WRITTEN_BACK_TO_PERIODIC_GATE
edge_ef479b563456c9ef41bd80,pg_f8fcda589b7022b756,em_complete_0212_jid_212;em_complete_0345_jid_345,em_complete_0212_jid_212,Ca,0,1,stored_edge_orientation,1.67177116667,ExtraTrees,7f2cdf24e8baf50094c9eee85d5aabef357e1695572278cd624b47f0d1d88ba3,MODEL_AUDIT_REQUIRED_NOT_WRITTEN_BACK_TO_PERIODIC_GATE
edge_efbb118929bf25a465e941,pg_4475ded0b1d689bcc3,em_complete_0043_jid_43;em_complete_0481_jid_481,em_complete_0043_jid_43,Li,0,1,stored_edge_orientation,1.06766475,ExtraTrees,7f2cdf24e8baf50094c9eee85d5aabef357e1695572278cd624b47f0d1d88ba3,MODEL_AUDIT_REQUIRED_NOT_WRITTEN_BACK_TO_PERIODIC_GATE
edge_efc358f54a0a42f304dd8b,pg_4475ded0b1d689bcc3,em_complete_0043_jid_43;em_complete_0481_jid_481,em_complete_0043_jid_43,Li,0,1,stored_edge_orientation,1.25172441667,ExtraTrees,7f2cdf24e8baf50094c9eee85d5aabef357e1695572278cd624b47f0d1d88ba3,MODEL_AUDIT_REQUIRED_NOT_WRITTEN_BACK_TO_PERIODIC_GATE
edge_efd9f6d6a4b995a2fc507b,pg_4475ded0b1d689bcc3,em_complete_0043_jid_43;em_complete_0481_jid_481,em_complete_0043_jid_43,Li,0,1,stored_edge_orientation,1.22264541667,ExtraTrees,7f2cdf24e8baf50094c9eee85d5aabef357e1695572278cd624b47f0d1d88ba3,MODEL_AUDIT_REQUIRED_NOT_WRITTEN_BACK_TO_PERIODIC_GATE
edge_f03a51d3f8569a980efe1e,pg_20a00349bb6ec6a266,em_complete_0029_jid_29,em_complete_0029_jid_29,Na,0,1,stored_edge_orientation,0.44098,ExtraTrees,7f2cdf24e8baf50094c9eee85d5aabef357e1695572278cd624b47f0d1d88ba3,MODEL_AUDIT_REQUIRED_NOT_WRITTEN_BACK_TO_PERIODIC_GATE
edge_f0bc5fe5649ebb8c4ba277,pg_20a00349bb6ec6a266,em_complete_0029_jid_29,em_complete_0029_jid_29,Na,0,1,stored_edge_orientation,0.509911916667,ExtraTrees,7f2cdf24e8baf50094c9eee85d5aabef357e1695572278cd624b47f0d1d88ba3,MODEL_AUDIT_REQUIRED_NOT_WRITTEN_BACK_TO_PERIODIC_GATE
edge_f1e7f75448a5e320515e05,pg_8fa38152fbe8956b86,em_complete_0001_jid_1,em_complete_0001_jid_1,Mg,0,1,stored_edge_orientation,1.25367608333,ExtraTrees,7f2cdf24e8baf50094c9eee85d5aabef357e1695572278cd624b47f0d1d88ba3,MODEL_AUDIT_REQUIRED_NOT_WRITTEN_BACK_TO_PERIODIC_GATE
edge_f251f3b9ea013c6a0eab62,pg_f8fcda589b7022b756,em_complete_0212_jid_212;em_complete_0345_jid_345,em_complete_0212_jid_212,Ca,0,1,stored_edge_orientation,2.05910516667,ExtraTrees,7f2cdf24e8baf50094c9eee85d5aabef357e1695572278cd624b47f0d1d88ba3,MODEL_AUDIT_REQUIRED_NOT_WRITTEN_BACK_TO_PERIODIC_GATE
edge_f33cc56325ee56beb0e512,pg_20a00349bb6ec6a266,em_complete_0029_jid_29,em_complete_0029_jid_29,Na,0,1,stored_edge_orientation,0.511963583333,ExtraTrees,7f2cdf24e8baf50094c9eee85d5aabef357e1695572278cd624b47f0d1d88ba3,MODEL_AUDIT_REQUIRED_NOT_WRITTEN_BACK_TO_PERIODIC_GATE
edge_f44898fa91d1bfb0820cfd,pg_4475ded0b1d689bcc3,em_complete_0043_jid_43;em_complete_0481_jid_481,em_complete_0043_jid_43,Li,0,1,stored_edge_orientation,1.184801,ExtraTrees,7f2cdf24e8baf50094c9eee85d5aabef357e1695572278cd624b47f0d1d88ba3,MODEL_AUDIT_REQUIRED_NOT_WRITTEN_BACK_TO_PERIODIC_GATE
edge_f45acc5c9c3eb531c075b7,pg_4475ded0b1d689bcc3,em_complete_0043_jid_43;em_complete_0481_jid_481,em_complete_0043_jid_43,Li,0,1,stored_edge_orientation,1.07013641667,ExtraTrees,7f2cdf24e8baf50094c9eee85d5aabef357e1695572278cd624b47f0d1d88ba3,MODEL_AUDIT_REQUIRED_NOT_WRITTEN_BACK_TO_PERIODIC_GATE
edge_f4646f6d5a66a3d2f6889e,pg_20a00349bb6ec6a266,em_complete_0029_jid_29,em_complete_0029_jid_29,Na,0,1,stored_edge_orientation,0.435891666667,ExtraTrees,7f2cdf24e8baf50094c9eee85d5aabef357e1695572278cd624b47f0d1d88ba3,MODEL_AUDIT_REQUIRED_NOT_WRITTEN_BACK_TO_PERIODIC_GATE
edge_f4a349b709d585f4333b6e,pg_4475ded0b1d689bcc3,em_complete_0043_jid_43;em_complete_0481_jid_481,em_complete_0043_jid_43,Li,0,1,reversed_to_occupied_start,0.831118583333,ExtraTrees,7f2cdf24e8baf50094c9eee85d5aabef357e1695572278cd624b47f0d1d88ba3,MODEL_AUDIT_REQUIRED_NOT_WRITTEN_BACK_TO_PERIODIC_GATE
edge_f585dd4dda2de2d8c13273,pg_4475ded0b1d689bcc3,em_complete_0043_jid_43;em_complete_0481_jid_481,em_complete_0043_jid_43,Li,0,1,reversed_to_occupied_start,0.831118583333,ExtraTrees,7f2cdf24e8baf50094c9eee85d5aabef357e1695572278cd624b47f0d1d88ba3,MODEL_AUDIT_REQUIRED_NOT_WRITTEN_BACK_TO_PERIODIC_GATE
edge_f5d20beabf12b553fff411,pg_4475ded0b1d689bcc3,em_complete_0043_jid_43;em_complete_0481_jid_481,em_complete_0043_jid_43,Li,0,1,stored_edge_orientation,1.22996833333,ExtraTrees,7f2cdf24e8baf50094c9eee85d5aabef357e1695572278cd624b47f0d1d88ba3,MODEL_AUDIT_REQUIRED_NOT_WRITTEN_BACK_TO_PERIODIC_GATE
edge_f6243c82c5afa42dee1911,pg_20a00349bb6ec6a266,em_complete_0029_jid_29,em_complete_0029_jid_29,Na,0,1,stored_edge_orientation,0.509911916667,ExtraTrees,7f2cdf24e8baf50094c9eee85d5aabef357e1695572278cd624b47f0d1d88ba3,MODEL_AUDIT_REQUIRED_NOT_WRITTEN_BACK_TO_PERIODIC_GATE
edge_f6f3b01d0bbef5b805c590,pg_4475ded0b1d689bcc3,em_complete_0043_jid_43;em_complete_0481_jid_481,em_complete_0043_jid_43,Li,0,1,stored_edge_orientation,1.16452166667,ExtraTrees,7f2cdf24e8baf50094c9eee85d5aabef357e1695572278cd624b47f0d1d88ba3,MODEL_AUDIT_REQUIRED_NOT_WRITTEN_BACK_TO_PERIODIC_GATE
edge_f7eaacb9f677a0e6378de3,pg_4475ded0b1d689bcc3,em_complete_0043_jid_43;em_complete_0481_jid_481,em_complete_0043_jid_43,Li,0,1,stored_edge_orientation,1.25359941667,ExtraTrees,7f2cdf24e8baf50094c9eee85d5aabef357e1695572278cd624b47f0d1d88ba3,MODEL_AUDIT_REQUIRED_NOT_WRITTEN_BACK_TO_PERIODIC_GATE
edge_f83de46fbd71f51e288692,pg_20a00349bb6ec6a266,em_complete_0029_jid_29,em_complete_0029_jid_29,Na,0,1,stored_edge_orientation,0.509911916667,ExtraTrees,7f2cdf24e8baf50094c9eee85d5aabef357e1695572278cd624b47f0d1d88ba3,MODEL_AUDIT_REQUIRED_NOT_WRITTEN_BACK_TO_PERIODIC_GATE
edge_f960ae4b86d00ea8a41df9,pg_4475ded0b1d689bcc3,em_complete_0043_jid_43;em_complete_0481_jid_481,em_complete_0043_jid_43,Li,0,1,stored_edge_orientation,1.06428808333,ExtraTrees,7f2cdf24e8baf50094c9eee85d5aabef357e1695572278cd624b47f0d1d88ba3,MODEL_AUDIT_REQUIRED_NOT_WRITTEN_BACK_TO_PERIODIC_GATE
edge_f989c6b4280f3d04eedd69,pg_4475ded0b1d689bcc3,em_complete_0043_jid_43;em_complete_0481_jid_481,em_complete_0043_jid_43,Li,0,1,stored_edge_orientation,1.05860225,ExtraTrees,7f2cdf24e8baf50094c9eee85d5aabef357e1695572278cd624b47f0d1d88ba3,MODEL_AUDIT_REQUIRED_NOT_WRITTEN_BACK_TO_PERIODIC_GATE
edge_f99f3eb9e5aa500116ffe5,pg_4475ded0b1d689bcc3,em_complete_0043_jid_43;em_complete_0481_jid_481,em_complete_0043_jid_43,Li,0,1,reversed_to_occupied_start,1.2186625,ExtraTrees,7f2cdf24e8baf50094c9eee85d5aabef357e1695572278cd624b47f0d1d88ba3,MODEL_AUDIT_REQUIRED_NOT_WRITTEN_BACK_TO_PERIODIC_GATE
edge_fa583951e559544d3ecf03,pg_4475ded0b1d689bcc3,em_complete_0043_jid_43;em_complete_0481_jid_481,em_complete_0043_jid_43,Li,0,1,stored_edge_orientation,1.25565358333,ExtraTrees,7f2cdf24e8baf50094c9eee85d5aabef357e1695572278cd624b47f0d1d88ba3,MODEL_AUDIT_REQUIRED_NOT_WRITTEN_BACK_TO_PERIODIC_GATE
edge_fadfb9ce33b7e5fc043758,pg_8fa38152fbe8956b86,em_complete_0001_jid_1,em_complete_0001_jid_1,Mg,0,1,stored_edge_orientation,1.25367608333,ExtraTrees,7f2cdf24e8baf50094c9eee85d5aabef357e1695572278cd624b47f0d1d88ba3,MODEL_AUDIT_REQUIRED_NOT_WRITTEN_BACK_TO_PERIODIC_GATE
edge_faff79484447d43ad66963,pg_20a00349bb6ec6a266,em_complete_0029_jid_29,em_complete_0029_jid_29,Na,0,1,stored_edge_orientation,0.509911916667,ExtraTrees,7f2cdf24e8baf50094c9eee85d5aabef357e1695572278cd624b47f0d1d88ba3,MODEL_AUDIT_REQUIRED_NOT_WRITTEN_BACK_TO_PERIODIC_GATE
edge_fbc60f73922e1cc0fef572,pg_4475ded0b1d689bcc3,em_complete_0043_jid_43;em_complete_0481_jid_481,em_complete_0043_jid_43,Li,0,1,stored_edge_orientation,1.1488475,ExtraTrees,7f2cdf24e8baf50094c9eee85d5aabef357e1695572278cd624b47f0d1d88ba3,MODEL_AUDIT_REQUIRED_NOT_WRITTEN_BACK_TO_PERIODIC_GATE
edge_fc1e2b4a04ef37706644e6,pg_4475ded0b1d689bcc3,em_complete_0043_jid_43;em_complete_0481_jid_481,em_complete_0043_jid_43,Li,0,1,stored_edge_orientation,1.06427475,ExtraTrees,7f2cdf24e8baf50094c9eee85d5aabef357e1695572278cd624b47f0d1d88ba3,MODEL_AUDIT_REQUIRED_NOT_WRITTEN_BACK_TO_PERIODIC_GATE
edge_fc30f3088ff4e1e292bf9a,pg_20a00349bb6ec6a266,em_complete_0029_jid_29,em_complete_0029_jid_29,Na,0,1,stored_edge_orientation,0.511963583333,ExtraTrees,7f2cdf24e8baf50094c9eee85d5aabef357e1695572278cd624b47f0d1d88ba3,MODEL_AUDIT_REQUIRED_NOT_WRITTEN_BACK_TO_PERIODIC_GATE
edge_fc4f676c6fb4da2e91b34c,pg_20a00349bb6ec6a266,em_complete_0029_jid_29,em_complete_0029_jid_29,Na,0,1,stored_edge_orientation,0.509911916667,ExtraTrees,7f2cdf24e8baf50094c9eee85d5aabef357e1695572278cd624b47f0d1d88ba3,MODEL_AUDIT_REQUIRED_NOT_WRITTEN_BACK_TO_PERIODIC_GATE
edge_fd27684a86d4c62aeb07b4,pg_20a00349bb6ec6a266,em_complete_0029_jid_29,em_complete_0029_jid_29,Na,0,1,stored_edge_orientation,0.509911916667,ExtraTrees,7f2cdf24e8baf50094c9eee85d5aabef357e1695572278cd624b47f0d1d88ba3,MODEL_AUDIT_REQUIRED_NOT_WRITTEN_BACK_TO_PERIODIC_GATE
edge_fd2b2c1ccb1e2cad6ff505,pg_20a00349bb6ec6a266,em_complete_0029_jid_29,em_complete_0029_jid_29,Na,0,1,stored_edge_orientation,0.509911916667,ExtraTrees,7f2cdf24e8baf50094c9eee85d5aabef357e1695572278cd624b47f0d1d88ba3,MODEL_AUDIT_REQUIRED_NOT_WRITTEN_BACK_TO_PERIODIC_GATE
edge_fdac5a20860c09458ba90b,pg_4475ded0b1d689bcc3,em_complete_0043_jid_43;em_complete_0481_jid_481,em_complete_0043_jid_43,Li,0,1,stored_edge_orientation,1.22996833333,ExtraTrees,7f2cdf24e8baf50094c9eee85d5aabef357e1695572278cd624b47f0d1d88ba3,MODEL_AUDIT_REQUIRED_NOT_WRITTEN_BACK_TO_PERIODIC_GATE
edge_fe816ea1136e39ef9960fb,pg_4475ded0b1d689bcc3,em_complete_0043_jid_43;em_complete_0481_jid_481,em_complete_0043_jid_43,Li,0,1,stored_edge_orientation,1.22264541667,ExtraTrees,7f2cdf24e8baf50094c9eee85d5aabef357e1695572278cd624b47f0d1d88ba3,MODEL_AUDIT_REQUIRED_NOT_WRITTEN_BACK_TO_PERIODIC_GATE
edge_fe9da1c4e67e4e169f9480,pg_4475ded0b1d689bcc3,em_complete_0043_jid_43;em_complete_0481_jid_481,em_complete_0043_jid_43,Li,0,1,reversed_to_occupied_start,1.2186625,ExtraTrees,7f2cdf24e8baf50094c9eee85d5aabef357e1695572278cd624b47f0d1d88ba3,MODEL_AUDIT_REQUIRED_NOT_WRITTEN_BACK_TO_PERIODIC_GATE
edge_feb7d9b8674b809ea3b28d,pg_4475ded0b1d689bcc3,em_complete_0043_jid_43;em_complete_0481_jid_481,em_complete_0043_jid_43,Li,0,1,stored_edge_orientation,1.24623,ExtraTrees,7f2cdf24e8baf50094c9eee85d5aabef357e1695572278cd624b47f0d1d88ba3,MODEL_AUDIT_REQUIRED_NOT_WRITTEN_BACK_TO_PERIODIC_GATE
